Domain,Month,GDELT_URL
asuhornettribune.com,March 2025,https://api.gdeltproject.org/api/v2/doc/doc?query=domain:asuhornettribune.com&mode=artlist&maxrecords=250&format=json&DATE=202503
asuhornettribune.com,February 2025,https://api.gdeltproject.org/api/v2/doc/doc?query=domain:asuhornettribune.com&mode=artlist&maxrecords=250&format=json&DATE=202502
asuhornettribune.com,January 2025,https://api.gdeltproject.org/api/v2/doc/doc?query=domain:asuhornettribune.com&mode=artlist&maxrecords=250&format=json&DATE=202501
asuhornettribune.com,December 2024,https://api.gdeltproject.org/api/v2/doc/doc?query=domain:asuhornettribune.com&mode=artlist&maxrecords=250&format=json&DATE=202412
asuhornettribune.com,November 2024,https://api.gdeltproject.org/api/v2/doc/doc?query=domain:asuhornettribune.com&mode=artlist&maxrecords=250&format=json&DATE=202411
asuhornettribune.com,October 2024,https://api.gdeltproject.org/api/v2/doc/doc?query=domain:asuhornettribune.com&mode=artlist&maxrecords=250&format=json&DATE=202410
asuhornettribune.com,September 2024,https://api.gdeltproject.org/api/v2/doc/doc?query=domain:asuhornettribune.com&mode=artlist&maxrecords=250&format=json&DATE=202409
asuhornettribune.com,August 2024,https://api.gdeltproject.org/api/v2/doc/doc?query=domain:asuhornettribune.com&mode=artlist&maxrecords=250&format=json&DATE=202408
asuhornettribune.com,July 2024,https://api.gdeltproject.org/api/v2/doc/doc?query=domain:asuhornettribune.com&mode=artlist&maxrecords=250&format=json&DATE=202407
asuhornettribune.com,June 2024,https://api.gdeltproject.org/api/v2/doc/doc?query=domain:asuhornettribune.com&mode=artlist&maxrecords=250&format=json&DATE=202406
asuhornettribune.com,May 2024,https://api.gdeltproject.org/api/v2/doc/doc?query=domain:asuhornettribune.com&mode=artlist&maxrecords=250&format=json&DATE=202405
asuhornettribune.com,April 2024,https://api.gdeltproject.org/api/v2/doc/doc?query=domain:asuhornettribune.com&mode=artlist&maxrecords=250&format=json&DATE=202404
www.wvua23.com,March 2025,https://api.gdeltproject.org/api/v2/doc/doc?query=domain:www.wvua23.com&mode=artlist&maxrecords=250&format=json&DATE=202503
www.wvua23.com,February 2025,https://api.gdeltproject.org/api/v2/doc/doc?query=domain:www.wvua23.com&mode=artlist&maxrecords=250&format=json&DATE=202502
www.wvua23.com,January 2025,https://api.gdeltproject.org/api/v2/doc/doc?query=domain:www.wvua23.com&mode=artlist&maxrecords=250&format=json&DATE=202501
www.wvua23.com,December 2024,https://api.gdeltproject.org/api/v2/doc/doc?query=domain:www.wvua23.com&mode=artlist&maxrecords=250&format=json&DATE=202412
www.wvua23.com,November 2024,https://api.gdeltproject.org/api/v2/doc/doc?query=domain:www.wvua23.com&mode=artlist&maxrecords=250&format=json&DATE=202411
www.wvua23.com,October 2024,https://api.gdeltproject.org/api/v2/doc/doc?query=domain:www.wvua23.com&mode=artlist&maxrecords=250&format=json&DATE=202410
www.wvua23.com,September 2024,https://api.gdeltproject.org/api/v2/doc/doc?query=domain:www.wvua23.com&mode=artlist&maxrecords=250&format=json&DATE=202409
www.wvua23.com,August 2024,https://api.gdeltproject.org/api/v2/doc/doc?query=domain:www.wvua23.com&mode=artlist&maxrecords=250&format=json&DATE=202408
www.wvua23.com,July 2024,https://api.gdeltproject.org/api/v2/doc/doc?query=domain:www.wvua23.com&mode=artlist&maxrecords=250&format=json&DATE=202407
www.wvua23.com,June 2024,https://api.gdeltproject.org/api/v2/doc/doc?query=domain:www.wvua23.com&mode=artlist&maxrecords=250&format=json&DATE=202406
www.wvua23.com,May 2024,https://api.gdeltproject.org/api/v2/doc/doc?query=domain:www.wvua23.com&mode=artlist&maxrecords=250&format=json&DATE=202405
www.wvua23.com,April 2024,https://api.gdeltproject.org/api/v2/doc/doc?query=domain:www.wvua23.com&mode=artlist&maxrecords=250&format=json&DATE=202404
deltanewsservice.com,March 2025,https://api.gdeltproject.org/api/v2/doc/doc?query=domain:deltanewsservice.com&mode=artlist&maxrecords=250&format=json&DATE=202503
deltanewsservice.com,February 2025,https://api.gdeltproject.org/api/v2/doc/doc?query=domain:deltanewsservice.com&mode=artlist&maxrecords=250&format=json&DATE=202502
deltanewsservice.com,January 2025,https://api.gdeltproject.org/api/v2/doc/doc?query=domain:deltanewsservice.com&mode=artlist&maxrecords=250&format=json&DATE=202501
deltanewsservice.com,December 2024,https://api.gdeltproject.org/api/v2/doc/doc?query=domain:deltanewsservice.com&mode=artlist&maxrecords=250&format=json&DATE=202412
deltanewsservice.com,November 2024,https://api.gdeltproject.org/api/v2/doc/doc?query=domain:deltanewsservice.com&mode=artlist&maxrecords=250&format=json&DATE=202411
deltanewsservice.com,October 2024,https://api.gdeltproject.org/api/v2/doc/doc?query=domain:deltanewsservice.com&mode=artlist&maxrecords=250&format=json&DATE=202410
deltanewsservice.com,September 2024,https://api.gdeltproject.org/api/v2/doc/doc?query=domain:deltanewsservice.com&mode=artlist&maxrecords=250&format=json&DATE=202409
deltanewsservice.com,August 2024,https://api.gdeltproject.org/api/v2/doc/doc?query=domain:deltanewsservice.com&mode=artlist&maxrecords=250&format=json&DATE=202408
deltanewsservice.com,July 2024,https://api.gdeltproject.org/api/v2/doc/doc?query=domain:deltanewsservice.com&mode=artlist&maxrecords=250&format=json&DATE=202407
deltanewsservice.com,June 2024,https://api.gdeltproject.org/api/v2/doc/doc?query=domain:deltanewsservice.com&mode=artlist&maxrecords=250&format=json&DATE=202406
deltanewsservice.com,May 2024,https://api.gdeltproject.org/api/v2/doc/doc?query=domain:deltanewsservice.com&mode=artlist&maxrecords=250&format=json&DATE=202405
deltanewsservice.com,April 2024,https://api.gdeltproject.org/api/v2/doc/doc?query=domain:deltanewsservice.com&mode=artlist&maxrecords=250&format=json&DATE=202404
cronkitenews.azpbs.org,March 2025,https://api.gdeltproject.org/api/v2/doc/doc?query=domain:cronkitenews.azpbs.org&mode=artlist&maxrecords=250&format=json&DATE=202503
cronkitenews.azpbs.org,February 2025,https://api.gdeltproject.org/api/v2/doc/doc?query=domain:cronkitenews.azpbs.org&mode=artlist&maxrecords=250&format=json&DATE=202502
cronkitenews.azpbs.org,January 2025,https://api.gdeltproject.org/api/v2/doc/doc?query=domain:cronkitenews.azpbs.org&mode=artlist&maxrecords=250&format=json&DATE=202501
cronkitenews.azpbs.org,December 2024,https://api.gdeltproject.org/api/v2/doc/doc?query=domain:cronkitenews.azpbs.org&mode=artlist&maxrecords=250&format=json&DATE=202412
cronkitenews.azpbs.org,November 2024,https://api.gdeltproject.org/api/v2/doc/doc?query=domain:cronkitenews.azpbs.org&mode=artlist&maxrecords=250&format=json&DATE=202411
cronkitenews.azpbs.org,October 2024,https://api.gdeltproject.org/api/v2/doc/doc?query=domain:cronkitenews.azpbs.org&mode=artlist&maxrecords=250&format=json&DATE=202410
cronkitenews.azpbs.org,September 2024,https://api.gdeltproject.org/api/v2/doc/doc?query=domain:cronkitenews.azpbs.org&mode=artlist&maxrecords=250&format=json&DATE=202409
cronkitenews.azpbs.org,August 2024,https://api.gdeltproject.org/api/v2/doc/doc?query=domain:cronkitenews.azpbs.org&mode=artlist&maxrecords=250&format=json&DATE=202408
cronkitenews.azpbs.org,July 2024,https://api.gdeltproject.org/api/v2/doc/doc?query=domain:cronkitenews.azpbs.org&mode=artlist&maxrecords=250&format=json&DATE=202407
cronkitenews.azpbs.org,June 2024,https://api.gdeltproject.org/api/v2/doc/doc?query=domain:cronkitenews.azpbs.org&mode=artlist&maxrecords=250&format=json&DATE=202406
cronkitenews.azpbs.org,May 2024,https://api.gdeltproject.org/api/v2/doc/doc?query=domain:cronkitenews.azpbs.org&mode=artlist&maxrecords=250&format=json&DATE=202405
cronkitenews.azpbs.org,April 2024,https://api.gdeltproject.org/api/v2/doc/doc?query=domain:cronkitenews.azpbs.org&mode=artlist&maxrecords=250&format=json&DATE=202404
indearizona.com,March 2025,https://api.gdeltproject.org/api/v2/doc/doc?query=domain:indearizona.com&mode=artlist&maxrecords=250&format=json&DATE=202503
indearizona.com,February 2025,https://api.gdeltproject.org/api/v2/doc/doc?query=domain:indearizona.com&mode=artlist&maxrecords=250&format=json&DATE=202502
indearizona.com,January 2025,https://api.gdeltproject.org/api/v2/doc/doc?query=domain:indearizona.com&mode=artlist&maxrecords=250&format=json&DATE=202501
indearizona.com,December 2024,https://api.gdeltproject.org/api/v2/doc/doc?query=domain:indearizona.com&mode=artlist&maxrecords=250&format=json&DATE=202412
indearizona.com,November 2024,https://api.gdeltproject.org/api/v2/doc/doc?query=domain:indearizona.com&mode=artlist&maxrecords=250&format=json&DATE=202411
indearizona.com,October 2024,https://api.gdeltproject.org/api/v2/doc/doc?query=domain:indearizona.com&mode=artlist&maxrecords=250&format=json&DATE=202410
indearizona.com,September 2024,https://api.gdeltproject.org/api/v2/doc/doc?query=domain:indearizona.com&mode=artlist&maxrecords=250&format=json&DATE=202409
indearizona.com,August 2024,https://api.gdeltproject.org/api/v2/doc/doc?query=domain:indearizona.com&mode=artlist&maxrecords=250&format=json&DATE=202408
indearizona.com,July 2024,https://api.gdeltproject.org/api/v2/doc/doc?query=domain:indearizona.com&mode=artlist&maxrecords=250&format=json&DATE=202407
indearizona.com,June 2024,https://api.gdeltproject.org/api/v2/doc/doc?query=domain:indearizona.com&mode=artlist&maxrecords=250&format=json&DATE=202406
indearizona.com,May 2024,https://api.gdeltproject.org/api/v2/doc/doc?query=domain:indearizona.com&mode=artlist&maxrecords=250&format=json&DATE=202405
indearizona.com,April 2024,https://api.gdeltproject.org/api/v2/doc/doc?query=domain:indearizona.com&mode=artlist&maxrecords=250&format=json&DATE=202404
zunews.com,March 2025,https://api.gdeltproject.org/api/v2/doc/doc?query=domain:zunews.com&mode=artlist&maxrecords=250&format=json&DATE=202503
zunews.com,February 2025,https://api.gdeltproject.org/api/v2/doc/doc?query=domain:zunews.com&mode=artlist&maxrecords=250&format=json&DATE=202502
zunews.com,January 2025,https://api.gdeltproject.org/api/v2/doc/doc?query=domain:zunews.com&mode=artlist&maxrecords=250&format=json&DATE=202501
zunews.com,December 2024,https://api.gdeltproject.org/api/v2/doc/doc?query=domain:zunews.com&mode=artlist&maxrecords=250&format=json&DATE=202412
zunews.com,November 2024,https://api.gdeltproject.org/api/v2/doc/doc?query=domain:zunews.com&mode=artlist&maxrecords=250&format=json&DATE=202411
zunews.com,October 2024,https://api.gdeltproject.org/api/v2/doc/doc?query=domain:zunews.com&mode=artlist&maxrecords=250&format=json&DATE=202410
zunews.com,September 2024,https://api.gdeltproject.org/api/v2/doc/doc?query=domain:zunews.com&mode=artlist&maxrecords=250&format=json&DATE=202409
zunews.com,August 2024,https://api.gdeltproject.org/api/v2/doc/doc?query=domain:zunews.com&mode=artlist&maxrecords=250&format=json&DATE=202408
zunews.com,July 2024,https://api.gdeltproject.org/api/v2/doc/doc?query=domain:zunews.com&mode=artlist&maxrecords=250&format=json&DATE=202407
zunews.com,June 2024,https://api.gdeltproject.org/api/v2/doc/doc?query=domain:zunews.com&mode=artlist&maxrecords=250&format=json&DATE=202406
zunews.com,May 2024,https://api.gdeltproject.org/api/v2/doc/doc?query=domain:zunews.com&mode=artlist&maxrecords=250&format=json&DATE=202405
zunews.com,April 2024,https://api.gdeltproject.org/api/v2/doc/doc?query=domain:zunews.com&mode=artlist&maxrecords=250&format=json&DATE=202404
thepointmagazine.org,March 2025,https://api.gdeltproject.org/api/v2/doc/doc?query=domain:thepointmagazine.org&mode=artlist&maxrecords=250&format=json&DATE=202503
thepointmagazine.org,February 2025,https://api.gdeltproject.org/api/v2/doc/doc?query=domain:thepointmagazine.org&mode=artlist&maxrecords=250&format=json&DATE=202502
thepointmagazine.org,January 2025,https://api.gdeltproject.org/api/v2/doc/doc?query=domain:thepointmagazine.org&mode=artlist&maxrecords=250&format=json&DATE=202501
thepointmagazine.org,December 2024,https://api.gdeltproject.org/api/v2/doc/doc?query=domain:thepointmagazine.org&mode=artlist&maxrecords=250&format=json&DATE=202412
thepointmagazine.org,November 2024,https://api.gdeltproject.org/api/v2/doc/doc?query=domain:thepointmagazine.org&mode=artlist&maxrecords=250&format=json&DATE=202411
thepointmagazine.org,October 2024,https://api.gdeltproject.org/api/v2/doc/doc?query=domain:thepointmagazine.org&mode=artlist&maxrecords=250&format=json&DATE=202410
thepointmagazine.org,September 2024,https://api.gdeltproject.org/api/v2/doc/doc?query=domain:thepointmagazine.org&mode=artlist&maxrecords=250&format=json&DATE=202409
thepointmagazine.org,August 2024,https://api.gdeltproject.org/api/v2/doc/doc?query=domain:thepointmagazine.org&mode=artlist&maxrecords=250&format=json&DATE=202408
thepointmagazine.org,July 2024,https://api.gdeltproject.org/api/v2/doc/doc?query=domain:thepointmagazine.org&mode=artlist&maxrecords=250&format=json&DATE=202407
thepointmagazine.org,June 2024,https://api.gdeltproject.org/api/v2/doc/doc?query=domain:thepointmagazine.org&mode=artlist&maxrecords=250&format=json&DATE=202406
thepointmagazine.org,May 2024,https://api.gdeltproject.org/api/v2/doc/doc?query=domain:thepointmagazine.org&mode=artlist&maxrecords=250&format=json&DATE=202405
thepointmagazine.org,April 2024,https://api.gdeltproject.org/api/v2/doc/doc?query=domain:thepointmagazine.org&mode=artlist&maxrecords=250&format=json&DATE=202404
theorion.com,March 2025,https://api.gdeltproject.org/api/v2/doc/doc?query=domain:theorion.com&mode=artlist&maxrecords=250&format=json&DATE=202503
theorion.com,February 2025,https://api.gdeltproject.org/api/v2/doc/doc?query=domain:theorion.com&mode=artlist&maxrecords=250&format=json&DATE=202502
theorion.com,January 2025,https://api.gdeltproject.org/api/v2/doc/doc?query=domain:theorion.com&mode=artlist&maxrecords=250&format=json&DATE=202501
theorion.com,December 2024,https://api.gdeltproject.org/api/v2/doc/doc?query=domain:theorion.com&mode=artlist&maxrecords=250&format=json&DATE=202412
theorion.com,November 2024,https://api.gdeltproject.org/api/v2/doc/doc?query=domain:theorion.com&mode=artlist&maxrecords=250&format=json&DATE=202411
theorion.com,October 2024,https://api.gdeltproject.org/api/v2/doc/doc?query=domain:theorion.com&mode=artlist&maxrecords=250&format=json&DATE=202410
theorion.com,September 2024,https://api.gdeltproject.org/api/v2/doc/doc?query=domain:theorion.com&mode=artlist&maxrecords=250&format=json&DATE=202409
theorion.com,August 2024,https://api.gdeltproject.org/api/v2/doc/doc?query=domain:theorion.com&mode=artlist&maxrecords=250&format=json&DATE=202408
theorion.com,July 2024,https://api.gdeltproject.org/api/v2/doc/doc?query=domain:theorion.com&mode=artlist&maxrecords=250&format=json&DATE=202407
theorion.com,June 2024,https://api.gdeltproject.org/api/v2/doc/doc?query=domain:theorion.com&mode=artlist&maxrecords=250&format=json&DATE=202406
theorion.com,May 2024,https://api.gdeltproject.org/api/v2/doc/doc?query=domain:theorion.com&mode=artlist&maxrecords=250&format=json&DATE=202405
theorion.com,April 2024,https://api.gdeltproject.org/api/v2/doc/doc?query=domain:theorion.com&mode=artlist&maxrecords=250&format=json&DATE=202404
csulauniversitytimes.com,March 2025,https://api.gdeltproject.org/api/v2/doc/doc?query=domain:csulauniversitytimes.com&mode=artlist&maxrecords=250&format=json&DATE=202503
csulauniversitytimes.com,February 2025,https://api.gdeltproject.org/api/v2/doc/doc?query=domain:csulauniversitytimes.com&mode=artlist&maxrecords=250&format=json&DATE=202502
csulauniversitytimes.com,January 2025,https://api.gdeltproject.org/api/v2/doc/doc?query=domain:csulauniversitytimes.com&mode=artlist&maxrecords=250&format=json&DATE=202501
csulauniversitytimes.com,December 2024,https://api.gdeltproject.org/api/v2/doc/doc?query=domain:csulauniversitytimes.com&mode=artlist&maxrecords=250&format=json&DATE=202412
csulauniversitytimes.com,November 2024,https://api.gdeltproject.org/api/v2/doc/doc?query=domain:csulauniversitytimes.com&mode=artlist&maxrecords=250&format=json&DATE=202411
csulauniversitytimes.com,October 2024,https://api.gdeltproject.org/api/v2/doc/doc?query=domain:csulauniversitytimes.com&mode=artlist&maxrecords=250&format=json&DATE=202410
csulauniversitytimes.com,September 2024,https://api.gdeltproject.org/api/v2/doc/doc?query=domain:csulauniversitytimes.com&mode=artlist&maxrecords=250&format=json&DATE=202409
csulauniversitytimes.com,August 2024,https://api.gdeltproject.org/api/v2/doc/doc?query=domain:csulauniversitytimes.com&mode=artlist&maxrecords=250&format=json&DATE=202408
csulauniversitytimes.com,July 2024,https://api.gdeltproject.org/api/v2/doc/doc?query=domain:csulauniversitytimes.com&mode=artlist&maxrecords=250&format=json&DATE=202407
csulauniversitytimes.com,June 2024,https://api.gdeltproject.org/api/v2/doc/doc?query=domain:csulauniversitytimes.com&mode=artlist&maxrecords=250&format=json&DATE=202406
csulauniversitytimes.com,May 2024,https://api.gdeltproject.org/api/v2/doc/doc?query=domain:csulauniversitytimes.com&mode=artlist&maxrecords=250&format=json&DATE=202405
csulauniversitytimes.com,April 2024,https://api.gdeltproject.org/api/v2/doc/doc?query=domain:csulauniversitytimes.com&mode=artlist&maxrecords=250&format=json&DATE=202404
voiceofoc.org,March 2025,https://api.gdeltproject.org/api/v2/doc/doc?query=domain:voiceofoc.org&mode=artlist&maxrecords=250&format=json&DATE=202503
voiceofoc.org,February 2025,https://api.gdeltproject.org/api/v2/doc/doc?query=domain:voiceofoc.org&mode=artlist&maxrecords=250&format=json&DATE=202502
voiceofoc.org,January 2025,https://api.gdeltproject.org/api/v2/doc/doc?query=domain:voiceofoc.org&mode=artlist&maxrecords=250&format=json&DATE=202501
voiceofoc.org,December 2024,https://api.gdeltproject.org/api/v2/doc/doc?query=domain:voiceofoc.org&mode=artlist&maxrecords=250&format=json&DATE=202412
voiceofoc.org,November 2024,https://api.gdeltproject.org/api/v2/doc/doc?query=domain:voiceofoc.org&mode=artlist&maxrecords=250&format=json&DATE=202411
voiceofoc.org,October 2024,https://api.gdeltproject.org/api/v2/doc/doc?query=domain:voiceofoc.org&mode=artlist&maxrecords=250&format=json&DATE=202410
voiceofoc.org,September 2024,https://api.gdeltproject.org/api/v2/doc/doc?query=domain:voiceofoc.org&mode=artlist&maxrecords=250&format=json&DATE=202409
voiceofoc.org,August 2024,https://api.gdeltproject.org/api/v2/doc/doc?query=domain:voiceofoc.org&mode=artlist&maxrecords=250&format=json&DATE=202408
voiceofoc.org,July 2024,https://api.gdeltproject.org/api/v2/doc/doc?query=domain:voiceofoc.org&mode=artlist&maxrecords=250&format=json&DATE=202407
voiceofoc.org,June 2024,https://api.gdeltproject.org/api/v2/doc/doc?query=domain:voiceofoc.org&mode=artlist&maxrecords=250&format=json&DATE=202406
voiceofoc.org,May 2024,https://api.gdeltproject.org/api/v2/doc/doc?query=domain:voiceofoc.org&mode=artlist&maxrecords=250&format=json&DATE=202405
voiceofoc.org,April 2024,https://api.gdeltproject.org/api/v2/doc/doc?query=domain:voiceofoc.org&mode=artlist&maxrecords=250&format=json&DATE=202404
www.coastreportonline.com,March 2025,https://api.gdeltproject.org/api/v2/doc/doc?query=domain:www.coastreportonline.com&mode=artlist&maxrecords=250&format=json&DATE=202503
www.coastreportonline.com,February 2025,https://api.gdeltproject.org/api/v2/doc/doc?query=domain:www.coastreportonline.com&mode=artlist&maxrecords=250&format=json&DATE=202502
www.coastreportonline.com,January 2025,https://api.gdeltproject.org/api/v2/doc/doc?query=domain:www.coastreportonline.com&mode=artlist&maxrecords=250&format=json&DATE=202501
www.coastreportonline.com,December 2024,https://api.gdeltproject.org/api/v2/doc/doc?query=domain:www.coastreportonline.com&mode=artlist&maxrecords=250&format=json&DATE=202412
www.coastreportonline.com,November 2024,https://api.gdeltproject.org/api/v2/doc/doc?query=domain:www.coastreportonline.com&mode=artlist&maxrecords=250&format=json&DATE=202411
www.coastreportonline.com,October 2024,https://api.gdeltproject.org/api/v2/doc/doc?query=domain:www.coastreportonline.com&mode=artlist&maxrecords=250&format=json&DATE=202410
www.coastreportonline.com,September 2024,https://api.gdeltproject.org/api/v2/doc/doc?query=domain:www.coastreportonline.com&mode=artlist&maxrecords=250&format=json&DATE=202409
www.coastreportonline.com,August 2024,https://api.gdeltproject.org/api/v2/doc/doc?query=domain:www.coastreportonline.com&mode=artlist&maxrecords=250&format=json&DATE=202408
www.coastreportonline.com,July 2024,https://api.gdeltproject.org/api/v2/doc/doc?query=domain:www.coastreportonline.com&mode=artlist&maxrecords=250&format=json&DATE=202407
www.coastreportonline.com,June 2024,https://api.gdeltproject.org/api/v2/doc/doc?query=domain:www.coastreportonline.com&mode=artlist&maxrecords=250&format=json&DATE=202406
www.coastreportonline.com,May 2024,https://api.gdeltproject.org/api/v2/doc/doc?query=domain:www.coastreportonline.com&mode=artlist&maxrecords=250&format=json&DATE=202405
www.coastreportonline.com,April 2024,https://api.gdeltproject.org/api/v2/doc/doc?query=domain:www.coastreportonline.com&mode=artlist&maxrecords=250&format=json&DATE=202404
pepperdine-graphic.com,March 2025,https://api.gdeltproject.org/api/v2/doc/doc?query=domain:pepperdine-graphic.com&mode=artlist&maxrecords=250&format=json&DATE=202503
pepperdine-graphic.com,February 2025,https://api.gdeltproject.org/api/v2/doc/doc?query=domain:pepperdine-graphic.com&mode=artlist&maxrecords=250&format=json&DATE=202502
pepperdine-graphic.com,January 2025,https://api.gdeltproject.org/api/v2/doc/doc?query=domain:pepperdine-graphic.com&mode=artlist&maxrecords=250&format=json&DATE=202501
pepperdine-graphic.com,December 2024,https://api.gdeltproject.org/api/v2/doc/doc?query=domain:pepperdine-graphic.com&mode=artlist&maxrecords=250&format=json&DATE=202412
pepperdine-graphic.com,November 2024,https://api.gdeltproject.org/api/v2/doc/doc?query=domain:pepperdine-graphic.com&mode=artlist&maxrecords=250&format=json&DATE=202411
pepperdine-graphic.com,October 2024,https://api.gdeltproject.org/api/v2/doc/doc?query=domain:pepperdine-graphic.com&mode=artlist&maxrecords=250&format=json&DATE=202410
pepperdine-graphic.com,September 2024,https://api.gdeltproject.org/api/v2/doc/doc?query=domain:pepperdine-graphic.com&mode=artlist&maxrecords=250&format=json&DATE=202409
pepperdine-graphic.com,August 2024,https://api.gdeltproject.org/api/v2/doc/doc?query=domain:pepperdine-graphic.com&mode=artlist&maxrecords=250&format=json&DATE=202408
pepperdine-graphic.com,July 2024,https://api.gdeltproject.org/api/v2/doc/doc?query=domain:pepperdine-graphic.com&mode=artlist&maxrecords=250&format=json&DATE=202407
pepperdine-graphic.com,June 2024,https://api.gdeltproject.org/api/v2/doc/doc?query=domain:pepperdine-graphic.com&mode=artlist&maxrecords=250&format=json&DATE=202406
pepperdine-graphic.com,May 2024,https://api.gdeltproject.org/api/v2/doc/doc?query=domain:pepperdine-graphic.com&mode=artlist&maxrecords=250&format=json&DATE=202405
pepperdine-graphic.com,April 2024,https://api.gdeltproject.org/api/v2/doc/doc?query=domain:pepperdine-graphic.com&mode=artlist&maxrecords=250&format=json&DATE=202404
eldonnews.org,March 2025,https://api.gdeltproject.org/api/v2/doc/doc?query=domain:eldonnews.org&mode=artlist&maxrecords=250&format=json&DATE=202503
eldonnews.org,February 2025,https://api.gdeltproject.org/api/v2/doc/doc?query=domain:eldonnews.org&mode=artlist&maxrecords=250&format=json&DATE=202502
eldonnews.org,January 2025,https://api.gdeltproject.org/api/v2/doc/doc?query=domain:eldonnews.org&mode=artlist&maxrecords=250&format=json&DATE=202501
eldonnews.org,December 2024,https://api.gdeltproject.org/api/v2/doc/doc?query=domain:eldonnews.org&mode=artlist&maxrecords=250&format=json&DATE=202412
eldonnews.org,November 2024,https://api.gdeltproject.org/api/v2/doc/doc?query=domain:eldonnews.org&mode=artlist&maxrecords=250&format=json&DATE=202411
eldonnews.org,October 2024,https://api.gdeltproject.org/api/v2/doc/doc?query=domain:eldonnews.org&mode=artlist&maxrecords=250&format=json&DATE=202410
eldonnews.org,September 2024,https://api.gdeltproject.org/api/v2/doc/doc?query=domain:eldonnews.org&mode=artlist&maxrecords=250&format=json&DATE=202409
eldonnews.org,August 2024,https://api.gdeltproject.org/api/v2/doc/doc?query=domain:eldonnews.org&mode=artlist&maxrecords=250&format=json&DATE=202408
eldonnews.org,July 2024,https://api.gdeltproject.org/api/v2/doc/doc?query=domain:eldonnews.org&mode=artlist&maxrecords=250&format=json&DATE=202407
eldonnews.org,June 2024,https://api.gdeltproject.org/api/v2/doc/doc?query=domain:eldonnews.org&mode=artlist&maxrecords=250&format=json&DATE=202406
eldonnews.org,May 2024,https://api.gdeltproject.org/api/v2/doc/doc?query=domain:eldonnews.org&mode=artlist&maxrecords=250&format=json&DATE=202405
eldonnews.org,April 2024,https://api.gdeltproject.org/api/v2/doc/doc?query=domain:eldonnews.org&mode=artlist&maxrecords=250&format=json&DATE=202404
oaklandnorth.net,March 2025,https://api.gdeltproject.org/api/v2/doc/doc?query=domain:oaklandnorth.net&mode=artlist&maxrecords=250&format=json&DATE=202503
oaklandnorth.net,February 2025,https://api.gdeltproject.org/api/v2/doc/doc?query=domain:oaklandnorth.net&mode=artlist&maxrecords=250&format=json&DATE=202502
oaklandnorth.net,January 2025,https://api.gdeltproject.org/api/v2/doc/doc?query=domain:oaklandnorth.net&mode=artlist&maxrecords=250&format=json&DATE=202501
oaklandnorth.net,December 2024,https://api.gdeltproject.org/api/v2/doc/doc?query=domain:oaklandnorth.net&mode=artlist&maxrecords=250&format=json&DATE=202412
oaklandnorth.net,November 2024,https://api.gdeltproject.org/api/v2/doc/doc?query=domain:oaklandnorth.net&mode=artlist&maxrecords=250&format=json&DATE=202411
oaklandnorth.net,October 2024,https://api.gdeltproject.org/api/v2/doc/doc?query=domain:oaklandnorth.net&mode=artlist&maxrecords=250&format=json&DATE=202410
oaklandnorth.net,September 2024,https://api.gdeltproject.org/api/v2/doc/doc?query=domain:oaklandnorth.net&mode=artlist&maxrecords=250&format=json&DATE=202409
oaklandnorth.net,August 2024,https://api.gdeltproject.org/api/v2/doc/doc?query=domain:oaklandnorth.net&mode=artlist&maxrecords=250&format=json&DATE=202408
oaklandnorth.net,July 2024,https://api.gdeltproject.org/api/v2/doc/doc?query=domain:oaklandnorth.net&mode=artlist&maxrecords=250&format=json&DATE=202407
oaklandnorth.net,June 2024,https://api.gdeltproject.org/api/v2/doc/doc?query=domain:oaklandnorth.net&mode=artlist&maxrecords=250&format=json&DATE=202406
oaklandnorth.net,May 2024,https://api.gdeltproject.org/api/v2/doc/doc?query=domain:oaklandnorth.net&mode=artlist&maxrecords=250&format=json&DATE=202405
oaklandnorth.net,April 2024,https://api.gdeltproject.org/api/v2/doc/doc?query=domain:oaklandnorth.net&mode=artlist&maxrecords=250&format=json&DATE=202404
richmondconfidential.org,March 2025,https://api.gdeltproject.org/api/v2/doc/doc?query=domain:richmondconfidential.org&mode=artlist&maxrecords=250&format=json&DATE=202503
richmondconfidential.org,February 2025,https://api.gdeltproject.org/api/v2/doc/doc?query=domain:richmondconfidential.org&mode=artlist&maxrecords=250&format=json&DATE=202502
richmondconfidential.org,January 2025,https://api.gdeltproject.org/api/v2/doc/doc?query=domain:richmondconfidential.org&mode=artlist&maxrecords=250&format=json&DATE=202501
richmondconfidential.org,December 2024,https://api.gdeltproject.org/api/v2/doc/doc?query=domain:richmondconfidential.org&mode=artlist&maxrecords=250&format=json&DATE=202412
richmondconfidential.org,November 2024,https://api.gdeltproject.org/api/v2/doc/doc?query=domain:richmondconfidential.org&mode=artlist&maxrecords=250&format=json&DATE=202411
richmondconfidential.org,October 2024,https://api.gdeltproject.org/api/v2/doc/doc?query=domain:richmondconfidential.org&mode=artlist&maxrecords=250&format=json&DATE=202410
richmondconfidential.org,September 2024,https://api.gdeltproject.org/api/v2/doc/doc?query=domain:richmondconfidential.org&mode=artlist&maxrecords=250&format=json&DATE=202409
richmondconfidential.org,August 2024,https://api.gdeltproject.org/api/v2/doc/doc?query=domain:richmondconfidential.org&mode=artlist&maxrecords=250&format=json&DATE=202408
richmondconfidential.org,July 2024,https://api.gdeltproject.org/api/v2/doc/doc?query=domain:richmondconfidential.org&mode=artlist&maxrecords=250&format=json&DATE=202407
richmondconfidential.org,June 2024,https://api.gdeltproject.org/api/v2/doc/doc?query=domain:richmondconfidential.org&mode=artlist&maxrecords=250&format=json&DATE=202406
richmondconfidential.org,May 2024,https://api.gdeltproject.org/api/v2/doc/doc?query=domain:richmondconfidential.org&mode=artlist&maxrecords=250&format=json&DATE=202405
richmondconfidential.org,April 2024,https://api.gdeltproject.org/api/v2/doc/doc?query=domain:richmondconfidential.org&mode=artlist&maxrecords=250&format=json&DATE=202404
xtown.la,March 2025,https://api.gdeltproject.org/api/v2/doc/doc?query=domain:xtown.la&mode=artlist&maxrecords=250&format=json&DATE=202503
xtown.la,February 2025,https://api.gdeltproject.org/api/v2/doc/doc?query=domain:xtown.la&mode=artlist&maxrecords=250&format=json&DATE=202502
xtown.la,January 2025,https://api.gdeltproject.org/api/v2/doc/doc?query=domain:xtown.la&mode=artlist&maxrecords=250&format=json&DATE=202501
xtown.la,December 2024,https://api.gdeltproject.org/api/v2/doc/doc?query=domain:xtown.la&mode=artlist&maxrecords=250&format=json&DATE=202412
xtown.la,November 2024,https://api.gdeltproject.org/api/v2/doc/doc?query=domain:xtown.la&mode=artlist&maxrecords=250&format=json&DATE=202411
xtown.la,October 2024,https://api.gdeltproject.org/api/v2/doc/doc?query=domain:xtown.la&mode=artlist&maxrecords=250&format=json&DATE=202410
xtown.la,September 2024,https://api.gdeltproject.org/api/v2/doc/doc?query=domain:xtown.la&mode=artlist&maxrecords=250&format=json&DATE=202409
xtown.la,August 2024,https://api.gdeltproject.org/api/v2/doc/doc?query=domain:xtown.la&mode=artlist&maxrecords=250&format=json&DATE=202408
xtown.la,July 2024,https://api.gdeltproject.org/api/v2/doc/doc?query=domain:xtown.la&mode=artlist&maxrecords=250&format=json&DATE=202407
xtown.la,June 2024,https://api.gdeltproject.org/api/v2/doc/doc?query=domain:xtown.la&mode=artlist&maxrecords=250&format=json&DATE=202406
xtown.la,May 2024,https://api.gdeltproject.org/api/v2/doc/doc?query=domain:xtown.la&mode=artlist&maxrecords=250&format=json&DATE=202405
xtown.la,April 2024,https://api.gdeltproject.org/api/v2/doc/doc?query=domain:xtown.la&mode=artlist&maxrecords=250&format=json&DATE=202404
www.mymetmedia.com,March 2025,https://api.gdeltproject.org/api/v2/doc/doc?query=domain:www.mymetmedia.com&mode=artlist&maxrecords=250&format=json&DATE=202503
www.mymetmedia.com,February 2025,https://api.gdeltproject.org/api/v2/doc/doc?query=domain:www.mymetmedia.com&mode=artlist&maxrecords=250&format=json&DATE=202502
www.mymetmedia.com,January 2025,https://api.gdeltproject.org/api/v2/doc/doc?query=domain:www.mymetmedia.com&mode=artlist&maxrecords=250&format=json&DATE=202501
www.mymetmedia.com,December 2024,https://api.gdeltproject.org/api/v2/doc/doc?query=domain:www.mymetmedia.com&mode=artlist&maxrecords=250&format=json&DATE=202412
www.mymetmedia.com,November 2024,https://api.gdeltproject.org/api/v2/doc/doc?query=domain:www.mymetmedia.com&mode=artlist&maxrecords=250&format=json&DATE=202411
www.mymetmedia.com,October 2024,https://api.gdeltproject.org/api/v2/doc/doc?query=domain:www.mymetmedia.com&mode=artlist&maxrecords=250&format=json&DATE=202410
www.mymetmedia.com,September 2024,https://api.gdeltproject.org/api/v2/doc/doc?query=domain:www.mymetmedia.com&mode=artlist&maxrecords=250&format=json&DATE=202409
www.mymetmedia.com,August 2024,https://api.gdeltproject.org/api/v2/doc/doc?query=domain:www.mymetmedia.com&mode=artlist&maxrecords=250&format=json&DATE=202408
www.mymetmedia.com,July 2024,https://api.gdeltproject.org/api/v2/doc/doc?query=domain:www.mymetmedia.com&mode=artlist&maxrecords=250&format=json&DATE=202407
www.mymetmedia.com,June 2024,https://api.gdeltproject.org/api/v2/doc/doc?query=domain:www.mymetmedia.com&mode=artlist&maxrecords=250&format=json&DATE=202406
www.mymetmedia.com,May 2024,https://api.gdeltproject.org/api/v2/doc/doc?query=domain:www.mymetmedia.com&mode=artlist&maxrecords=250&format=json&DATE=202405
www.mymetmedia.com,April 2024,https://api.gdeltproject.org/api/v2/doc/doc?query=domain:www.mymetmedia.com&mode=artlist&maxrecords=250&format=json&DATE=202404
abilitymediagroup.com,March 2025,https://api.gdeltproject.org/api/v2/doc/doc?query=domain:abilitymediagroup.com&mode=artlist&maxrecords=250&format=json&DATE=202503
abilitymediagroup.com,February 2025,https://api.gdeltproject.org/api/v2/doc/doc?query=domain:abilitymediagroup.com&mode=artlist&maxrecords=250&format=json&DATE=202502
abilitymediagroup.com,January 2025,https://api.gdeltproject.org/api/v2/doc/doc?query=domain:abilitymediagroup.com&mode=artlist&maxrecords=250&format=json&DATE=202501
abilitymediagroup.com,December 2024,https://api.gdeltproject.org/api/v2/doc/doc?query=domain:abilitymediagroup.com&mode=artlist&maxrecords=250&format=json&DATE=202412
abilitymediagroup.com,November 2024,https://api.gdeltproject.org/api/v2/doc/doc?query=domain:abilitymediagroup.com&mode=artlist&maxrecords=250&format=json&DATE=202411
abilitymediagroup.com,October 2024,https://api.gdeltproject.org/api/v2/doc/doc?query=domain:abilitymediagroup.com&mode=artlist&maxrecords=250&format=json&DATE=202410
abilitymediagroup.com,September 2024,https://api.gdeltproject.org/api/v2/doc/doc?query=domain:abilitymediagroup.com&mode=artlist&maxrecords=250&format=json&DATE=202409
abilitymediagroup.com,August 2024,https://api.gdeltproject.org/api/v2/doc/doc?query=domain:abilitymediagroup.com&mode=artlist&maxrecords=250&format=json&DATE=202408
abilitymediagroup.com,July 2024,https://api.gdeltproject.org/api/v2/doc/doc?query=domain:abilitymediagroup.com&mode=artlist&maxrecords=250&format=json&DATE=202407
abilitymediagroup.com,June 2024,https://api.gdeltproject.org/api/v2/doc/doc?query=domain:abilitymediagroup.com&mode=artlist&maxrecords=250&format=json&DATE=202406
abilitymediagroup.com,May 2024,https://api.gdeltproject.org/api/v2/doc/doc?query=domain:abilitymediagroup.com&mode=artlist&maxrecords=250&format=json&DATE=202405
abilitymediagroup.com,April 2024,https://api.gdeltproject.org/api/v2/doc/doc?query=domain:abilitymediagroup.com&mode=artlist&maxrecords=250&format=json&DATE=202404
eastoncourier.news,March 2025,https://api.gdeltproject.org/api/v2/doc/doc?query=domain:eastoncourier.news&mode=artlist&maxrecords=250&format=json&DATE=202503
eastoncourier.news,February 2025,https://api.gdeltproject.org/api/v2/doc/doc?query=domain:eastoncourier.news&mode=artlist&maxrecords=250&format=json&DATE=202502
eastoncourier.news,January 2025,https://api.gdeltproject.org/api/v2/doc/doc?query=domain:eastoncourier.news&mode=artlist&maxrecords=250&format=json&DATE=202501
eastoncourier.news,December 2024,https://api.gdeltproject.org/api/v2/doc/doc?query=domain:eastoncourier.news&mode=artlist&maxrecords=250&format=json&DATE=202412
eastoncourier.news,November 2024,https://api.gdeltproject.org/api/v2/doc/doc?query=domain:eastoncourier.news&mode=artlist&maxrecords=250&format=json&DATE=202411
eastoncourier.news,October 2024,https://api.gdeltproject.org/api/v2/doc/doc?query=domain:eastoncourier.news&mode=artlist&maxrecords=250&format=json&DATE=202410
eastoncourier.news,September 2024,https://api.gdeltproject.org/api/v2/doc/doc?query=domain:eastoncourier.news&mode=artlist&maxrecords=250&format=json&DATE=202409
eastoncourier.news,August 2024,https://api.gdeltproject.org/api/v2/doc/doc?query=domain:eastoncourier.news&mode=artlist&maxrecords=250&format=json&DATE=202408
eastoncourier.news,July 2024,https://api.gdeltproject.org/api/v2/doc/doc?query=domain:eastoncourier.news&mode=artlist&maxrecords=250&format=json&DATE=202407
eastoncourier.news,June 2024,https://api.gdeltproject.org/api/v2/doc/doc?query=domain:eastoncourier.news&mode=artlist&maxrecords=250&format=json&DATE=202406
eastoncourier.news,May 2024,https://api.gdeltproject.org/api/v2/doc/doc?query=domain:eastoncourier.news&mode=artlist&maxrecords=250&format=json&DATE=202405
eastoncourier.news,April 2024,https://api.gdeltproject.org/api/v2/doc/doc?query=domain:eastoncourier.news&mode=artlist&maxrecords=250&format=json&DATE=202404
hunewsservice.com,March 2025,https://api.gdeltproject.org/api/v2/doc/doc?query=domain:hunewsservice.com&mode=artlist&maxrecords=250&format=json&DATE=202503
hunewsservice.com,February 2025,https://api.gdeltproject.org/api/v2/doc/doc?query=domain:hunewsservice.com&mode=artlist&maxrecords=250&format=json&DATE=202502
hunewsservice.com,January 2025,https://api.gdeltproject.org/api/v2/doc/doc?query=domain:hunewsservice.com&mode=artlist&maxrecords=250&format=json&DATE=202501
hunewsservice.com,December 2024,https://api.gdeltproject.org/api/v2/doc/doc?query=domain:hunewsservice.com&mode=artlist&maxrecords=250&format=json&DATE=202412
hunewsservice.com,November 2024,https://api.gdeltproject.org/api/v2/doc/doc?query=domain:hunewsservice.com&mode=artlist&maxrecords=250&format=json&DATE=202411
hunewsservice.com,October 2024,https://api.gdeltproject.org/api/v2/doc/doc?query=domain:hunewsservice.com&mode=artlist&maxrecords=250&format=json&DATE=202410
hunewsservice.com,September 2024,https://api.gdeltproject.org/api/v2/doc/doc?query=domain:hunewsservice.com&mode=artlist&maxrecords=250&format=json&DATE=202409
hunewsservice.com,August 2024,https://api.gdeltproject.org/api/v2/doc/doc?query=domain:hunewsservice.com&mode=artlist&maxrecords=250&format=json&DATE=202408
hunewsservice.com,July 2024,https://api.gdeltproject.org/api/v2/doc/doc?query=domain:hunewsservice.com&mode=artlist&maxrecords=250&format=json&DATE=202407
hunewsservice.com,June 2024,https://api.gdeltproject.org/api/v2/doc/doc?query=domain:hunewsservice.com&mode=artlist&maxrecords=250&format=json&DATE=202406
hunewsservice.com,May 2024,https://api.gdeltproject.org/api/v2/doc/doc?query=domain:hunewsservice.com&mode=artlist&maxrecords=250&format=json&DATE=202405
hunewsservice.com,April 2024,https://api.gdeltproject.org/api/v2/doc/doc?query=domain:hunewsservice.com&mode=artlist&maxrecords=250&format=json&DATE=202404
www.thefamuanonline.com/category/news,March 2025,https://api.gdeltproject.org/api/v2/doc/doc?query=domain:www.thefamuanonline.com/category/news&mode=artlist&maxrecords=250&format=json&DATE=202503
www.thefamuanonline.com/category/news,February 2025,https://api.gdeltproject.org/api/v2/doc/doc?query=domain:www.thefamuanonline.com/category/news&mode=artlist&maxrecords=250&format=json&DATE=202502
www.thefamuanonline.com/category/news,January 2025,https://api.gdeltproject.org/api/v2/doc/doc?query=domain:www.thefamuanonline.com/category/news&mode=artlist&maxrecords=250&format=json&DATE=202501
www.thefamuanonline.com/category/news,December 2024,https://api.gdeltproject.org/api/v2/doc/doc?query=domain:www.thefamuanonline.com/category/news&mode=artlist&maxrecords=250&format=json&DATE=202412
www.thefamuanonline.com/category/news,November 2024,https://api.gdeltproject.org/api/v2/doc/doc?query=domain:www.thefamuanonline.com/category/news&mode=artlist&maxrecords=250&format=json&DATE=202411
www.thefamuanonline.com/category/news,October 2024,https://api.gdeltproject.org/api/v2/doc/doc?query=domain:www.thefamuanonline.com/category/news&mode=artlist&maxrecords=250&format=json&DATE=202410
www.thefamuanonline.com/category/news,September 2024,https://api.gdeltproject.org/api/v2/doc/doc?query=domain:www.thefamuanonline.com/category/news&mode=artlist&maxrecords=250&format=json&DATE=202409
www.thefamuanonline.com/category/news,August 2024,https://api.gdeltproject.org/api/v2/doc/doc?query=domain:www.thefamuanonline.com/category/news&mode=artlist&maxrecords=250&format=json&DATE=202408
www.thefamuanonline.com/category/news,July 2024,https://api.gdeltproject.org/api/v2/doc/doc?query=domain:www.thefamuanonline.com/category/news&mode=artlist&maxrecords=250&format=json&DATE=202407
www.thefamuanonline.com/category/news,June 2024,https://api.gdeltproject.org/api/v2/doc/doc?query=domain:www.thefamuanonline.com/category/news&mode=artlist&maxrecords=250&format=json&DATE=202406
www.thefamuanonline.com/category/news,May 2024,https://api.gdeltproject.org/api/v2/doc/doc?query=domain:www.thefamuanonline.com/category/news&mode=artlist&maxrecords=250&format=json&DATE=202405
www.thefamuanonline.com/category/news,April 2024,https://api.gdeltproject.org/api/v2/doc/doc?query=domain:www.thefamuanonline.com/category/news&mode=artlist&maxrecords=250&format=json&DATE=202404
www.tampafp.com,March 2025,https://api.gdeltproject.org/api/v2/doc/doc?query=domain:www.tampafp.com&mode=artlist&maxrecords=250&format=json&DATE=202503
www.tampafp.com,February 2025,https://api.gdeltproject.org/api/v2/doc/doc?query=domain:www.tampafp.com&mode=artlist&maxrecords=250&format=json&DATE=202502
www.tampafp.com,January 2025,https://api.gdeltproject.org/api/v2/doc/doc?query=domain:www.tampafp.com&mode=artlist&maxrecords=250&format=json&DATE=202501
www.tampafp.com,December 2024,https://api.gdeltproject.org/api/v2/doc/doc?query=domain:www.tampafp.com&mode=artlist&maxrecords=250&format=json&DATE=202412
www.tampafp.com,November 2024,https://api.gdeltproject.org/api/v2/doc/doc?query=domain:www.tampafp.com&mode=artlist&maxrecords=250&format=json&DATE=202411
www.tampafp.com,October 2024,https://api.gdeltproject.org/api/v2/doc/doc?query=domain:www.tampafp.com&mode=artlist&maxrecords=250&format=json&DATE=202410
www.tampafp.com,September 2024,https://api.gdeltproject.org/api/v2/doc/doc?query=domain:www.tampafp.com&mode=artlist&maxrecords=250&format=json&DATE=202409
www.tampafp.com,August 2024,https://api.gdeltproject.org/api/v2/doc/doc?query=domain:www.tampafp.com&mode=artlist&maxrecords=250&format=json&DATE=202408
www.tampafp.com,July 2024,https://api.gdeltproject.org/api/v2/doc/doc?query=domain:www.tampafp.com&mode=artlist&maxrecords=250&format=json&DATE=202407
www.tampafp.com,June 2024,https://api.gdeltproject.org/api/v2/doc/doc?query=domain:www.tampafp.com&mode=artlist&maxrecords=250&format=json&DATE=202406
www.tampafp.com,May 2024,https://api.gdeltproject.org/api/v2/doc/doc?query=domain:www.tampafp.com&mode=artlist&maxrecords=250&format=json&DATE=202405
www.tampafp.com,April 2024,https://api.gdeltproject.org/api/v2/doc/doc?query=domain:www.tampafp.com&mode=artlist&maxrecords=250&format=json&DATE=202404
www.orlandosentinel.com,March 2025,https://api.gdeltproject.org/api/v2/doc/doc?query=domain:www.orlandosentinel.com&mode=artlist&maxrecords=250&format=json&DATE=202503
www.orlandosentinel.com,February 2025,https://api.gdeltproject.org/api/v2/doc/doc?query=domain:www.orlandosentinel.com&mode=artlist&maxrecords=250&format=json&DATE=202502
www.orlandosentinel.com,January 2025,https://api.gdeltproject.org/api/v2/doc/doc?query=domain:www.orlandosentinel.com&mode=artlist&maxrecords=250&format=json&DATE=202501
www.orlandosentinel.com,December 2024,https://api.gdeltproject.org/api/v2/doc/doc?query=domain:www.orlandosentinel.com&mode=artlist&maxrecords=250&format=json&DATE=202412
www.orlandosentinel.com,November 2024,https://api.gdeltproject.org/api/v2/doc/doc?query=domain:www.orlandosentinel.com&mode=artlist&maxrecords=250&format=json&DATE=202411
www.orlandosentinel.com,October 2024,https://api.gdeltproject.org/api/v2/doc/doc?query=domain:www.orlandosentinel.com&mode=artlist&maxrecords=250&format=json&DATE=202410
www.orlandosentinel.com,September 2024,https://api.gdeltproject.org/api/v2/doc/doc?query=domain:www.orlandosentinel.com&mode=artlist&maxrecords=250&format=json&DATE=202409
www.orlandosentinel.com,August 2024,https://api.gdeltproject.org/api/v2/doc/doc?query=domain:www.orlandosentinel.com&mode=artlist&maxrecords=250&format=json&DATE=202408
www.orlandosentinel.com,July 2024,https://api.gdeltproject.org/api/v2/doc/doc?query=domain:www.orlandosentinel.com&mode=artlist&maxrecords=250&format=json&DATE=202407
www.orlandosentinel.com,June 2024,https://api.gdeltproject.org/api/v2/doc/doc?query=domain:www.orlandosentinel.com&mode=artlist&maxrecords=250&format=json&DATE=202406
www.orlandosentinel.com,May 2024,https://api.gdeltproject.org/api/v2/doc/doc?query=domain:www.orlandosentinel.com&mode=artlist&maxrecords=250&format=json&DATE=202405
www.orlandosentinel.com,April 2024,https://api.gdeltproject.org/api/v2/doc/doc?query=domain:www.orlandosentinel.com&mode=artlist&maxrecords=250&format=json&DATE=202404
news.wgcu.org/tags/democracy-watch,March 2025,https://api.gdeltproject.org/api/v2/doc/doc?query=domain:news.wgcu.org/tags/democracy-watch&mode=artlist&maxrecords=250&format=json&DATE=202503
news.wgcu.org/tags/democracy-watch,February 2025,https://api.gdeltproject.org/api/v2/doc/doc?query=domain:news.wgcu.org/tags/democracy-watch&mode=artlist&maxrecords=250&format=json&DATE=202502
news.wgcu.org/tags/democracy-watch,January 2025,https://api.gdeltproject.org/api/v2/doc/doc?query=domain:news.wgcu.org/tags/democracy-watch&mode=artlist&maxrecords=250&format=json&DATE=202501
news.wgcu.org/tags/democracy-watch,December 2024,https://api.gdeltproject.org/api/v2/doc/doc?query=domain:news.wgcu.org/tags/democracy-watch&mode=artlist&maxrecords=250&format=json&DATE=202412
news.wgcu.org/tags/democracy-watch,November 2024,https://api.gdeltproject.org/api/v2/doc/doc?query=domain:news.wgcu.org/tags/democracy-watch&mode=artlist&maxrecords=250&format=json&DATE=202411
news.wgcu.org/tags/democracy-watch,October 2024,https://api.gdeltproject.org/api/v2/doc/doc?query=domain:news.wgcu.org/tags/democracy-watch&mode=artlist&maxrecords=250&format=json&DATE=202410
news.wgcu.org/tags/democracy-watch,September 2024,https://api.gdeltproject.org/api/v2/doc/doc?query=domain:news.wgcu.org/tags/democracy-watch&mode=artlist&maxrecords=250&format=json&DATE=202409
news.wgcu.org/tags/democracy-watch,August 2024,https://api.gdeltproject.org/api/v2/doc/doc?query=domain:news.wgcu.org/tags/democracy-watch&mode=artlist&maxrecords=250&format=json&DATE=202408
news.wgcu.org/tags/democracy-watch,July 2024,https://api.gdeltproject.org/api/v2/doc/doc?query=domain:news.wgcu.org/tags/democracy-watch&mode=artlist&maxrecords=250&format=json&DATE=202407
news.wgcu.org/tags/democracy-watch,June 2024,https://api.gdeltproject.org/api/v2/doc/doc?query=domain:news.wgcu.org/tags/democracy-watch&mode=artlist&maxrecords=250&format=json&DATE=202406
news.wgcu.org/tags/democracy-watch,May 2024,https://api.gdeltproject.org/api/v2/doc/doc?query=domain:news.wgcu.org/tags/democracy-watch&mode=artlist&maxrecords=250&format=json&DATE=202405
news.wgcu.org/tags/democracy-watch,April 2024,https://api.gdeltproject.org/api/v2/doc/doc?query=domain:news.wgcu.org/tags/democracy-watch&mode=artlist&maxrecords=250&format=json&DATE=202404
www.wuft.org/fresh-take-florida,March 2025,https://api.gdeltproject.org/api/v2/doc/doc?query=domain:www.wuft.org/fresh-take-florida&mode=artlist&maxrecords=250&format=json&DATE=202503
www.wuft.org/fresh-take-florida,February 2025,https://api.gdeltproject.org/api/v2/doc/doc?query=domain:www.wuft.org/fresh-take-florida&mode=artlist&maxrecords=250&format=json&DATE=202502
www.wuft.org/fresh-take-florida,January 2025,https://api.gdeltproject.org/api/v2/doc/doc?query=domain:www.wuft.org/fresh-take-florida&mode=artlist&maxrecords=250&format=json&DATE=202501
www.wuft.org/fresh-take-florida,December 2024,https://api.gdeltproject.org/api/v2/doc/doc?query=domain:www.wuft.org/fresh-take-florida&mode=artlist&maxrecords=250&format=json&DATE=202412
www.wuft.org/fresh-take-florida,November 2024,https://api.gdeltproject.org/api/v2/doc/doc?query=domain:www.wuft.org/fresh-take-florida&mode=artlist&maxrecords=250&format=json&DATE=202411
www.wuft.org/fresh-take-florida,October 2024,https://api.gdeltproject.org/api/v2/doc/doc?query=domain:www.wuft.org/fresh-take-florida&mode=artlist&maxrecords=250&format=json&DATE=202410
www.wuft.org/fresh-take-florida,September 2024,https://api.gdeltproject.org/api/v2/doc/doc?query=domain:www.wuft.org/fresh-take-florida&mode=artlist&maxrecords=250&format=json&DATE=202409
www.wuft.org/fresh-take-florida,August 2024,https://api.gdeltproject.org/api/v2/doc/doc?query=domain:www.wuft.org/fresh-take-florida&mode=artlist&maxrecords=250&format=json&DATE=202408
www.wuft.org/fresh-take-florida,July 2024,https://api.gdeltproject.org/api/v2/doc/doc?query=domain:www.wuft.org/fresh-take-florida&mode=artlist&maxrecords=250&format=json&DATE=202407
www.wuft.org/fresh-take-florida,June 2024,https://api.gdeltproject.org/api/v2/doc/doc?query=domain:www.wuft.org/fresh-take-florida&mode=artlist&maxrecords=250&format=json&DATE=202406
www.wuft.org/fresh-take-florida,May 2024,https://api.gdeltproject.org/api/v2/doc/doc?query=domain:www.wuft.org/fresh-take-florida&mode=artlist&maxrecords=250&format=json&DATE=202405
www.wuft.org/fresh-take-florida,April 2024,https://api.gdeltproject.org/api/v2/doc/doc?query=domain:www.wuft.org/fresh-take-florida&mode=artlist&maxrecords=250&format=json&DATE=202404
themiamihurricane.com,March 2025,https://api.gdeltproject.org/api/v2/doc/doc?query=domain:themiamihurricane.com&mode=artlist&maxrecords=250&format=json&DATE=202503
themiamihurricane.com,February 2025,https://api.gdeltproject.org/api/v2/doc/doc?query=domain:themiamihurricane.com&mode=artlist&maxrecords=250&format=json&DATE=202502
themiamihurricane.com,January 2025,https://api.gdeltproject.org/api/v2/doc/doc?query=domain:themiamihurricane.com&mode=artlist&maxrecords=250&format=json&DATE=202501
themiamihurricane.com,December 2024,https://api.gdeltproject.org/api/v2/doc/doc?query=domain:themiamihurricane.com&mode=artlist&maxrecords=250&format=json&DATE=202412
themiamihurricane.com,November 2024,https://api.gdeltproject.org/api/v2/doc/doc?query=domain:themiamihurricane.com&mode=artlist&maxrecords=250&format=json&DATE=202411
themiamihurricane.com,October 2024,https://api.gdeltproject.org/api/v2/doc/doc?query=domain:themiamihurricane.com&mode=artlist&maxrecords=250&format=json&DATE=202410
themiamihurricane.com,September 2024,https://api.gdeltproject.org/api/v2/doc/doc?query=domain:themiamihurricane.com&mode=artlist&maxrecords=250&format=json&DATE=202409
themiamihurricane.com,August 2024,https://api.gdeltproject.org/api/v2/doc/doc?query=domain:themiamihurricane.com&mode=artlist&maxrecords=250&format=json&DATE=202408
themiamihurricane.com,July 2024,https://api.gdeltproject.org/api/v2/doc/doc?query=domain:themiamihurricane.com&mode=artlist&maxrecords=250&format=json&DATE=202407
themiamihurricane.com,June 2024,https://api.gdeltproject.org/api/v2/doc/doc?query=domain:themiamihurricane.com&mode=artlist&maxrecords=250&format=json&DATE=202406
themiamihurricane.com,May 2024,https://api.gdeltproject.org/api/v2/doc/doc?query=domain:themiamihurricane.com&mode=artlist&maxrecords=250&format=json&DATE=202405
themiamihurricane.com,April 2024,https://api.gdeltproject.org/api/v2/doc/doc?query=domain:themiamihurricane.com&mode=artlist&maxrecords=250&format=json&DATE=202404
caplinnews.fiu.edu,March 2025,https://api.gdeltproject.org/api/v2/doc/doc?query=domain:caplinnews.fiu.edu&mode=artlist&maxrecords=250&format=json&DATE=202503
caplinnews.fiu.edu,February 2025,https://api.gdeltproject.org/api/v2/doc/doc?query=domain:caplinnews.fiu.edu&mode=artlist&maxrecords=250&format=json&DATE=202502
caplinnews.fiu.edu,January 2025,https://api.gdeltproject.org/api/v2/doc/doc?query=domain:caplinnews.fiu.edu&mode=artlist&maxrecords=250&format=json&DATE=202501
caplinnews.fiu.edu,December 2024,https://api.gdeltproject.org/api/v2/doc/doc?query=domain:caplinnews.fiu.edu&mode=artlist&maxrecords=250&format=json&DATE=202412
caplinnews.fiu.edu,November 2024,https://api.gdeltproject.org/api/v2/doc/doc?query=domain:caplinnews.fiu.edu&mode=artlist&maxrecords=250&format=json&DATE=202411
caplinnews.fiu.edu,October 2024,https://api.gdeltproject.org/api/v2/doc/doc?query=domain:caplinnews.fiu.edu&mode=artlist&maxrecords=250&format=json&DATE=202410
caplinnews.fiu.edu,September 2024,https://api.gdeltproject.org/api/v2/doc/doc?query=domain:caplinnews.fiu.edu&mode=artlist&maxrecords=250&format=json&DATE=202409
caplinnews.fiu.edu,August 2024,https://api.gdeltproject.org/api/v2/doc/doc?query=domain:caplinnews.fiu.edu&mode=artlist&maxrecords=250&format=json&DATE=202408
caplinnews.fiu.edu,July 2024,https://api.gdeltproject.org/api/v2/doc/doc?query=domain:caplinnews.fiu.edu&mode=artlist&maxrecords=250&format=json&DATE=202407
caplinnews.fiu.edu,June 2024,https://api.gdeltproject.org/api/v2/doc/doc?query=domain:caplinnews.fiu.edu&mode=artlist&maxrecords=250&format=json&DATE=202406
caplinnews.fiu.edu,May 2024,https://api.gdeltproject.org/api/v2/doc/doc?query=domain:caplinnews.fiu.edu&mode=artlist&maxrecords=250&format=json&DATE=202405
caplinnews.fiu.edu,April 2024,https://api.gdeltproject.org/api/v2/doc/doc?query=domain:caplinnews.fiu.edu&mode=artlist&maxrecords=250&format=json&DATE=202404
feeds.mcclatchy.com/miamiherald/sections/news/local/stories,March 2025,https://api.gdeltproject.org/api/v2/doc/doc?query=domain:feeds.mcclatchy.com/miamiherald/sections/news/local/stories&mode=artlist&maxrecords=250&format=json&DATE=202503
feeds.mcclatchy.com/miamiherald/sections/news/local/stories,February 2025,https://api.gdeltproject.org/api/v2/doc/doc?query=domain:feeds.mcclatchy.com/miamiherald/sections/news/local/stories&mode=artlist&maxrecords=250&format=json&DATE=202502
feeds.mcclatchy.com/miamiherald/sections/news/local/stories,January 2025,https://api.gdeltproject.org/api/v2/doc/doc?query=domain:feeds.mcclatchy.com/miamiherald/sections/news/local/stories&mode=artlist&maxrecords=250&format=json&DATE=202501
feeds.mcclatchy.com/miamiherald/sections/news/local/stories,December 2024,https://api.gdeltproject.org/api/v2/doc/doc?query=domain:feeds.mcclatchy.com/miamiherald/sections/news/local/stories&mode=artlist&maxrecords=250&format=json&DATE=202412
feeds.mcclatchy.com/miamiherald/sections/news/local/stories,November 2024,https://api.gdeltproject.org/api/v2/doc/doc?query=domain:feeds.mcclatchy.com/miamiherald/sections/news/local/stories&mode=artlist&maxrecords=250&format=json&DATE=202411
feeds.mcclatchy.com/miamiherald/sections/news/local/stories,October 2024,https://api.gdeltproject.org/api/v2/doc/doc?query=domain:feeds.mcclatchy.com/miamiherald/sections/news/local/stories&mode=artlist&maxrecords=250&format=json&DATE=202410
feeds.mcclatchy.com/miamiherald/sections/news/local/stories,September 2024,https://api.gdeltproject.org/api/v2/doc/doc?query=domain:feeds.mcclatchy.com/miamiherald/sections/news/local/stories&mode=artlist&maxrecords=250&format=json&DATE=202409
feeds.mcclatchy.com/miamiherald/sections/news/local/stories,August 2024,https://api.gdeltproject.org/api/v2/doc/doc?query=domain:feeds.mcclatchy.com/miamiherald/sections/news/local/stories&mode=artlist&maxrecords=250&format=json&DATE=202408
feeds.mcclatchy.com/miamiherald/sections/news/local/stories,July 2024,https://api.gdeltproject.org/api/v2/doc/doc?query=domain:feeds.mcclatchy.com/miamiherald/sections/news/local/stories&mode=artlist&maxrecords=250&format=json&DATE=202407
feeds.mcclatchy.com/miamiherald/sections/news/local/stories,June 2024,https://api.gdeltproject.org/api/v2/doc/doc?query=domain:feeds.mcclatchy.com/miamiherald/sections/news/local/stories&mode=artlist&maxrecords=250&format=json&DATE=202406
feeds.mcclatchy.com/miamiherald/sections/news/local/stories,May 2024,https://api.gdeltproject.org/api/v2/doc/doc?query=domain:feeds.mcclatchy.com/miamiherald/sections/news/local/stories&mode=artlist&maxrecords=250&format=json&DATE=202405
feeds.mcclatchy.com/miamiherald/sections/news/local/stories,April 2024,https://api.gdeltproject.org/api/v2/doc/doc?query=domain:feeds.mcclatchy.com/miamiherald/sections/news/local/stories&mode=artlist&maxrecords=250&format=json&DATE=202404
www.miamitimesonline.com,March 2025,https://api.gdeltproject.org/api/v2/doc/doc?query=domain:www.miamitimesonline.com&mode=artlist&maxrecords=250&format=json&DATE=202503
www.miamitimesonline.com,February 2025,https://api.gdeltproject.org/api/v2/doc/doc?query=domain:www.miamitimesonline.com&mode=artlist&maxrecords=250&format=json&DATE=202502
www.miamitimesonline.com,January 2025,https://api.gdeltproject.org/api/v2/doc/doc?query=domain:www.miamitimesonline.com&mode=artlist&maxrecords=250&format=json&DATE=202501
www.miamitimesonline.com,December 2024,https://api.gdeltproject.org/api/v2/doc/doc?query=domain:www.miamitimesonline.com&mode=artlist&maxrecords=250&format=json&DATE=202412
www.miamitimesonline.com,November 2024,https://api.gdeltproject.org/api/v2/doc/doc?query=domain:www.miamitimesonline.com&mode=artlist&maxrecords=250&format=json&DATE=202411
www.miamitimesonline.com,October 2024,https://api.gdeltproject.org/api/v2/doc/doc?query=domain:www.miamitimesonline.com&mode=artlist&maxrecords=250&format=json&DATE=202410
www.miamitimesonline.com,September 2024,https://api.gdeltproject.org/api/v2/doc/doc?query=domain:www.miamitimesonline.com&mode=artlist&maxrecords=250&format=json&DATE=202409
www.miamitimesonline.com,August 2024,https://api.gdeltproject.org/api/v2/doc/doc?query=domain:www.miamitimesonline.com&mode=artlist&maxrecords=250&format=json&DATE=202408
www.miamitimesonline.com,July 2024,https://api.gdeltproject.org/api/v2/doc/doc?query=domain:www.miamitimesonline.com&mode=artlist&maxrecords=250&format=json&DATE=202407
www.miamitimesonline.com,June 2024,https://api.gdeltproject.org/api/v2/doc/doc?query=domain:www.miamitimesonline.com&mode=artlist&maxrecords=250&format=json&DATE=202406
www.miamitimesonline.com,May 2024,https://api.gdeltproject.org/api/v2/doc/doc?query=domain:www.miamitimesonline.com&mode=artlist&maxrecords=250&format=json&DATE=202405
www.miamitimesonline.com,April 2024,https://api.gdeltproject.org/api/v2/doc/doc?query=domain:www.miamitimesonline.com&mode=artlist&maxrecords=250&format=json&DATE=202404
www.redandblack.com,March 2025,https://api.gdeltproject.org/api/v2/doc/doc?query=domain:www.redandblack.com&mode=artlist&maxrecords=250&format=json&DATE=202503
www.redandblack.com,February 2025,https://api.gdeltproject.org/api/v2/doc/doc?query=domain:www.redandblack.com&mode=artlist&maxrecords=250&format=json&DATE=202502
www.redandblack.com,January 2025,https://api.gdeltproject.org/api/v2/doc/doc?query=domain:www.redandblack.com&mode=artlist&maxrecords=250&format=json&DATE=202501
www.redandblack.com,December 2024,https://api.gdeltproject.org/api/v2/doc/doc?query=domain:www.redandblack.com&mode=artlist&maxrecords=250&format=json&DATE=202412
www.redandblack.com,November 2024,https://api.gdeltproject.org/api/v2/doc/doc?query=domain:www.redandblack.com&mode=artlist&maxrecords=250&format=json&DATE=202411
www.redandblack.com,October 2024,https://api.gdeltproject.org/api/v2/doc/doc?query=domain:www.redandblack.com&mode=artlist&maxrecords=250&format=json&DATE=202410
www.redandblack.com,September 2024,https://api.gdeltproject.org/api/v2/doc/doc?query=domain:www.redandblack.com&mode=artlist&maxrecords=250&format=json&DATE=202409
www.redandblack.com,August 2024,https://api.gdeltproject.org/api/v2/doc/doc?query=domain:www.redandblack.com&mode=artlist&maxrecords=250&format=json&DATE=202408
www.redandblack.com,July 2024,https://api.gdeltproject.org/api/v2/doc/doc?query=domain:www.redandblack.com&mode=artlist&maxrecords=250&format=json&DATE=202407
www.redandblack.com,June 2024,https://api.gdeltproject.org/api/v2/doc/doc?query=domain:www.redandblack.com&mode=artlist&maxrecords=250&format=json&DATE=202406
www.redandblack.com,May 2024,https://api.gdeltproject.org/api/v2/doc/doc?query=domain:www.redandblack.com&mode=artlist&maxrecords=250&format=json&DATE=202405
www.redandblack.com,April 2024,https://api.gdeltproject.org/api/v2/doc/doc?query=domain:www.redandblack.com&mode=artlist&maxrecords=250&format=json&DATE=202404
freshtakegeorgia.org,March 2025,https://api.gdeltproject.org/api/v2/doc/doc?query=domain:freshtakegeorgia.org&mode=artlist&maxrecords=250&format=json&DATE=202503
freshtakegeorgia.org,February 2025,https://api.gdeltproject.org/api/v2/doc/doc?query=domain:freshtakegeorgia.org&mode=artlist&maxrecords=250&format=json&DATE=202502
freshtakegeorgia.org,January 2025,https://api.gdeltproject.org/api/v2/doc/doc?query=domain:freshtakegeorgia.org&mode=artlist&maxrecords=250&format=json&DATE=202501
freshtakegeorgia.org,December 2024,https://api.gdeltproject.org/api/v2/doc/doc?query=domain:freshtakegeorgia.org&mode=artlist&maxrecords=250&format=json&DATE=202412
freshtakegeorgia.org,November 2024,https://api.gdeltproject.org/api/v2/doc/doc?query=domain:freshtakegeorgia.org&mode=artlist&maxrecords=250&format=json&DATE=202411
freshtakegeorgia.org,October 2024,https://api.gdeltproject.org/api/v2/doc/doc?query=domain:freshtakegeorgia.org&mode=artlist&maxrecords=250&format=json&DATE=202410
freshtakegeorgia.org,September 2024,https://api.gdeltproject.org/api/v2/doc/doc?query=domain:freshtakegeorgia.org&mode=artlist&maxrecords=250&format=json&DATE=202409
freshtakegeorgia.org,August 2024,https://api.gdeltproject.org/api/v2/doc/doc?query=domain:freshtakegeorgia.org&mode=artlist&maxrecords=250&format=json&DATE=202408
freshtakegeorgia.org,July 2024,https://api.gdeltproject.org/api/v2/doc/doc?query=domain:freshtakegeorgia.org&mode=artlist&maxrecords=250&format=json&DATE=202407
freshtakegeorgia.org,June 2024,https://api.gdeltproject.org/api/v2/doc/doc?query=domain:freshtakegeorgia.org&mode=artlist&maxrecords=250&format=json&DATE=202406
freshtakegeorgia.org,May 2024,https://api.gdeltproject.org/api/v2/doc/doc?query=domain:freshtakegeorgia.org&mode=artlist&maxrecords=250&format=json&DATE=202405
freshtakegeorgia.org,April 2024,https://api.gdeltproject.org/api/v2/doc/doc?query=domain:freshtakegeorgia.org&mode=artlist&maxrecords=250&format=json&DATE=202404
macon-newsroom.com,March 2025,https://api.gdeltproject.org/api/v2/doc/doc?query=domain:macon-newsroom.com&mode=artlist&maxrecords=250&format=json&DATE=202503
macon-newsroom.com,February 2025,https://api.gdeltproject.org/api/v2/doc/doc?query=domain:macon-newsroom.com&mode=artlist&maxrecords=250&format=json&DATE=202502
macon-newsroom.com,January 2025,https://api.gdeltproject.org/api/v2/doc/doc?query=domain:macon-newsroom.com&mode=artlist&maxrecords=250&format=json&DATE=202501
macon-newsroom.com,December 2024,https://api.gdeltproject.org/api/v2/doc/doc?query=domain:macon-newsroom.com&mode=artlist&maxrecords=250&format=json&DATE=202412
macon-newsroom.com,November 2024,https://api.gdeltproject.org/api/v2/doc/doc?query=domain:macon-newsroom.com&mode=artlist&maxrecords=250&format=json&DATE=202411
macon-newsroom.com,October 2024,https://api.gdeltproject.org/api/v2/doc/doc?query=domain:macon-newsroom.com&mode=artlist&maxrecords=250&format=json&DATE=202410
macon-newsroom.com,September 2024,https://api.gdeltproject.org/api/v2/doc/doc?query=domain:macon-newsroom.com&mode=artlist&maxrecords=250&format=json&DATE=202409
macon-newsroom.com,August 2024,https://api.gdeltproject.org/api/v2/doc/doc?query=domain:macon-newsroom.com&mode=artlist&maxrecords=250&format=json&DATE=202408
macon-newsroom.com,July 2024,https://api.gdeltproject.org/api/v2/doc/doc?query=domain:macon-newsroom.com&mode=artlist&maxrecords=250&format=json&DATE=202407
macon-newsroom.com,June 2024,https://api.gdeltproject.org/api/v2/doc/doc?query=domain:macon-newsroom.com&mode=artlist&maxrecords=250&format=json&DATE=202406
macon-newsroom.com,May 2024,https://api.gdeltproject.org/api/v2/doc/doc?query=domain:macon-newsroom.com&mode=artlist&maxrecords=250&format=json&DATE=202405
macon-newsroom.com,April 2024,https://api.gdeltproject.org/api/v2/doc/doc?query=domain:macon-newsroom.com&mode=artlist&maxrecords=250&format=json&DATE=202404
gradynewsource.uga.edu,March 2025,https://api.gdeltproject.org/api/v2/doc/doc?query=domain:gradynewsource.uga.edu&mode=artlist&maxrecords=250&format=json&DATE=202503
gradynewsource.uga.edu,February 2025,https://api.gdeltproject.org/api/v2/doc/doc?query=domain:gradynewsource.uga.edu&mode=artlist&maxrecords=250&format=json&DATE=202502
gradynewsource.uga.edu,January 2025,https://api.gdeltproject.org/api/v2/doc/doc?query=domain:gradynewsource.uga.edu&mode=artlist&maxrecords=250&format=json&DATE=202501
gradynewsource.uga.edu,December 2024,https://api.gdeltproject.org/api/v2/doc/doc?query=domain:gradynewsource.uga.edu&mode=artlist&maxrecords=250&format=json&DATE=202412
gradynewsource.uga.edu,November 2024,https://api.gdeltproject.org/api/v2/doc/doc?query=domain:gradynewsource.uga.edu&mode=artlist&maxrecords=250&format=json&DATE=202411
gradynewsource.uga.edu,October 2024,https://api.gdeltproject.org/api/v2/doc/doc?query=domain:gradynewsource.uga.edu&mode=artlist&maxrecords=250&format=json&DATE=202410
gradynewsource.uga.edu,September 2024,https://api.gdeltproject.org/api/v2/doc/doc?query=domain:gradynewsource.uga.edu&mode=artlist&maxrecords=250&format=json&DATE=202409
gradynewsource.uga.edu,August 2024,https://api.gdeltproject.org/api/v2/doc/doc?query=domain:gradynewsource.uga.edu&mode=artlist&maxrecords=250&format=json&DATE=202408
gradynewsource.uga.edu,July 2024,https://api.gdeltproject.org/api/v2/doc/doc?query=domain:gradynewsource.uga.edu&mode=artlist&maxrecords=250&format=json&DATE=202407
gradynewsource.uga.edu,June 2024,https://api.gdeltproject.org/api/v2/doc/doc?query=domain:gradynewsource.uga.edu&mode=artlist&maxrecords=250&format=json&DATE=202406
gradynewsource.uga.edu,May 2024,https://api.gdeltproject.org/api/v2/doc/doc?query=domain:gradynewsource.uga.edu&mode=artlist&maxrecords=250&format=json&DATE=202405
gradynewsource.uga.edu,April 2024,https://api.gdeltproject.org/api/v2/doc/doc?query=domain:gradynewsource.uga.edu&mode=artlist&maxrecords=250&format=json&DATE=202404
www.civilbeat.org,March 2025,https://api.gdeltproject.org/api/v2/doc/doc?query=domain:www.civilbeat.org&mode=artlist&maxrecords=250&format=json&DATE=202503
www.civilbeat.org,February 2025,https://api.gdeltproject.org/api/v2/doc/doc?query=domain:www.civilbeat.org&mode=artlist&maxrecords=250&format=json&DATE=202502
www.civilbeat.org,January 2025,https://api.gdeltproject.org/api/v2/doc/doc?query=domain:www.civilbeat.org&mode=artlist&maxrecords=250&format=json&DATE=202501
www.civilbeat.org,December 2024,https://api.gdeltproject.org/api/v2/doc/doc?query=domain:www.civilbeat.org&mode=artlist&maxrecords=250&format=json&DATE=202412
www.civilbeat.org,November 2024,https://api.gdeltproject.org/api/v2/doc/doc?query=domain:www.civilbeat.org&mode=artlist&maxrecords=250&format=json&DATE=202411
www.civilbeat.org,October 2024,https://api.gdeltproject.org/api/v2/doc/doc?query=domain:www.civilbeat.org&mode=artlist&maxrecords=250&format=json&DATE=202410
www.civilbeat.org,September 2024,https://api.gdeltproject.org/api/v2/doc/doc?query=domain:www.civilbeat.org&mode=artlist&maxrecords=250&format=json&DATE=202409
www.civilbeat.org,August 2024,https://api.gdeltproject.org/api/v2/doc/doc?query=domain:www.civilbeat.org&mode=artlist&maxrecords=250&format=json&DATE=202408
www.civilbeat.org,July 2024,https://api.gdeltproject.org/api/v2/doc/doc?query=domain:www.civilbeat.org&mode=artlist&maxrecords=250&format=json&DATE=202407
www.civilbeat.org,June 2024,https://api.gdeltproject.org/api/v2/doc/doc?query=domain:www.civilbeat.org&mode=artlist&maxrecords=250&format=json&DATE=202406
www.civilbeat.org,May 2024,https://api.gdeltproject.org/api/v2/doc/doc?query=domain:www.civilbeat.org&mode=artlist&maxrecords=250&format=json&DATE=202405
www.civilbeat.org,April 2024,https://api.gdeltproject.org/api/v2/doc/doc?query=domain:www.civilbeat.org&mode=artlist&maxrecords=250&format=json&DATE=202404
dailyiowan.com,March 2025,https://api.gdeltproject.org/api/v2/doc/doc?query=domain:dailyiowan.com&mode=artlist&maxrecords=250&format=json&DATE=202503
dailyiowan.com,February 2025,https://api.gdeltproject.org/api/v2/doc/doc?query=domain:dailyiowan.com&mode=artlist&maxrecords=250&format=json&DATE=202502
dailyiowan.com,January 2025,https://api.gdeltproject.org/api/v2/doc/doc?query=domain:dailyiowan.com&mode=artlist&maxrecords=250&format=json&DATE=202501
dailyiowan.com,December 2024,https://api.gdeltproject.org/api/v2/doc/doc?query=domain:dailyiowan.com&mode=artlist&maxrecords=250&format=json&DATE=202412
dailyiowan.com,November 2024,https://api.gdeltproject.org/api/v2/doc/doc?query=domain:dailyiowan.com&mode=artlist&maxrecords=250&format=json&DATE=202411
dailyiowan.com,October 2024,https://api.gdeltproject.org/api/v2/doc/doc?query=domain:dailyiowan.com&mode=artlist&maxrecords=250&format=json&DATE=202410
dailyiowan.com,September 2024,https://api.gdeltproject.org/api/v2/doc/doc?query=domain:dailyiowan.com&mode=artlist&maxrecords=250&format=json&DATE=202409
dailyiowan.com,August 2024,https://api.gdeltproject.org/api/v2/doc/doc?query=domain:dailyiowan.com&mode=artlist&maxrecords=250&format=json&DATE=202408
dailyiowan.com,July 2024,https://api.gdeltproject.org/api/v2/doc/doc?query=domain:dailyiowan.com&mode=artlist&maxrecords=250&format=json&DATE=202407
dailyiowan.com,June 2024,https://api.gdeltproject.org/api/v2/doc/doc?query=domain:dailyiowan.com&mode=artlist&maxrecords=250&format=json&DATE=202406
dailyiowan.com,May 2024,https://api.gdeltproject.org/api/v2/doc/doc?query=domain:dailyiowan.com&mode=artlist&maxrecords=250&format=json&DATE=202405
dailyiowan.com,April 2024,https://api.gdeltproject.org/api/v2/doc/doc?query=domain:dailyiowan.com&mode=artlist&maxrecords=250&format=json&DATE=202404
www.idahocountyfreepress.com,March 2025,https://api.gdeltproject.org/api/v2/doc/doc?query=domain:www.idahocountyfreepress.com&mode=artlist&maxrecords=250&format=json&DATE=202503
www.idahocountyfreepress.com,February 2025,https://api.gdeltproject.org/api/v2/doc/doc?query=domain:www.idahocountyfreepress.com&mode=artlist&maxrecords=250&format=json&DATE=202502
www.idahocountyfreepress.com,January 2025,https://api.gdeltproject.org/api/v2/doc/doc?query=domain:www.idahocountyfreepress.com&mode=artlist&maxrecords=250&format=json&DATE=202501
www.idahocountyfreepress.com,December 2024,https://api.gdeltproject.org/api/v2/doc/doc?query=domain:www.idahocountyfreepress.com&mode=artlist&maxrecords=250&format=json&DATE=202412
www.idahocountyfreepress.com,November 2024,https://api.gdeltproject.org/api/v2/doc/doc?query=domain:www.idahocountyfreepress.com&mode=artlist&maxrecords=250&format=json&DATE=202411
www.idahocountyfreepress.com,October 2024,https://api.gdeltproject.org/api/v2/doc/doc?query=domain:www.idahocountyfreepress.com&mode=artlist&maxrecords=250&format=json&DATE=202410
www.idahocountyfreepress.com,September 2024,https://api.gdeltproject.org/api/v2/doc/doc?query=domain:www.idahocountyfreepress.com&mode=artlist&maxrecords=250&format=json&DATE=202409
www.idahocountyfreepress.com,August 2024,https://api.gdeltproject.org/api/v2/doc/doc?query=domain:www.idahocountyfreepress.com&mode=artlist&maxrecords=250&format=json&DATE=202408
www.idahocountyfreepress.com,July 2024,https://api.gdeltproject.org/api/v2/doc/doc?query=domain:www.idahocountyfreepress.com&mode=artlist&maxrecords=250&format=json&DATE=202407
www.idahocountyfreepress.com,June 2024,https://api.gdeltproject.org/api/v2/doc/doc?query=domain:www.idahocountyfreepress.com&mode=artlist&maxrecords=250&format=json&DATE=202406
www.idahocountyfreepress.com,May 2024,https://api.gdeltproject.org/api/v2/doc/doc?query=domain:www.idahocountyfreepress.com&mode=artlist&maxrecords=250&format=json&DATE=202405
www.idahocountyfreepress.com,April 2024,https://api.gdeltproject.org/api/v2/doc/doc?query=domain:www.idahocountyfreepress.com&mode=artlist&maxrecords=250&format=json&DATE=202404
austintalks.org,March 2025,https://api.gdeltproject.org/api/v2/doc/doc?query=domain:austintalks.org&mode=artlist&maxrecords=250&format=json&DATE=202503
austintalks.org,February 2025,https://api.gdeltproject.org/api/v2/doc/doc?query=domain:austintalks.org&mode=artlist&maxrecords=250&format=json&DATE=202502
austintalks.org,January 2025,https://api.gdeltproject.org/api/v2/doc/doc?query=domain:austintalks.org&mode=artlist&maxrecords=250&format=json&DATE=202501
austintalks.org,December 2024,https://api.gdeltproject.org/api/v2/doc/doc?query=domain:austintalks.org&mode=artlist&maxrecords=250&format=json&DATE=202412
austintalks.org,November 2024,https://api.gdeltproject.org/api/v2/doc/doc?query=domain:austintalks.org&mode=artlist&maxrecords=250&format=json&DATE=202411
austintalks.org,October 2024,https://api.gdeltproject.org/api/v2/doc/doc?query=domain:austintalks.org&mode=artlist&maxrecords=250&format=json&DATE=202410
austintalks.org,September 2024,https://api.gdeltproject.org/api/v2/doc/doc?query=domain:austintalks.org&mode=artlist&maxrecords=250&format=json&DATE=202409
austintalks.org,August 2024,https://api.gdeltproject.org/api/v2/doc/doc?query=domain:austintalks.org&mode=artlist&maxrecords=250&format=json&DATE=202408
austintalks.org,July 2024,https://api.gdeltproject.org/api/v2/doc/doc?query=domain:austintalks.org&mode=artlist&maxrecords=250&format=json&DATE=202407
austintalks.org,June 2024,https://api.gdeltproject.org/api/v2/doc/doc?query=domain:austintalks.org&mode=artlist&maxrecords=250&format=json&DATE=202406
austintalks.org,May 2024,https://api.gdeltproject.org/api/v2/doc/doc?query=domain:austintalks.org&mode=artlist&maxrecords=250&format=json&DATE=202405
austintalks.org,April 2024,https://api.gdeltproject.org/api/v2/doc/doc?query=domain:austintalks.org&mode=artlist&maxrecords=250&format=json&DATE=202404
fourteeneastmag.com/index.php,March 2025,https://api.gdeltproject.org/api/v2/doc/doc?query=domain:fourteeneastmag.com/index.php&mode=artlist&maxrecords=250&format=json&DATE=202503
fourteeneastmag.com/index.php,February 2025,https://api.gdeltproject.org/api/v2/doc/doc?query=domain:fourteeneastmag.com/index.php&mode=artlist&maxrecords=250&format=json&DATE=202502
fourteeneastmag.com/index.php,January 2025,https://api.gdeltproject.org/api/v2/doc/doc?query=domain:fourteeneastmag.com/index.php&mode=artlist&maxrecords=250&format=json&DATE=202501
fourteeneastmag.com/index.php,December 2024,https://api.gdeltproject.org/api/v2/doc/doc?query=domain:fourteeneastmag.com/index.php&mode=artlist&maxrecords=250&format=json&DATE=202412
fourteeneastmag.com/index.php,November 2024,https://api.gdeltproject.org/api/v2/doc/doc?query=domain:fourteeneastmag.com/index.php&mode=artlist&maxrecords=250&format=json&DATE=202411
fourteeneastmag.com/index.php,October 2024,https://api.gdeltproject.org/api/v2/doc/doc?query=domain:fourteeneastmag.com/index.php&mode=artlist&maxrecords=250&format=json&DATE=202410
fourteeneastmag.com/index.php,September 2024,https://api.gdeltproject.org/api/v2/doc/doc?query=domain:fourteeneastmag.com/index.php&mode=artlist&maxrecords=250&format=json&DATE=202409
fourteeneastmag.com/index.php,August 2024,https://api.gdeltproject.org/api/v2/doc/doc?query=domain:fourteeneastmag.com/index.php&mode=artlist&maxrecords=250&format=json&DATE=202408
fourteeneastmag.com/index.php,July 2024,https://api.gdeltproject.org/api/v2/doc/doc?query=domain:fourteeneastmag.com/index.php&mode=artlist&maxrecords=250&format=json&DATE=202407
fourteeneastmag.com/index.php,June 2024,https://api.gdeltproject.org/api/v2/doc/doc?query=domain:fourteeneastmag.com/index.php&mode=artlist&maxrecords=250&format=json&DATE=202406
fourteeneastmag.com/index.php,May 2024,https://api.gdeltproject.org/api/v2/doc/doc?query=domain:fourteeneastmag.com/index.php&mode=artlist&maxrecords=250&format=json&DATE=202405
fourteeneastmag.com/index.php,April 2024,https://api.gdeltproject.org/api/v2/doc/doc?query=domain:fourteeneastmag.com/index.php&mode=artlist&maxrecords=250&format=json&DATE=202404
cu-citizenaccess.org,March 2025,https://api.gdeltproject.org/api/v2/doc/doc?query=domain:cu-citizenaccess.org&mode=artlist&maxrecords=250&format=json&DATE=202503
cu-citizenaccess.org,February 2025,https://api.gdeltproject.org/api/v2/doc/doc?query=domain:cu-citizenaccess.org&mode=artlist&maxrecords=250&format=json&DATE=202502
cu-citizenaccess.org,January 2025,https://api.gdeltproject.org/api/v2/doc/doc?query=domain:cu-citizenaccess.org&mode=artlist&maxrecords=250&format=json&DATE=202501
cu-citizenaccess.org,December 2024,https://api.gdeltproject.org/api/v2/doc/doc?query=domain:cu-citizenaccess.org&mode=artlist&maxrecords=250&format=json&DATE=202412
cu-citizenaccess.org,November 2024,https://api.gdeltproject.org/api/v2/doc/doc?query=domain:cu-citizenaccess.org&mode=artlist&maxrecords=250&format=json&DATE=202411
cu-citizenaccess.org,October 2024,https://api.gdeltproject.org/api/v2/doc/doc?query=domain:cu-citizenaccess.org&mode=artlist&maxrecords=250&format=json&DATE=202410
cu-citizenaccess.org,September 2024,https://api.gdeltproject.org/api/v2/doc/doc?query=domain:cu-citizenaccess.org&mode=artlist&maxrecords=250&format=json&DATE=202409
cu-citizenaccess.org,August 2024,https://api.gdeltproject.org/api/v2/doc/doc?query=domain:cu-citizenaccess.org&mode=artlist&maxrecords=250&format=json&DATE=202408
cu-citizenaccess.org,July 2024,https://api.gdeltproject.org/api/v2/doc/doc?query=domain:cu-citizenaccess.org&mode=artlist&maxrecords=250&format=json&DATE=202407
cu-citizenaccess.org,June 2024,https://api.gdeltproject.org/api/v2/doc/doc?query=domain:cu-citizenaccess.org&mode=artlist&maxrecords=250&format=json&DATE=202406
cu-citizenaccess.org,May 2024,https://api.gdeltproject.org/api/v2/doc/doc?query=domain:cu-citizenaccess.org&mode=artlist&maxrecords=250&format=json&DATE=202405
cu-citizenaccess.org,April 2024,https://api.gdeltproject.org/api/v2/doc/doc?query=domain:cu-citizenaccess.org&mode=artlist&maxrecords=250&format=json&DATE=202404
arnoltcenter.org/work,March 2025,https://api.gdeltproject.org/api/v2/doc/doc?query=domain:arnoltcenter.org/work&mode=artlist&maxrecords=250&format=json&DATE=202503
arnoltcenter.org/work,February 2025,https://api.gdeltproject.org/api/v2/doc/doc?query=domain:arnoltcenter.org/work&mode=artlist&maxrecords=250&format=json&DATE=202502
arnoltcenter.org/work,January 2025,https://api.gdeltproject.org/api/v2/doc/doc?query=domain:arnoltcenter.org/work&mode=artlist&maxrecords=250&format=json&DATE=202501
arnoltcenter.org/work,December 2024,https://api.gdeltproject.org/api/v2/doc/doc?query=domain:arnoltcenter.org/work&mode=artlist&maxrecords=250&format=json&DATE=202412
arnoltcenter.org/work,November 2024,https://api.gdeltproject.org/api/v2/doc/doc?query=domain:arnoltcenter.org/work&mode=artlist&maxrecords=250&format=json&DATE=202411
arnoltcenter.org/work,October 2024,https://api.gdeltproject.org/api/v2/doc/doc?query=domain:arnoltcenter.org/work&mode=artlist&maxrecords=250&format=json&DATE=202410
arnoltcenter.org/work,September 2024,https://api.gdeltproject.org/api/v2/doc/doc?query=domain:arnoltcenter.org/work&mode=artlist&maxrecords=250&format=json&DATE=202409
arnoltcenter.org/work,August 2024,https://api.gdeltproject.org/api/v2/doc/doc?query=domain:arnoltcenter.org/work&mode=artlist&maxrecords=250&format=json&DATE=202408
arnoltcenter.org/work,July 2024,https://api.gdeltproject.org/api/v2/doc/doc?query=domain:arnoltcenter.org/work&mode=artlist&maxrecords=250&format=json&DATE=202407
arnoltcenter.org/work,June 2024,https://api.gdeltproject.org/api/v2/doc/doc?query=domain:arnoltcenter.org/work&mode=artlist&maxrecords=250&format=json&DATE=202406
arnoltcenter.org/work,May 2024,https://api.gdeltproject.org/api/v2/doc/doc?query=domain:arnoltcenter.org/work&mode=artlist&maxrecords=250&format=json&DATE=202405
arnoltcenter.org/work,April 2024,https://api.gdeltproject.org/api/v2/doc/doc?query=domain:arnoltcenter.org/work&mode=artlist&maxrecords=250&format=json&DATE=202404
www.easternprogress.com,March 2025,https://api.gdeltproject.org/api/v2/doc/doc?query=domain:www.easternprogress.com&mode=artlist&maxrecords=250&format=json&DATE=202503
www.easternprogress.com,February 2025,https://api.gdeltproject.org/api/v2/doc/doc?query=domain:www.easternprogress.com&mode=artlist&maxrecords=250&format=json&DATE=202502
www.easternprogress.com,January 2025,https://api.gdeltproject.org/api/v2/doc/doc?query=domain:www.easternprogress.com&mode=artlist&maxrecords=250&format=json&DATE=202501
www.easternprogress.com,December 2024,https://api.gdeltproject.org/api/v2/doc/doc?query=domain:www.easternprogress.com&mode=artlist&maxrecords=250&format=json&DATE=202412
www.easternprogress.com,November 2024,https://api.gdeltproject.org/api/v2/doc/doc?query=domain:www.easternprogress.com&mode=artlist&maxrecords=250&format=json&DATE=202411
www.easternprogress.com,October 2024,https://api.gdeltproject.org/api/v2/doc/doc?query=domain:www.easternprogress.com&mode=artlist&maxrecords=250&format=json&DATE=202410
www.easternprogress.com,September 2024,https://api.gdeltproject.org/api/v2/doc/doc?query=domain:www.easternprogress.com&mode=artlist&maxrecords=250&format=json&DATE=202409
www.easternprogress.com,August 2024,https://api.gdeltproject.org/api/v2/doc/doc?query=domain:www.easternprogress.com&mode=artlist&maxrecords=250&format=json&DATE=202408
www.easternprogress.com,July 2024,https://api.gdeltproject.org/api/v2/doc/doc?query=domain:www.easternprogress.com&mode=artlist&maxrecords=250&format=json&DATE=202407
www.easternprogress.com,June 2024,https://api.gdeltproject.org/api/v2/doc/doc?query=domain:www.easternprogress.com&mode=artlist&maxrecords=250&format=json&DATE=202406
www.easternprogress.com,May 2024,https://api.gdeltproject.org/api/v2/doc/doc?query=domain:www.easternprogress.com&mode=artlist&maxrecords=250&format=json&DATE=202405
www.easternprogress.com,April 2024,https://api.gdeltproject.org/api/v2/doc/doc?query=domain:www.easternprogress.com&mode=artlist&maxrecords=250&format=json&DATE=202404
270stories.mymurraystate.com,March 2025,https://api.gdeltproject.org/api/v2/doc/doc?query=domain:270stories.mymurraystate.com&mode=artlist&maxrecords=250&format=json&DATE=202503
270stories.mymurraystate.com,February 2025,https://api.gdeltproject.org/api/v2/doc/doc?query=domain:270stories.mymurraystate.com&mode=artlist&maxrecords=250&format=json&DATE=202502
270stories.mymurraystate.com,January 2025,https://api.gdeltproject.org/api/v2/doc/doc?query=domain:270stories.mymurraystate.com&mode=artlist&maxrecords=250&format=json&DATE=202501
270stories.mymurraystate.com,December 2024,https://api.gdeltproject.org/api/v2/doc/doc?query=domain:270stories.mymurraystate.com&mode=artlist&maxrecords=250&format=json&DATE=202412
270stories.mymurraystate.com,November 2024,https://api.gdeltproject.org/api/v2/doc/doc?query=domain:270stories.mymurraystate.com&mode=artlist&maxrecords=250&format=json&DATE=202411
270stories.mymurraystate.com,October 2024,https://api.gdeltproject.org/api/v2/doc/doc?query=domain:270stories.mymurraystate.com&mode=artlist&maxrecords=250&format=json&DATE=202410
270stories.mymurraystate.com,September 2024,https://api.gdeltproject.org/api/v2/doc/doc?query=domain:270stories.mymurraystate.com&mode=artlist&maxrecords=250&format=json&DATE=202409
270stories.mymurraystate.com,August 2024,https://api.gdeltproject.org/api/v2/doc/doc?query=domain:270stories.mymurraystate.com&mode=artlist&maxrecords=250&format=json&DATE=202408
270stories.mymurraystate.com,July 2024,https://api.gdeltproject.org/api/v2/doc/doc?query=domain:270stories.mymurraystate.com&mode=artlist&maxrecords=250&format=json&DATE=202407
270stories.mymurraystate.com,June 2024,https://api.gdeltproject.org/api/v2/doc/doc?query=domain:270stories.mymurraystate.com&mode=artlist&maxrecords=250&format=json&DATE=202406
270stories.mymurraystate.com,May 2024,https://api.gdeltproject.org/api/v2/doc/doc?query=domain:270stories.mymurraystate.com&mode=artlist&maxrecords=250&format=json&DATE=202405
270stories.mymurraystate.com,April 2024,https://api.gdeltproject.org/api/v2/doc/doc?query=domain:270stories.mymurraystate.com&mode=artlist&maxrecords=250&format=json&DATE=202404
www.thenortherner.com,March 2025,https://api.gdeltproject.org/api/v2/doc/doc?query=domain:www.thenortherner.com&mode=artlist&maxrecords=250&format=json&DATE=202503
www.thenortherner.com,February 2025,https://api.gdeltproject.org/api/v2/doc/doc?query=domain:www.thenortherner.com&mode=artlist&maxrecords=250&format=json&DATE=202502
www.thenortherner.com,January 2025,https://api.gdeltproject.org/api/v2/doc/doc?query=domain:www.thenortherner.com&mode=artlist&maxrecords=250&format=json&DATE=202501
www.thenortherner.com,December 2024,https://api.gdeltproject.org/api/v2/doc/doc?query=domain:www.thenortherner.com&mode=artlist&maxrecords=250&format=json&DATE=202412
www.thenortherner.com,November 2024,https://api.gdeltproject.org/api/v2/doc/doc?query=domain:www.thenortherner.com&mode=artlist&maxrecords=250&format=json&DATE=202411
www.thenortherner.com,October 2024,https://api.gdeltproject.org/api/v2/doc/doc?query=domain:www.thenortherner.com&mode=artlist&maxrecords=250&format=json&DATE=202410
www.thenortherner.com,September 2024,https://api.gdeltproject.org/api/v2/doc/doc?query=domain:www.thenortherner.com&mode=artlist&maxrecords=250&format=json&DATE=202409
www.thenortherner.com,August 2024,https://api.gdeltproject.org/api/v2/doc/doc?query=domain:www.thenortherner.com&mode=artlist&maxrecords=250&format=json&DATE=202408
www.thenortherner.com,July 2024,https://api.gdeltproject.org/api/v2/doc/doc?query=domain:www.thenortherner.com&mode=artlist&maxrecords=250&format=json&DATE=202407
www.thenortherner.com,June 2024,https://api.gdeltproject.org/api/v2/doc/doc?query=domain:www.thenortherner.com&mode=artlist&maxrecords=250&format=json&DATE=202406
www.thenortherner.com,May 2024,https://api.gdeltproject.org/api/v2/doc/doc?query=domain:www.thenortherner.com&mode=artlist&maxrecords=250&format=json&DATE=202405
www.thenortherner.com,April 2024,https://api.gdeltproject.org/api/v2/doc/doc?query=domain:www.thenortherner.com&mode=artlist&maxrecords=250&format=json&DATE=202404
wkujournalism.com,March 2025,https://api.gdeltproject.org/api/v2/doc/doc?query=domain:wkujournalism.com&mode=artlist&maxrecords=250&format=json&DATE=202503
wkujournalism.com,February 2025,https://api.gdeltproject.org/api/v2/doc/doc?query=domain:wkujournalism.com&mode=artlist&maxrecords=250&format=json&DATE=202502
wkujournalism.com,January 2025,https://api.gdeltproject.org/api/v2/doc/doc?query=domain:wkujournalism.com&mode=artlist&maxrecords=250&format=json&DATE=202501
wkujournalism.com,December 2024,https://api.gdeltproject.org/api/v2/doc/doc?query=domain:wkujournalism.com&mode=artlist&maxrecords=250&format=json&DATE=202412
wkujournalism.com,November 2024,https://api.gdeltproject.org/api/v2/doc/doc?query=domain:wkujournalism.com&mode=artlist&maxrecords=250&format=json&DATE=202411
wkujournalism.com,October 2024,https://api.gdeltproject.org/api/v2/doc/doc?query=domain:wkujournalism.com&mode=artlist&maxrecords=250&format=json&DATE=202410
wkujournalism.com,September 2024,https://api.gdeltproject.org/api/v2/doc/doc?query=domain:wkujournalism.com&mode=artlist&maxrecords=250&format=json&DATE=202409
wkujournalism.com,August 2024,https://api.gdeltproject.org/api/v2/doc/doc?query=domain:wkujournalism.com&mode=artlist&maxrecords=250&format=json&DATE=202408
wkujournalism.com,July 2024,https://api.gdeltproject.org/api/v2/doc/doc?query=domain:wkujournalism.com&mode=artlist&maxrecords=250&format=json&DATE=202407
wkujournalism.com,June 2024,https://api.gdeltproject.org/api/v2/doc/doc?query=domain:wkujournalism.com&mode=artlist&maxrecords=250&format=json&DATE=202406
wkujournalism.com,May 2024,https://api.gdeltproject.org/api/v2/doc/doc?query=domain:wkujournalism.com&mode=artlist&maxrecords=250&format=json&DATE=202405
wkujournalism.com,April 2024,https://api.gdeltproject.org/api/v2/doc/doc?query=domain:wkujournalism.com&mode=artlist&maxrecords=250&format=json&DATE=202404
lsucoldcaseproject.com,March 2025,https://api.gdeltproject.org/api/v2/doc/doc?query=domain:lsucoldcaseproject.com&mode=artlist&maxrecords=250&format=json&DATE=202503
lsucoldcaseproject.com,February 2025,https://api.gdeltproject.org/api/v2/doc/doc?query=domain:lsucoldcaseproject.com&mode=artlist&maxrecords=250&format=json&DATE=202502
lsucoldcaseproject.com,January 2025,https://api.gdeltproject.org/api/v2/doc/doc?query=domain:lsucoldcaseproject.com&mode=artlist&maxrecords=250&format=json&DATE=202501
lsucoldcaseproject.com,December 2024,https://api.gdeltproject.org/api/v2/doc/doc?query=domain:lsucoldcaseproject.com&mode=artlist&maxrecords=250&format=json&DATE=202412
lsucoldcaseproject.com,November 2024,https://api.gdeltproject.org/api/v2/doc/doc?query=domain:lsucoldcaseproject.com&mode=artlist&maxrecords=250&format=json&DATE=202411
lsucoldcaseproject.com,October 2024,https://api.gdeltproject.org/api/v2/doc/doc?query=domain:lsucoldcaseproject.com&mode=artlist&maxrecords=250&format=json&DATE=202410
lsucoldcaseproject.com,September 2024,https://api.gdeltproject.org/api/v2/doc/doc?query=domain:lsucoldcaseproject.com&mode=artlist&maxrecords=250&format=json&DATE=202409
lsucoldcaseproject.com,August 2024,https://api.gdeltproject.org/api/v2/doc/doc?query=domain:lsucoldcaseproject.com&mode=artlist&maxrecords=250&format=json&DATE=202408
lsucoldcaseproject.com,July 2024,https://api.gdeltproject.org/api/v2/doc/doc?query=domain:lsucoldcaseproject.com&mode=artlist&maxrecords=250&format=json&DATE=202407
lsucoldcaseproject.com,June 2024,https://api.gdeltproject.org/api/v2/doc/doc?query=domain:lsucoldcaseproject.com&mode=artlist&maxrecords=250&format=json&DATE=202406
lsucoldcaseproject.com,May 2024,https://api.gdeltproject.org/api/v2/doc/doc?query=domain:lsucoldcaseproject.com&mode=artlist&maxrecords=250&format=json&DATE=202405
lsucoldcaseproject.com,April 2024,https://api.gdeltproject.org/api/v2/doc/doc?query=domain:lsucoldcaseproject.com&mode=artlist&maxrecords=250&format=json&DATE=202404
manshipxgr.org,March 2025,https://api.gdeltproject.org/api/v2/doc/doc?query=domain:manshipxgr.org&mode=artlist&maxrecords=250&format=json&DATE=202503
manshipxgr.org,February 2025,https://api.gdeltproject.org/api/v2/doc/doc?query=domain:manshipxgr.org&mode=artlist&maxrecords=250&format=json&DATE=202502
manshipxgr.org,January 2025,https://api.gdeltproject.org/api/v2/doc/doc?query=domain:manshipxgr.org&mode=artlist&maxrecords=250&format=json&DATE=202501
manshipxgr.org,December 2024,https://api.gdeltproject.org/api/v2/doc/doc?query=domain:manshipxgr.org&mode=artlist&maxrecords=250&format=json&DATE=202412
manshipxgr.org,November 2024,https://api.gdeltproject.org/api/v2/doc/doc?query=domain:manshipxgr.org&mode=artlist&maxrecords=250&format=json&DATE=202411
manshipxgr.org,October 2024,https://api.gdeltproject.org/api/v2/doc/doc?query=domain:manshipxgr.org&mode=artlist&maxrecords=250&format=json&DATE=202410
manshipxgr.org,September 2024,https://api.gdeltproject.org/api/v2/doc/doc?query=domain:manshipxgr.org&mode=artlist&maxrecords=250&format=json&DATE=202409
manshipxgr.org,August 2024,https://api.gdeltproject.org/api/v2/doc/doc?query=domain:manshipxgr.org&mode=artlist&maxrecords=250&format=json&DATE=202408
manshipxgr.org,July 2024,https://api.gdeltproject.org/api/v2/doc/doc?query=domain:manshipxgr.org&mode=artlist&maxrecords=250&format=json&DATE=202407
manshipxgr.org,June 2024,https://api.gdeltproject.org/api/v2/doc/doc?query=domain:manshipxgr.org&mode=artlist&maxrecords=250&format=json&DATE=202406
manshipxgr.org,May 2024,https://api.gdeltproject.org/api/v2/doc/doc?query=domain:manshipxgr.org&mode=artlist&maxrecords=250&format=json&DATE=202405
manshipxgr.org,April 2024,https://api.gdeltproject.org/api/v2/doc/doc?query=domain:manshipxgr.org&mode=artlist&maxrecords=250&format=json&DATE=202404
purplemedianetwork.com,March 2025,https://api.gdeltproject.org/api/v2/doc/doc?query=domain:purplemedianetwork.com&mode=artlist&maxrecords=250&format=json&DATE=202503
purplemedianetwork.com,February 2025,https://api.gdeltproject.org/api/v2/doc/doc?query=domain:purplemedianetwork.com&mode=artlist&maxrecords=250&format=json&DATE=202502
purplemedianetwork.com,January 2025,https://api.gdeltproject.org/api/v2/doc/doc?query=domain:purplemedianetwork.com&mode=artlist&maxrecords=250&format=json&DATE=202501
purplemedianetwork.com,December 2024,https://api.gdeltproject.org/api/v2/doc/doc?query=domain:purplemedianetwork.com&mode=artlist&maxrecords=250&format=json&DATE=202412
purplemedianetwork.com,November 2024,https://api.gdeltproject.org/api/v2/doc/doc?query=domain:purplemedianetwork.com&mode=artlist&maxrecords=250&format=json&DATE=202411
purplemedianetwork.com,October 2024,https://api.gdeltproject.org/api/v2/doc/doc?query=domain:purplemedianetwork.com&mode=artlist&maxrecords=250&format=json&DATE=202410
purplemedianetwork.com,September 2024,https://api.gdeltproject.org/api/v2/doc/doc?query=domain:purplemedianetwork.com&mode=artlist&maxrecords=250&format=json&DATE=202409
purplemedianetwork.com,August 2024,https://api.gdeltproject.org/api/v2/doc/doc?query=domain:purplemedianetwork.com&mode=artlist&maxrecords=250&format=json&DATE=202408
purplemedianetwork.com,July 2024,https://api.gdeltproject.org/api/v2/doc/doc?query=domain:purplemedianetwork.com&mode=artlist&maxrecords=250&format=json&DATE=202407
purplemedianetwork.com,June 2024,https://api.gdeltproject.org/api/v2/doc/doc?query=domain:purplemedianetwork.com&mode=artlist&maxrecords=250&format=json&DATE=202406
purplemedianetwork.com,May 2024,https://api.gdeltproject.org/api/v2/doc/doc?query=domain:purplemedianetwork.com&mode=artlist&maxrecords=250&format=json&DATE=202405
purplemedianetwork.com,April 2024,https://api.gdeltproject.org/api/v2/doc/doc?query=domain:purplemedianetwork.com&mode=artlist&maxrecords=250&format=json&DATE=202404
www.wgbh.org,March 2025,https://api.gdeltproject.org/api/v2/doc/doc?query=domain:www.wgbh.org&mode=artlist&maxrecords=250&format=json&DATE=202503
www.wgbh.org,February 2025,https://api.gdeltproject.org/api/v2/doc/doc?query=domain:www.wgbh.org&mode=artlist&maxrecords=250&format=json&DATE=202502
www.wgbh.org,January 2025,https://api.gdeltproject.org/api/v2/doc/doc?query=domain:www.wgbh.org&mode=artlist&maxrecords=250&format=json&DATE=202501
www.wgbh.org,December 2024,https://api.gdeltproject.org/api/v2/doc/doc?query=domain:www.wgbh.org&mode=artlist&maxrecords=250&format=json&DATE=202412
www.wgbh.org,November 2024,https://api.gdeltproject.org/api/v2/doc/doc?query=domain:www.wgbh.org&mode=artlist&maxrecords=250&format=json&DATE=202411
www.wgbh.org,October 2024,https://api.gdeltproject.org/api/v2/doc/doc?query=domain:www.wgbh.org&mode=artlist&maxrecords=250&format=json&DATE=202410
www.wgbh.org,September 2024,https://api.gdeltproject.org/api/v2/doc/doc?query=domain:www.wgbh.org&mode=artlist&maxrecords=250&format=json&DATE=202409
www.wgbh.org,August 2024,https://api.gdeltproject.org/api/v2/doc/doc?query=domain:www.wgbh.org&mode=artlist&maxrecords=250&format=json&DATE=202408
www.wgbh.org,July 2024,https://api.gdeltproject.org/api/v2/doc/doc?query=domain:www.wgbh.org&mode=artlist&maxrecords=250&format=json&DATE=202407
www.wgbh.org,June 2024,https://api.gdeltproject.org/api/v2/doc/doc?query=domain:www.wgbh.org&mode=artlist&maxrecords=250&format=json&DATE=202406
www.wgbh.org,May 2024,https://api.gdeltproject.org/api/v2/doc/doc?query=domain:www.wgbh.org&mode=artlist&maxrecords=250&format=json&DATE=202405
www.wgbh.org,April 2024,https://api.gdeltproject.org/api/v2/doc/doc?query=domain:www.wgbh.org&mode=artlist&maxrecords=250&format=json&DATE=202404
clarkcommunityjournalism.wordpress.com,March 2025,https://api.gdeltproject.org/api/v2/doc/doc?query=domain:clarkcommunityjournalism.wordpress.com&mode=artlist&maxrecords=250&format=json&DATE=202503
clarkcommunityjournalism.wordpress.com,February 2025,https://api.gdeltproject.org/api/v2/doc/doc?query=domain:clarkcommunityjournalism.wordpress.com&mode=artlist&maxrecords=250&format=json&DATE=202502
clarkcommunityjournalism.wordpress.com,January 2025,https://api.gdeltproject.org/api/v2/doc/doc?query=domain:clarkcommunityjournalism.wordpress.com&mode=artlist&maxrecords=250&format=json&DATE=202501
clarkcommunityjournalism.wordpress.com,December 2024,https://api.gdeltproject.org/api/v2/doc/doc?query=domain:clarkcommunityjournalism.wordpress.com&mode=artlist&maxrecords=250&format=json&DATE=202412
clarkcommunityjournalism.wordpress.com,November 2024,https://api.gdeltproject.org/api/v2/doc/doc?query=domain:clarkcommunityjournalism.wordpress.com&mode=artlist&maxrecords=250&format=json&DATE=202411
clarkcommunityjournalism.wordpress.com,October 2024,https://api.gdeltproject.org/api/v2/doc/doc?query=domain:clarkcommunityjournalism.wordpress.com&mode=artlist&maxrecords=250&format=json&DATE=202410
clarkcommunityjournalism.wordpress.com,September 2024,https://api.gdeltproject.org/api/v2/doc/doc?query=domain:clarkcommunityjournalism.wordpress.com&mode=artlist&maxrecords=250&format=json&DATE=202409
clarkcommunityjournalism.wordpress.com,August 2024,https://api.gdeltproject.org/api/v2/doc/doc?query=domain:clarkcommunityjournalism.wordpress.com&mode=artlist&maxrecords=250&format=json&DATE=202408
clarkcommunityjournalism.wordpress.com,July 2024,https://api.gdeltproject.org/api/v2/doc/doc?query=domain:clarkcommunityjournalism.wordpress.com&mode=artlist&maxrecords=250&format=json&DATE=202407
clarkcommunityjournalism.wordpress.com,June 2024,https://api.gdeltproject.org/api/v2/doc/doc?query=domain:clarkcommunityjournalism.wordpress.com&mode=artlist&maxrecords=250&format=json&DATE=202406
clarkcommunityjournalism.wordpress.com,May 2024,https://api.gdeltproject.org/api/v2/doc/doc?query=domain:clarkcommunityjournalism.wordpress.com&mode=artlist&maxrecords=250&format=json&DATE=202405
clarkcommunityjournalism.wordpress.com,April 2024,https://api.gdeltproject.org/api/v2/doc/doc?query=domain:clarkcommunityjournalism.wordpress.com&mode=artlist&maxrecords=250&format=json&DATE=202404
thescopeboston.org,March 2025,https://api.gdeltproject.org/api/v2/doc/doc?query=domain:thescopeboston.org&mode=artlist&maxrecords=250&format=json&DATE=202503
thescopeboston.org,February 2025,https://api.gdeltproject.org/api/v2/doc/doc?query=domain:thescopeboston.org&mode=artlist&maxrecords=250&format=json&DATE=202502
thescopeboston.org,January 2025,https://api.gdeltproject.org/api/v2/doc/doc?query=domain:thescopeboston.org&mode=artlist&maxrecords=250&format=json&DATE=202501
thescopeboston.org,December 2024,https://api.gdeltproject.org/api/v2/doc/doc?query=domain:thescopeboston.org&mode=artlist&maxrecords=250&format=json&DATE=202412
thescopeboston.org,November 2024,https://api.gdeltproject.org/api/v2/doc/doc?query=domain:thescopeboston.org&mode=artlist&maxrecords=250&format=json&DATE=202411
thescopeboston.org,October 2024,https://api.gdeltproject.org/api/v2/doc/doc?query=domain:thescopeboston.org&mode=artlist&maxrecords=250&format=json&DATE=202410
thescopeboston.org,September 2024,https://api.gdeltproject.org/api/v2/doc/doc?query=domain:thescopeboston.org&mode=artlist&maxrecords=250&format=json&DATE=202409
thescopeboston.org,August 2024,https://api.gdeltproject.org/api/v2/doc/doc?query=domain:thescopeboston.org&mode=artlist&maxrecords=250&format=json&DATE=202408
thescopeboston.org,July 2024,https://api.gdeltproject.org/api/v2/doc/doc?query=domain:thescopeboston.org&mode=artlist&maxrecords=250&format=json&DATE=202407
thescopeboston.org,June 2024,https://api.gdeltproject.org/api/v2/doc/doc?query=domain:thescopeboston.org&mode=artlist&maxrecords=250&format=json&DATE=202406
thescopeboston.org,May 2024,https://api.gdeltproject.org/api/v2/doc/doc?query=domain:thescopeboston.org&mode=artlist&maxrecords=250&format=json&DATE=202405
thescopeboston.org,April 2024,https://api.gdeltproject.org/api/v2/doc/doc?query=domain:thescopeboston.org&mode=artlist&maxrecords=250&format=json&DATE=202404
cnsmaryland.org,March 2025,https://api.gdeltproject.org/api/v2/doc/doc?query=domain:cnsmaryland.org&mode=artlist&maxrecords=250&format=json&DATE=202503
cnsmaryland.org,February 2025,https://api.gdeltproject.org/api/v2/doc/doc?query=domain:cnsmaryland.org&mode=artlist&maxrecords=250&format=json&DATE=202502
cnsmaryland.org,January 2025,https://api.gdeltproject.org/api/v2/doc/doc?query=domain:cnsmaryland.org&mode=artlist&maxrecords=250&format=json&DATE=202501
cnsmaryland.org,December 2024,https://api.gdeltproject.org/api/v2/doc/doc?query=domain:cnsmaryland.org&mode=artlist&maxrecords=250&format=json&DATE=202412
cnsmaryland.org,November 2024,https://api.gdeltproject.org/api/v2/doc/doc?query=domain:cnsmaryland.org&mode=artlist&maxrecords=250&format=json&DATE=202411
cnsmaryland.org,October 2024,https://api.gdeltproject.org/api/v2/doc/doc?query=domain:cnsmaryland.org&mode=artlist&maxrecords=250&format=json&DATE=202410
cnsmaryland.org,September 2024,https://api.gdeltproject.org/api/v2/doc/doc?query=domain:cnsmaryland.org&mode=artlist&maxrecords=250&format=json&DATE=202409
cnsmaryland.org,August 2024,https://api.gdeltproject.org/api/v2/doc/doc?query=domain:cnsmaryland.org&mode=artlist&maxrecords=250&format=json&DATE=202408
cnsmaryland.org,July 2024,https://api.gdeltproject.org/api/v2/doc/doc?query=domain:cnsmaryland.org&mode=artlist&maxrecords=250&format=json&DATE=202407
cnsmaryland.org,June 2024,https://api.gdeltproject.org/api/v2/doc/doc?query=domain:cnsmaryland.org&mode=artlist&maxrecords=250&format=json&DATE=202406
cnsmaryland.org,May 2024,https://api.gdeltproject.org/api/v2/doc/doc?query=domain:cnsmaryland.org&mode=artlist&maxrecords=250&format=json&DATE=202405
cnsmaryland.org,April 2024,https://api.gdeltproject.org/api/v2/doc/doc?query=domain:cnsmaryland.org&mode=artlist&maxrecords=250&format=json&DATE=202404
news.jrn.msu.edu,March 2025,https://api.gdeltproject.org/api/v2/doc/doc?query=domain:news.jrn.msu.edu&mode=artlist&maxrecords=250&format=json&DATE=202503
news.jrn.msu.edu,February 2025,https://api.gdeltproject.org/api/v2/doc/doc?query=domain:news.jrn.msu.edu&mode=artlist&maxrecords=250&format=json&DATE=202502
news.jrn.msu.edu,January 2025,https://api.gdeltproject.org/api/v2/doc/doc?query=domain:news.jrn.msu.edu&mode=artlist&maxrecords=250&format=json&DATE=202501
news.jrn.msu.edu,December 2024,https://api.gdeltproject.org/api/v2/doc/doc?query=domain:news.jrn.msu.edu&mode=artlist&maxrecords=250&format=json&DATE=202412
news.jrn.msu.edu,November 2024,https://api.gdeltproject.org/api/v2/doc/doc?query=domain:news.jrn.msu.edu&mode=artlist&maxrecords=250&format=json&DATE=202411
news.jrn.msu.edu,October 2024,https://api.gdeltproject.org/api/v2/doc/doc?query=domain:news.jrn.msu.edu&mode=artlist&maxrecords=250&format=json&DATE=202410
news.jrn.msu.edu,September 2024,https://api.gdeltproject.org/api/v2/doc/doc?query=domain:news.jrn.msu.edu&mode=artlist&maxrecords=250&format=json&DATE=202409
news.jrn.msu.edu,August 2024,https://api.gdeltproject.org/api/v2/doc/doc?query=domain:news.jrn.msu.edu&mode=artlist&maxrecords=250&format=json&DATE=202408
news.jrn.msu.edu,July 2024,https://api.gdeltproject.org/api/v2/doc/doc?query=domain:news.jrn.msu.edu&mode=artlist&maxrecords=250&format=json&DATE=202407
news.jrn.msu.edu,June 2024,https://api.gdeltproject.org/api/v2/doc/doc?query=domain:news.jrn.msu.edu&mode=artlist&maxrecords=250&format=json&DATE=202406
news.jrn.msu.edu,May 2024,https://api.gdeltproject.org/api/v2/doc/doc?query=domain:news.jrn.msu.edu&mode=artlist&maxrecords=250&format=json&DATE=202405
news.jrn.msu.edu,April 2024,https://api.gdeltproject.org/api/v2/doc/doc?query=domain:news.jrn.msu.edu&mode=artlist&maxrecords=250&format=json&DATE=202404
greatlakesecho.org,March 2025,https://api.gdeltproject.org/api/v2/doc/doc?query=domain:greatlakesecho.org&mode=artlist&maxrecords=250&format=json&DATE=202503
greatlakesecho.org,February 2025,https://api.gdeltproject.org/api/v2/doc/doc?query=domain:greatlakesecho.org&mode=artlist&maxrecords=250&format=json&DATE=202502
greatlakesecho.org,January 2025,https://api.gdeltproject.org/api/v2/doc/doc?query=domain:greatlakesecho.org&mode=artlist&maxrecords=250&format=json&DATE=202501
greatlakesecho.org,December 2024,https://api.gdeltproject.org/api/v2/doc/doc?query=domain:greatlakesecho.org&mode=artlist&maxrecords=250&format=json&DATE=202412
greatlakesecho.org,November 2024,https://api.gdeltproject.org/api/v2/doc/doc?query=domain:greatlakesecho.org&mode=artlist&maxrecords=250&format=json&DATE=202411
greatlakesecho.org,October 2024,https://api.gdeltproject.org/api/v2/doc/doc?query=domain:greatlakesecho.org&mode=artlist&maxrecords=250&format=json&DATE=202410
greatlakesecho.org,September 2024,https://api.gdeltproject.org/api/v2/doc/doc?query=domain:greatlakesecho.org&mode=artlist&maxrecords=250&format=json&DATE=202409
greatlakesecho.org,August 2024,https://api.gdeltproject.org/api/v2/doc/doc?query=domain:greatlakesecho.org&mode=artlist&maxrecords=250&format=json&DATE=202408
greatlakesecho.org,July 2024,https://api.gdeltproject.org/api/v2/doc/doc?query=domain:greatlakesecho.org&mode=artlist&maxrecords=250&format=json&DATE=202407
greatlakesecho.org,June 2024,https://api.gdeltproject.org/api/v2/doc/doc?query=domain:greatlakesecho.org&mode=artlist&maxrecords=250&format=json&DATE=202406
greatlakesecho.org,May 2024,https://api.gdeltproject.org/api/v2/doc/doc?query=domain:greatlakesecho.org&mode=artlist&maxrecords=250&format=json&DATE=202405
greatlakesecho.org,April 2024,https://api.gdeltproject.org/api/v2/doc/doc?query=domain:greatlakesecho.org&mode=artlist&maxrecords=250&format=json&DATE=202404
www.projectoptimist.us,March 2025,https://api.gdeltproject.org/api/v2/doc/doc?query=domain:www.projectoptimist.us&mode=artlist&maxrecords=250&format=json&DATE=202503
www.projectoptimist.us,February 2025,https://api.gdeltproject.org/api/v2/doc/doc?query=domain:www.projectoptimist.us&mode=artlist&maxrecords=250&format=json&DATE=202502
www.projectoptimist.us,January 2025,https://api.gdeltproject.org/api/v2/doc/doc?query=domain:www.projectoptimist.us&mode=artlist&maxrecords=250&format=json&DATE=202501
www.projectoptimist.us,December 2024,https://api.gdeltproject.org/api/v2/doc/doc?query=domain:www.projectoptimist.us&mode=artlist&maxrecords=250&format=json&DATE=202412
www.projectoptimist.us,November 2024,https://api.gdeltproject.org/api/v2/doc/doc?query=domain:www.projectoptimist.us&mode=artlist&maxrecords=250&format=json&DATE=202411
www.projectoptimist.us,October 2024,https://api.gdeltproject.org/api/v2/doc/doc?query=domain:www.projectoptimist.us&mode=artlist&maxrecords=250&format=json&DATE=202410
www.projectoptimist.us,September 2024,https://api.gdeltproject.org/api/v2/doc/doc?query=domain:www.projectoptimist.us&mode=artlist&maxrecords=250&format=json&DATE=202409
www.projectoptimist.us,August 2024,https://api.gdeltproject.org/api/v2/doc/doc?query=domain:www.projectoptimist.us&mode=artlist&maxrecords=250&format=json&DATE=202408
www.projectoptimist.us,July 2024,https://api.gdeltproject.org/api/v2/doc/doc?query=domain:www.projectoptimist.us&mode=artlist&maxrecords=250&format=json&DATE=202407
www.projectoptimist.us,June 2024,https://api.gdeltproject.org/api/v2/doc/doc?query=domain:www.projectoptimist.us&mode=artlist&maxrecords=250&format=json&DATE=202406
www.projectoptimist.us,May 2024,https://api.gdeltproject.org/api/v2/doc/doc?query=domain:www.projectoptimist.us&mode=artlist&maxrecords=250&format=json&DATE=202405
www.projectoptimist.us,April 2024,https://api.gdeltproject.org/api/v2/doc/doc?query=domain:www.projectoptimist.us&mode=artlist&maxrecords=250&format=json&DATE=202404
www.columbiamissourian.com,March 2025,https://api.gdeltproject.org/api/v2/doc/doc?query=domain:www.columbiamissourian.com&mode=artlist&maxrecords=250&format=json&DATE=202503
www.columbiamissourian.com,February 2025,https://api.gdeltproject.org/api/v2/doc/doc?query=domain:www.columbiamissourian.com&mode=artlist&maxrecords=250&format=json&DATE=202502
www.columbiamissourian.com,January 2025,https://api.gdeltproject.org/api/v2/doc/doc?query=domain:www.columbiamissourian.com&mode=artlist&maxrecords=250&format=json&DATE=202501
www.columbiamissourian.com,December 2024,https://api.gdeltproject.org/api/v2/doc/doc?query=domain:www.columbiamissourian.com&mode=artlist&maxrecords=250&format=json&DATE=202412
www.columbiamissourian.com,November 2024,https://api.gdeltproject.org/api/v2/doc/doc?query=domain:www.columbiamissourian.com&mode=artlist&maxrecords=250&format=json&DATE=202411
www.columbiamissourian.com,October 2024,https://api.gdeltproject.org/api/v2/doc/doc?query=domain:www.columbiamissourian.com&mode=artlist&maxrecords=250&format=json&DATE=202410
www.columbiamissourian.com,September 2024,https://api.gdeltproject.org/api/v2/doc/doc?query=domain:www.columbiamissourian.com&mode=artlist&maxrecords=250&format=json&DATE=202409
www.columbiamissourian.com,August 2024,https://api.gdeltproject.org/api/v2/doc/doc?query=domain:www.columbiamissourian.com&mode=artlist&maxrecords=250&format=json&DATE=202408
www.columbiamissourian.com,July 2024,https://api.gdeltproject.org/api/v2/doc/doc?query=domain:www.columbiamissourian.com&mode=artlist&maxrecords=250&format=json&DATE=202407
www.columbiamissourian.com,June 2024,https://api.gdeltproject.org/api/v2/doc/doc?query=domain:www.columbiamissourian.com&mode=artlist&maxrecords=250&format=json&DATE=202406
www.columbiamissourian.com,May 2024,https://api.gdeltproject.org/api/v2/doc/doc?query=domain:www.columbiamissourian.com&mode=artlist&maxrecords=250&format=json&DATE=202405
www.columbiamissourian.com,April 2024,https://api.gdeltproject.org/api/v2/doc/doc?query=domain:www.columbiamissourian.com&mode=artlist&maxrecords=250&format=json&DATE=202404
www.kbia.org/news,March 2025,https://api.gdeltproject.org/api/v2/doc/doc?query=domain:www.kbia.org/news&mode=artlist&maxrecords=250&format=json&DATE=202503
www.kbia.org/news,February 2025,https://api.gdeltproject.org/api/v2/doc/doc?query=domain:www.kbia.org/news&mode=artlist&maxrecords=250&format=json&DATE=202502
www.kbia.org/news,January 2025,https://api.gdeltproject.org/api/v2/doc/doc?query=domain:www.kbia.org/news&mode=artlist&maxrecords=250&format=json&DATE=202501
www.kbia.org/news,December 2024,https://api.gdeltproject.org/api/v2/doc/doc?query=domain:www.kbia.org/news&mode=artlist&maxrecords=250&format=json&DATE=202412
www.kbia.org/news,November 2024,https://api.gdeltproject.org/api/v2/doc/doc?query=domain:www.kbia.org/news&mode=artlist&maxrecords=250&format=json&DATE=202411
www.kbia.org/news,October 2024,https://api.gdeltproject.org/api/v2/doc/doc?query=domain:www.kbia.org/news&mode=artlist&maxrecords=250&format=json&DATE=202410
www.kbia.org/news,September 2024,https://api.gdeltproject.org/api/v2/doc/doc?query=domain:www.kbia.org/news&mode=artlist&maxrecords=250&format=json&DATE=202409
www.kbia.org/news,August 2024,https://api.gdeltproject.org/api/v2/doc/doc?query=domain:www.kbia.org/news&mode=artlist&maxrecords=250&format=json&DATE=202408
www.kbia.org/news,July 2024,https://api.gdeltproject.org/api/v2/doc/doc?query=domain:www.kbia.org/news&mode=artlist&maxrecords=250&format=json&DATE=202407
www.kbia.org/news,June 2024,https://api.gdeltproject.org/api/v2/doc/doc?query=domain:www.kbia.org/news&mode=artlist&maxrecords=250&format=json&DATE=202406
www.kbia.org/news,May 2024,https://api.gdeltproject.org/api/v2/doc/doc?query=domain:www.kbia.org/news&mode=artlist&maxrecords=250&format=json&DATE=202405
www.kbia.org/news,April 2024,https://api.gdeltproject.org/api/v2/doc/doc?query=domain:www.kbia.org/news&mode=artlist&maxrecords=250&format=json&DATE=202404
9thstreetjournal.org,March 2025,https://api.gdeltproject.org/api/v2/doc/doc?query=domain:9thstreetjournal.org&mode=artlist&maxrecords=250&format=json&DATE=202503
9thstreetjournal.org,February 2025,https://api.gdeltproject.org/api/v2/doc/doc?query=domain:9thstreetjournal.org&mode=artlist&maxrecords=250&format=json&DATE=202502
9thstreetjournal.org,January 2025,https://api.gdeltproject.org/api/v2/doc/doc?query=domain:9thstreetjournal.org&mode=artlist&maxrecords=250&format=json&DATE=202501
9thstreetjournal.org,December 2024,https://api.gdeltproject.org/api/v2/doc/doc?query=domain:9thstreetjournal.org&mode=artlist&maxrecords=250&format=json&DATE=202412
9thstreetjournal.org,November 2024,https://api.gdeltproject.org/api/v2/doc/doc?query=domain:9thstreetjournal.org&mode=artlist&maxrecords=250&format=json&DATE=202411
9thstreetjournal.org,October 2024,https://api.gdeltproject.org/api/v2/doc/doc?query=domain:9thstreetjournal.org&mode=artlist&maxrecords=250&format=json&DATE=202410
9thstreetjournal.org,September 2024,https://api.gdeltproject.org/api/v2/doc/doc?query=domain:9thstreetjournal.org&mode=artlist&maxrecords=250&format=json&DATE=202409
9thstreetjournal.org,August 2024,https://api.gdeltproject.org/api/v2/doc/doc?query=domain:9thstreetjournal.org&mode=artlist&maxrecords=250&format=json&DATE=202408
9thstreetjournal.org,July 2024,https://api.gdeltproject.org/api/v2/doc/doc?query=domain:9thstreetjournal.org&mode=artlist&maxrecords=250&format=json&DATE=202407
9thstreetjournal.org,June 2024,https://api.gdeltproject.org/api/v2/doc/doc?query=domain:9thstreetjournal.org&mode=artlist&maxrecords=250&format=json&DATE=202406
9thstreetjournal.org,May 2024,https://api.gdeltproject.org/api/v2/doc/doc?query=domain:9thstreetjournal.org&mode=artlist&maxrecords=250&format=json&DATE=202405
9thstreetjournal.org,April 2024,https://api.gdeltproject.org/api/v2/doc/doc?query=domain:9thstreetjournal.org&mode=artlist&maxrecords=250&format=json&DATE=202404
storieswetell.news,March 2025,https://api.gdeltproject.org/api/v2/doc/doc?query=domain:storieswetell.news&mode=artlist&maxrecords=250&format=json&DATE=202503
storieswetell.news,February 2025,https://api.gdeltproject.org/api/v2/doc/doc?query=domain:storieswetell.news&mode=artlist&maxrecords=250&format=json&DATE=202502
storieswetell.news,January 2025,https://api.gdeltproject.org/api/v2/doc/doc?query=domain:storieswetell.news&mode=artlist&maxrecords=250&format=json&DATE=202501
storieswetell.news,December 2024,https://api.gdeltproject.org/api/v2/doc/doc?query=domain:storieswetell.news&mode=artlist&maxrecords=250&format=json&DATE=202412
storieswetell.news,November 2024,https://api.gdeltproject.org/api/v2/doc/doc?query=domain:storieswetell.news&mode=artlist&maxrecords=250&format=json&DATE=202411
storieswetell.news,October 2024,https://api.gdeltproject.org/api/v2/doc/doc?query=domain:storieswetell.news&mode=artlist&maxrecords=250&format=json&DATE=202410
storieswetell.news,September 2024,https://api.gdeltproject.org/api/v2/doc/doc?query=domain:storieswetell.news&mode=artlist&maxrecords=250&format=json&DATE=202409
storieswetell.news,August 2024,https://api.gdeltproject.org/api/v2/doc/doc?query=domain:storieswetell.news&mode=artlist&maxrecords=250&format=json&DATE=202408
storieswetell.news,July 2024,https://api.gdeltproject.org/api/v2/doc/doc?query=domain:storieswetell.news&mode=artlist&maxrecords=250&format=json&DATE=202407
storieswetell.news,June 2024,https://api.gdeltproject.org/api/v2/doc/doc?query=domain:storieswetell.news&mode=artlist&maxrecords=250&format=json&DATE=202406
storieswetell.news,May 2024,https://api.gdeltproject.org/api/v2/doc/doc?query=domain:storieswetell.news&mode=artlist&maxrecords=250&format=json&DATE=202405
storieswetell.news,April 2024,https://api.gdeltproject.org/api/v2/doc/doc?query=domain:storieswetell.news&mode=artlist&maxrecords=250&format=json&DATE=202404
qcitymetro.com,March 2025,https://api.gdeltproject.org/api/v2/doc/doc?query=domain:qcitymetro.com&mode=artlist&maxrecords=250&format=json&DATE=202503
qcitymetro.com,February 2025,https://api.gdeltproject.org/api/v2/doc/doc?query=domain:qcitymetro.com&mode=artlist&maxrecords=250&format=json&DATE=202502
qcitymetro.com,January 2025,https://api.gdeltproject.org/api/v2/doc/doc?query=domain:qcitymetro.com&mode=artlist&maxrecords=250&format=json&DATE=202501
qcitymetro.com,December 2024,https://api.gdeltproject.org/api/v2/doc/doc?query=domain:qcitymetro.com&mode=artlist&maxrecords=250&format=json&DATE=202412
qcitymetro.com,November 2024,https://api.gdeltproject.org/api/v2/doc/doc?query=domain:qcitymetro.com&mode=artlist&maxrecords=250&format=json&DATE=202411
qcitymetro.com,October 2024,https://api.gdeltproject.org/api/v2/doc/doc?query=domain:qcitymetro.com&mode=artlist&maxrecords=250&format=json&DATE=202410
qcitymetro.com,September 2024,https://api.gdeltproject.org/api/v2/doc/doc?query=domain:qcitymetro.com&mode=artlist&maxrecords=250&format=json&DATE=202409
qcitymetro.com,August 2024,https://api.gdeltproject.org/api/v2/doc/doc?query=domain:qcitymetro.com&mode=artlist&maxrecords=250&format=json&DATE=202408
qcitymetro.com,July 2024,https://api.gdeltproject.org/api/v2/doc/doc?query=domain:qcitymetro.com&mode=artlist&maxrecords=250&format=json&DATE=202407
qcitymetro.com,June 2024,https://api.gdeltproject.org/api/v2/doc/doc?query=domain:qcitymetro.com&mode=artlist&maxrecords=250&format=json&DATE=202406
qcitymetro.com,May 2024,https://api.gdeltproject.org/api/v2/doc/doc?query=domain:qcitymetro.com&mode=artlist&maxrecords=250&format=json&DATE=202405
qcitymetro.com,April 2024,https://api.gdeltproject.org/api/v2/doc/doc?query=domain:qcitymetro.com&mode=artlist&maxrecords=250&format=json&DATE=202404
thewesterncarolinajournalist.com/category/news,March 2025,https://api.gdeltproject.org/api/v2/doc/doc?query=domain:thewesterncarolinajournalist.com/category/news&mode=artlist&maxrecords=250&format=json&DATE=202503
thewesterncarolinajournalist.com/category/news,February 2025,https://api.gdeltproject.org/api/v2/doc/doc?query=domain:thewesterncarolinajournalist.com/category/news&mode=artlist&maxrecords=250&format=json&DATE=202502
thewesterncarolinajournalist.com/category/news,January 2025,https://api.gdeltproject.org/api/v2/doc/doc?query=domain:thewesterncarolinajournalist.com/category/news&mode=artlist&maxrecords=250&format=json&DATE=202501
thewesterncarolinajournalist.com/category/news,December 2024,https://api.gdeltproject.org/api/v2/doc/doc?query=domain:thewesterncarolinajournalist.com/category/news&mode=artlist&maxrecords=250&format=json&DATE=202412
thewesterncarolinajournalist.com/category/news,November 2024,https://api.gdeltproject.org/api/v2/doc/doc?query=domain:thewesterncarolinajournalist.com/category/news&mode=artlist&maxrecords=250&format=json&DATE=202411
thewesterncarolinajournalist.com/category/news,October 2024,https://api.gdeltproject.org/api/v2/doc/doc?query=domain:thewesterncarolinajournalist.com/category/news&mode=artlist&maxrecords=250&format=json&DATE=202410
thewesterncarolinajournalist.com/category/news,September 2024,https://api.gdeltproject.org/api/v2/doc/doc?query=domain:thewesterncarolinajournalist.com/category/news&mode=artlist&maxrecords=250&format=json&DATE=202409
thewesterncarolinajournalist.com/category/news,August 2024,https://api.gdeltproject.org/api/v2/doc/doc?query=domain:thewesterncarolinajournalist.com/category/news&mode=artlist&maxrecords=250&format=json&DATE=202408
thewesterncarolinajournalist.com/category/news,July 2024,https://api.gdeltproject.org/api/v2/doc/doc?query=domain:thewesterncarolinajournalist.com/category/news&mode=artlist&maxrecords=250&format=json&DATE=202407
thewesterncarolinajournalist.com/category/news,June 2024,https://api.gdeltproject.org/api/v2/doc/doc?query=domain:thewesterncarolinajournalist.com/category/news&mode=artlist&maxrecords=250&format=json&DATE=202406
thewesterncarolinajournalist.com/category/news,May 2024,https://api.gdeltproject.org/api/v2/doc/doc?query=domain:thewesterncarolinajournalist.com/category/news&mode=artlist&maxrecords=250&format=json&DATE=202405
thewesterncarolinajournalist.com/category/news,April 2024,https://api.gdeltproject.org/api/v2/doc/doc?query=domain:thewesterncarolinajournalist.com/category/news&mode=artlist&maxrecords=250&format=json&DATE=202404
sjclimate.news,March 2025,https://api.gdeltproject.org/api/v2/doc/doc?query=domain:sjclimate.news&mode=artlist&maxrecords=250&format=json&DATE=202503
sjclimate.news,February 2025,https://api.gdeltproject.org/api/v2/doc/doc?query=domain:sjclimate.news&mode=artlist&maxrecords=250&format=json&DATE=202502
sjclimate.news,January 2025,https://api.gdeltproject.org/api/v2/doc/doc?query=domain:sjclimate.news&mode=artlist&maxrecords=250&format=json&DATE=202501
sjclimate.news,December 2024,https://api.gdeltproject.org/api/v2/doc/doc?query=domain:sjclimate.news&mode=artlist&maxrecords=250&format=json&DATE=202412
sjclimate.news,November 2024,https://api.gdeltproject.org/api/v2/doc/doc?query=domain:sjclimate.news&mode=artlist&maxrecords=250&format=json&DATE=202411
sjclimate.news,October 2024,https://api.gdeltproject.org/api/v2/doc/doc?query=domain:sjclimate.news&mode=artlist&maxrecords=250&format=json&DATE=202410
sjclimate.news,September 2024,https://api.gdeltproject.org/api/v2/doc/doc?query=domain:sjclimate.news&mode=artlist&maxrecords=250&format=json&DATE=202409
sjclimate.news,August 2024,https://api.gdeltproject.org/api/v2/doc/doc?query=domain:sjclimate.news&mode=artlist&maxrecords=250&format=json&DATE=202408
sjclimate.news,July 2024,https://api.gdeltproject.org/api/v2/doc/doc?query=domain:sjclimate.news&mode=artlist&maxrecords=250&format=json&DATE=202407
sjclimate.news,June 2024,https://api.gdeltproject.org/api/v2/doc/doc?query=domain:sjclimate.news&mode=artlist&maxrecords=250&format=json&DATE=202406
sjclimate.news,May 2024,https://api.gdeltproject.org/api/v2/doc/doc?query=domain:sjclimate.news&mode=artlist&maxrecords=250&format=json&DATE=202405
sjclimate.news,April 2024,https://api.gdeltproject.org/api/v2/doc/doc?query=domain:sjclimate.news&mode=artlist&maxrecords=250&format=json&DATE=202404
newmexiconewsport.com,March 2025,https://api.gdeltproject.org/api/v2/doc/doc?query=domain:newmexiconewsport.com&mode=artlist&maxrecords=250&format=json&DATE=202503
newmexiconewsport.com,February 2025,https://api.gdeltproject.org/api/v2/doc/doc?query=domain:newmexiconewsport.com&mode=artlist&maxrecords=250&format=json&DATE=202502
newmexiconewsport.com,January 2025,https://api.gdeltproject.org/api/v2/doc/doc?query=domain:newmexiconewsport.com&mode=artlist&maxrecords=250&format=json&DATE=202501
newmexiconewsport.com,December 2024,https://api.gdeltproject.org/api/v2/doc/doc?query=domain:newmexiconewsport.com&mode=artlist&maxrecords=250&format=json&DATE=202412
newmexiconewsport.com,November 2024,https://api.gdeltproject.org/api/v2/doc/doc?query=domain:newmexiconewsport.com&mode=artlist&maxrecords=250&format=json&DATE=202411
newmexiconewsport.com,October 2024,https://api.gdeltproject.org/api/v2/doc/doc?query=domain:newmexiconewsport.com&mode=artlist&maxrecords=250&format=json&DATE=202410
newmexiconewsport.com,September 2024,https://api.gdeltproject.org/api/v2/doc/doc?query=domain:newmexiconewsport.com&mode=artlist&maxrecords=250&format=json&DATE=202409
newmexiconewsport.com,August 2024,https://api.gdeltproject.org/api/v2/doc/doc?query=domain:newmexiconewsport.com&mode=artlist&maxrecords=250&format=json&DATE=202408
newmexiconewsport.com,July 2024,https://api.gdeltproject.org/api/v2/doc/doc?query=domain:newmexiconewsport.com&mode=artlist&maxrecords=250&format=json&DATE=202407
newmexiconewsport.com,June 2024,https://api.gdeltproject.org/api/v2/doc/doc?query=domain:newmexiconewsport.com&mode=artlist&maxrecords=250&format=json&DATE=202406
newmexiconewsport.com,May 2024,https://api.gdeltproject.org/api/v2/doc/doc?query=domain:newmexiconewsport.com&mode=artlist&maxrecords=250&format=json&DATE=202405
newmexiconewsport.com,April 2024,https://api.gdeltproject.org/api/v2/doc/doc?query=domain:newmexiconewsport.com&mode=artlist&maxrecords=250&format=json&DATE=202404
sdnews.com,March 2025,https://api.gdeltproject.org/api/v2/doc/doc?query=domain:sdnews.com&mode=artlist&maxrecords=250&format=json&DATE=202503
sdnews.com,February 2025,https://api.gdeltproject.org/api/v2/doc/doc?query=domain:sdnews.com&mode=artlist&maxrecords=250&format=json&DATE=202502
sdnews.com,January 2025,https://api.gdeltproject.org/api/v2/doc/doc?query=domain:sdnews.com&mode=artlist&maxrecords=250&format=json&DATE=202501
sdnews.com,December 2024,https://api.gdeltproject.org/api/v2/doc/doc?query=domain:sdnews.com&mode=artlist&maxrecords=250&format=json&DATE=202412
sdnews.com,November 2024,https://api.gdeltproject.org/api/v2/doc/doc?query=domain:sdnews.com&mode=artlist&maxrecords=250&format=json&DATE=202411
sdnews.com,October 2024,https://api.gdeltproject.org/api/v2/doc/doc?query=domain:sdnews.com&mode=artlist&maxrecords=250&format=json&DATE=202410
sdnews.com,September 2024,https://api.gdeltproject.org/api/v2/doc/doc?query=domain:sdnews.com&mode=artlist&maxrecords=250&format=json&DATE=202409
sdnews.com,August 2024,https://api.gdeltproject.org/api/v2/doc/doc?query=domain:sdnews.com&mode=artlist&maxrecords=250&format=json&DATE=202408
sdnews.com,July 2024,https://api.gdeltproject.org/api/v2/doc/doc?query=domain:sdnews.com&mode=artlist&maxrecords=250&format=json&DATE=202407
sdnews.com,June 2024,https://api.gdeltproject.org/api/v2/doc/doc?query=domain:sdnews.com&mode=artlist&maxrecords=250&format=json&DATE=202406
sdnews.com,May 2024,https://api.gdeltproject.org/api/v2/doc/doc?query=domain:sdnews.com&mode=artlist&maxrecords=250&format=json&DATE=202405
sdnews.com,April 2024,https://api.gdeltproject.org/api/v2/doc/doc?query=domain:sdnews.com&mode=artlist&maxrecords=250&format=json&DATE=202404
www.kunr.org/local-stories,March 2025,https://api.gdeltproject.org/api/v2/doc/doc?query=domain:www.kunr.org/local-stories&mode=artlist&maxrecords=250&format=json&DATE=202503
www.kunr.org/local-stories,February 2025,https://api.gdeltproject.org/api/v2/doc/doc?query=domain:www.kunr.org/local-stories&mode=artlist&maxrecords=250&format=json&DATE=202502
www.kunr.org/local-stories,January 2025,https://api.gdeltproject.org/api/v2/doc/doc?query=domain:www.kunr.org/local-stories&mode=artlist&maxrecords=250&format=json&DATE=202501
www.kunr.org/local-stories,December 2024,https://api.gdeltproject.org/api/v2/doc/doc?query=domain:www.kunr.org/local-stories&mode=artlist&maxrecords=250&format=json&DATE=202412
www.kunr.org/local-stories,November 2024,https://api.gdeltproject.org/api/v2/doc/doc?query=domain:www.kunr.org/local-stories&mode=artlist&maxrecords=250&format=json&DATE=202411
www.kunr.org/local-stories,October 2024,https://api.gdeltproject.org/api/v2/doc/doc?query=domain:www.kunr.org/local-stories&mode=artlist&maxrecords=250&format=json&DATE=202410
www.kunr.org/local-stories,September 2024,https://api.gdeltproject.org/api/v2/doc/doc?query=domain:www.kunr.org/local-stories&mode=artlist&maxrecords=250&format=json&DATE=202409
www.kunr.org/local-stories,August 2024,https://api.gdeltproject.org/api/v2/doc/doc?query=domain:www.kunr.org/local-stories&mode=artlist&maxrecords=250&format=json&DATE=202408
www.kunr.org/local-stories,July 2024,https://api.gdeltproject.org/api/v2/doc/doc?query=domain:www.kunr.org/local-stories&mode=artlist&maxrecords=250&format=json&DATE=202407
www.kunr.org/local-stories,June 2024,https://api.gdeltproject.org/api/v2/doc/doc?query=domain:www.kunr.org/local-stories&mode=artlist&maxrecords=250&format=json&DATE=202406
www.kunr.org/local-stories,May 2024,https://api.gdeltproject.org/api/v2/doc/doc?query=domain:www.kunr.org/local-stories&mode=artlist&maxrecords=250&format=json&DATE=202405
www.kunr.org/local-stories,April 2024,https://api.gdeltproject.org/api/v2/doc/doc?query=domain:www.kunr.org/local-stories&mode=artlist&maxrecords=250&format=json&DATE=202404
noticieromovil.com,March 2025,https://api.gdeltproject.org/api/v2/doc/doc?query=domain:noticieromovil.com&mode=artlist&maxrecords=250&format=json&DATE=202503
noticieromovil.com,February 2025,https://api.gdeltproject.org/api/v2/doc/doc?query=domain:noticieromovil.com&mode=artlist&maxrecords=250&format=json&DATE=202502
noticieromovil.com,January 2025,https://api.gdeltproject.org/api/v2/doc/doc?query=domain:noticieromovil.com&mode=artlist&maxrecords=250&format=json&DATE=202501
noticieromovil.com,December 2024,https://api.gdeltproject.org/api/v2/doc/doc?query=domain:noticieromovil.com&mode=artlist&maxrecords=250&format=json&DATE=202412
noticieromovil.com,November 2024,https://api.gdeltproject.org/api/v2/doc/doc?query=domain:noticieromovil.com&mode=artlist&maxrecords=250&format=json&DATE=202411
noticieromovil.com,October 2024,https://api.gdeltproject.org/api/v2/doc/doc?query=domain:noticieromovil.com&mode=artlist&maxrecords=250&format=json&DATE=202410
noticieromovil.com,September 2024,https://api.gdeltproject.org/api/v2/doc/doc?query=domain:noticieromovil.com&mode=artlist&maxrecords=250&format=json&DATE=202409
noticieromovil.com,August 2024,https://api.gdeltproject.org/api/v2/doc/doc?query=domain:noticieromovil.com&mode=artlist&maxrecords=250&format=json&DATE=202408
noticieromovil.com,July 2024,https://api.gdeltproject.org/api/v2/doc/doc?query=domain:noticieromovil.com&mode=artlist&maxrecords=250&format=json&DATE=202407
noticieromovil.com,June 2024,https://api.gdeltproject.org/api/v2/doc/doc?query=domain:noticieromovil.com&mode=artlist&maxrecords=250&format=json&DATE=202406
noticieromovil.com,May 2024,https://api.gdeltproject.org/api/v2/doc/doc?query=domain:noticieromovil.com&mode=artlist&maxrecords=250&format=json&DATE=202405
noticieromovil.com,April 2024,https://api.gdeltproject.org/api/v2/doc/doc?query=domain:noticieromovil.com&mode=artlist&maxrecords=250&format=json&DATE=202404
hitchcockproject.org,March 2025,https://api.gdeltproject.org/api/v2/doc/doc?query=domain:hitchcockproject.org&mode=artlist&maxrecords=250&format=json&DATE=202503
hitchcockproject.org,February 2025,https://api.gdeltproject.org/api/v2/doc/doc?query=domain:hitchcockproject.org&mode=artlist&maxrecords=250&format=json&DATE=202502
hitchcockproject.org,January 2025,https://api.gdeltproject.org/api/v2/doc/doc?query=domain:hitchcockproject.org&mode=artlist&maxrecords=250&format=json&DATE=202501
hitchcockproject.org,December 2024,https://api.gdeltproject.org/api/v2/doc/doc?query=domain:hitchcockproject.org&mode=artlist&maxrecords=250&format=json&DATE=202412
hitchcockproject.org,November 2024,https://api.gdeltproject.org/api/v2/doc/doc?query=domain:hitchcockproject.org&mode=artlist&maxrecords=250&format=json&DATE=202411
hitchcockproject.org,October 2024,https://api.gdeltproject.org/api/v2/doc/doc?query=domain:hitchcockproject.org&mode=artlist&maxrecords=250&format=json&DATE=202410
hitchcockproject.org,September 2024,https://api.gdeltproject.org/api/v2/doc/doc?query=domain:hitchcockproject.org&mode=artlist&maxrecords=250&format=json&DATE=202409
hitchcockproject.org,August 2024,https://api.gdeltproject.org/api/v2/doc/doc?query=domain:hitchcockproject.org&mode=artlist&maxrecords=250&format=json&DATE=202408
hitchcockproject.org,July 2024,https://api.gdeltproject.org/api/v2/doc/doc?query=domain:hitchcockproject.org&mode=artlist&maxrecords=250&format=json&DATE=202407
hitchcockproject.org,June 2024,https://api.gdeltproject.org/api/v2/doc/doc?query=domain:hitchcockproject.org&mode=artlist&maxrecords=250&format=json&DATE=202406
hitchcockproject.org,May 2024,https://api.gdeltproject.org/api/v2/doc/doc?query=domain:hitchcockproject.org&mode=artlist&maxrecords=250&format=json&DATE=202405
hitchcockproject.org,April 2024,https://api.gdeltproject.org/api/v2/doc/doc?query=domain:hitchcockproject.org&mode=artlist&maxrecords=250&format=json&DATE=202404
rochesterbeacon.com,March 2025,https://api.gdeltproject.org/api/v2/doc/doc?query=domain:rochesterbeacon.com&mode=artlist&maxrecords=250&format=json&DATE=202503
rochesterbeacon.com,February 2025,https://api.gdeltproject.org/api/v2/doc/doc?query=domain:rochesterbeacon.com&mode=artlist&maxrecords=250&format=json&DATE=202502
rochesterbeacon.com,January 2025,https://api.gdeltproject.org/api/v2/doc/doc?query=domain:rochesterbeacon.com&mode=artlist&maxrecords=250&format=json&DATE=202501
rochesterbeacon.com,December 2024,https://api.gdeltproject.org/api/v2/doc/doc?query=domain:rochesterbeacon.com&mode=artlist&maxrecords=250&format=json&DATE=202412
rochesterbeacon.com,November 2024,https://api.gdeltproject.org/api/v2/doc/doc?query=domain:rochesterbeacon.com&mode=artlist&maxrecords=250&format=json&DATE=202411
rochesterbeacon.com,October 2024,https://api.gdeltproject.org/api/v2/doc/doc?query=domain:rochesterbeacon.com&mode=artlist&maxrecords=250&format=json&DATE=202410
rochesterbeacon.com,September 2024,https://api.gdeltproject.org/api/v2/doc/doc?query=domain:rochesterbeacon.com&mode=artlist&maxrecords=250&format=json&DATE=202409
rochesterbeacon.com,August 2024,https://api.gdeltproject.org/api/v2/doc/doc?query=domain:rochesterbeacon.com&mode=artlist&maxrecords=250&format=json&DATE=202408
rochesterbeacon.com,July 2024,https://api.gdeltproject.org/api/v2/doc/doc?query=domain:rochesterbeacon.com&mode=artlist&maxrecords=250&format=json&DATE=202407
rochesterbeacon.com,June 2024,https://api.gdeltproject.org/api/v2/doc/doc?query=domain:rochesterbeacon.com&mode=artlist&maxrecords=250&format=json&DATE=202406
rochesterbeacon.com,May 2024,https://api.gdeltproject.org/api/v2/doc/doc?query=domain:rochesterbeacon.com&mode=artlist&maxrecords=250&format=json&DATE=202405
rochesterbeacon.com,April 2024,https://api.gdeltproject.org/api/v2/doc/doc?query=domain:rochesterbeacon.com&mode=artlist&maxrecords=250&format=json&DATE=202404
columbianewsservice.com,March 2025,https://api.gdeltproject.org/api/v2/doc/doc?query=domain:columbianewsservice.com&mode=artlist&maxrecords=250&format=json&DATE=202503
columbianewsservice.com,February 2025,https://api.gdeltproject.org/api/v2/doc/doc?query=domain:columbianewsservice.com&mode=artlist&maxrecords=250&format=json&DATE=202502
columbianewsservice.com,January 2025,https://api.gdeltproject.org/api/v2/doc/doc?query=domain:columbianewsservice.com&mode=artlist&maxrecords=250&format=json&DATE=202501
columbianewsservice.com,December 2024,https://api.gdeltproject.org/api/v2/doc/doc?query=domain:columbianewsservice.com&mode=artlist&maxrecords=250&format=json&DATE=202412
columbianewsservice.com,November 2024,https://api.gdeltproject.org/api/v2/doc/doc?query=domain:columbianewsservice.com&mode=artlist&maxrecords=250&format=json&DATE=202411
columbianewsservice.com,October 2024,https://api.gdeltproject.org/api/v2/doc/doc?query=domain:columbianewsservice.com&mode=artlist&maxrecords=250&format=json&DATE=202410
columbianewsservice.com,September 2024,https://api.gdeltproject.org/api/v2/doc/doc?query=domain:columbianewsservice.com&mode=artlist&maxrecords=250&format=json&DATE=202409
columbianewsservice.com,August 2024,https://api.gdeltproject.org/api/v2/doc/doc?query=domain:columbianewsservice.com&mode=artlist&maxrecords=250&format=json&DATE=202408
columbianewsservice.com,July 2024,https://api.gdeltproject.org/api/v2/doc/doc?query=domain:columbianewsservice.com&mode=artlist&maxrecords=250&format=json&DATE=202407
columbianewsservice.com,June 2024,https://api.gdeltproject.org/api/v2/doc/doc?query=domain:columbianewsservice.com&mode=artlist&maxrecords=250&format=json&DATE=202406
columbianewsservice.com,May 2024,https://api.gdeltproject.org/api/v2/doc/doc?query=domain:columbianewsservice.com&mode=artlist&maxrecords=250&format=json&DATE=202405
columbianewsservice.com,April 2024,https://api.gdeltproject.org/api/v2/doc/doc?query=domain:columbianewsservice.com&mode=artlist&maxrecords=250&format=json&DATE=202404
bronxjournal.com,March 2025,https://api.gdeltproject.org/api/v2/doc/doc?query=domain:bronxjournal.com&mode=artlist&maxrecords=250&format=json&DATE=202503
bronxjournal.com,February 2025,https://api.gdeltproject.org/api/v2/doc/doc?query=domain:bronxjournal.com&mode=artlist&maxrecords=250&format=json&DATE=202502
bronxjournal.com,January 2025,https://api.gdeltproject.org/api/v2/doc/doc?query=domain:bronxjournal.com&mode=artlist&maxrecords=250&format=json&DATE=202501
bronxjournal.com,December 2024,https://api.gdeltproject.org/api/v2/doc/doc?query=domain:bronxjournal.com&mode=artlist&maxrecords=250&format=json&DATE=202412
bronxjournal.com,November 2024,https://api.gdeltproject.org/api/v2/doc/doc?query=domain:bronxjournal.com&mode=artlist&maxrecords=250&format=json&DATE=202411
bronxjournal.com,October 2024,https://api.gdeltproject.org/api/v2/doc/doc?query=domain:bronxjournal.com&mode=artlist&maxrecords=250&format=json&DATE=202410
bronxjournal.com,September 2024,https://api.gdeltproject.org/api/v2/doc/doc?query=domain:bronxjournal.com&mode=artlist&maxrecords=250&format=json&DATE=202409
bronxjournal.com,August 2024,https://api.gdeltproject.org/api/v2/doc/doc?query=domain:bronxjournal.com&mode=artlist&maxrecords=250&format=json&DATE=202408
bronxjournal.com,July 2024,https://api.gdeltproject.org/api/v2/doc/doc?query=domain:bronxjournal.com&mode=artlist&maxrecords=250&format=json&DATE=202407
bronxjournal.com,June 2024,https://api.gdeltproject.org/api/v2/doc/doc?query=domain:bronxjournal.com&mode=artlist&maxrecords=250&format=json&DATE=202406
bronxjournal.com,May 2024,https://api.gdeltproject.org/api/v2/doc/doc?query=domain:bronxjournal.com&mode=artlist&maxrecords=250&format=json&DATE=202405
bronxjournal.com,April 2024,https://api.gdeltproject.org/api/v2/doc/doc?query=domain:bronxjournal.com&mode=artlist&maxrecords=250&format=json&DATE=202404
longislandadvocate.com,March 2025,https://api.gdeltproject.org/api/v2/doc/doc?query=domain:longislandadvocate.com&mode=artlist&maxrecords=250&format=json&DATE=202503
longislandadvocate.com,February 2025,https://api.gdeltproject.org/api/v2/doc/doc?query=domain:longislandadvocate.com&mode=artlist&maxrecords=250&format=json&DATE=202502
longislandadvocate.com,January 2025,https://api.gdeltproject.org/api/v2/doc/doc?query=domain:longislandadvocate.com&mode=artlist&maxrecords=250&format=json&DATE=202501
longislandadvocate.com,December 2024,https://api.gdeltproject.org/api/v2/doc/doc?query=domain:longislandadvocate.com&mode=artlist&maxrecords=250&format=json&DATE=202412
longislandadvocate.com,November 2024,https://api.gdeltproject.org/api/v2/doc/doc?query=domain:longislandadvocate.com&mode=artlist&maxrecords=250&format=json&DATE=202411
longislandadvocate.com,October 2024,https://api.gdeltproject.org/api/v2/doc/doc?query=domain:longislandadvocate.com&mode=artlist&maxrecords=250&format=json&DATE=202410
longislandadvocate.com,September 2024,https://api.gdeltproject.org/api/v2/doc/doc?query=domain:longislandadvocate.com&mode=artlist&maxrecords=250&format=json&DATE=202409
longislandadvocate.com,August 2024,https://api.gdeltproject.org/api/v2/doc/doc?query=domain:longislandadvocate.com&mode=artlist&maxrecords=250&format=json&DATE=202408
longislandadvocate.com,July 2024,https://api.gdeltproject.org/api/v2/doc/doc?query=domain:longislandadvocate.com&mode=artlist&maxrecords=250&format=json&DATE=202407
longislandadvocate.com,June 2024,https://api.gdeltproject.org/api/v2/doc/doc?query=domain:longislandadvocate.com&mode=artlist&maxrecords=250&format=json&DATE=202406
longislandadvocate.com,May 2024,https://api.gdeltproject.org/api/v2/doc/doc?query=domain:longislandadvocate.com&mode=artlist&maxrecords=250&format=json&DATE=202405
longislandadvocate.com,April 2024,https://api.gdeltproject.org/api/v2/doc/doc?query=domain:longislandadvocate.com&mode=artlist&maxrecords=250&format=json&DATE=202404
legislativegazette.com,March 2025,https://api.gdeltproject.org/api/v2/doc/doc?query=domain:legislativegazette.com&mode=artlist&maxrecords=250&format=json&DATE=202503
legislativegazette.com,February 2025,https://api.gdeltproject.org/api/v2/doc/doc?query=domain:legislativegazette.com&mode=artlist&maxrecords=250&format=json&DATE=202502
legislativegazette.com,January 2025,https://api.gdeltproject.org/api/v2/doc/doc?query=domain:legislativegazette.com&mode=artlist&maxrecords=250&format=json&DATE=202501
legislativegazette.com,December 2024,https://api.gdeltproject.org/api/v2/doc/doc?query=domain:legislativegazette.com&mode=artlist&maxrecords=250&format=json&DATE=202412
legislativegazette.com,November 2024,https://api.gdeltproject.org/api/v2/doc/doc?query=domain:legislativegazette.com&mode=artlist&maxrecords=250&format=json&DATE=202411
legislativegazette.com,October 2024,https://api.gdeltproject.org/api/v2/doc/doc?query=domain:legislativegazette.com&mode=artlist&maxrecords=250&format=json&DATE=202410
legislativegazette.com,September 2024,https://api.gdeltproject.org/api/v2/doc/doc?query=domain:legislativegazette.com&mode=artlist&maxrecords=250&format=json&DATE=202409
legislativegazette.com,August 2024,https://api.gdeltproject.org/api/v2/doc/doc?query=domain:legislativegazette.com&mode=artlist&maxrecords=250&format=json&DATE=202408
legislativegazette.com,July 2024,https://api.gdeltproject.org/api/v2/doc/doc?query=domain:legislativegazette.com&mode=artlist&maxrecords=250&format=json&DATE=202407
legislativegazette.com,June 2024,https://api.gdeltproject.org/api/v2/doc/doc?query=domain:legislativegazette.com&mode=artlist&maxrecords=250&format=json&DATE=202406
legislativegazette.com,May 2024,https://api.gdeltproject.org/api/v2/doc/doc?query=domain:legislativegazette.com&mode=artlist&maxrecords=250&format=json&DATE=202405
legislativegazette.com,April 2024,https://api.gdeltproject.org/api/v2/doc/doc?query=domain:legislativegazette.com&mode=artlist&maxrecords=250&format=json&DATE=202404
coopersquared.com,March 2025,https://api.gdeltproject.org/api/v2/doc/doc?query=domain:coopersquared.com&mode=artlist&maxrecords=250&format=json&DATE=202503
coopersquared.com,February 2025,https://api.gdeltproject.org/api/v2/doc/doc?query=domain:coopersquared.com&mode=artlist&maxrecords=250&format=json&DATE=202502
coopersquared.com,January 2025,https://api.gdeltproject.org/api/v2/doc/doc?query=domain:coopersquared.com&mode=artlist&maxrecords=250&format=json&DATE=202501
coopersquared.com,December 2024,https://api.gdeltproject.org/api/v2/doc/doc?query=domain:coopersquared.com&mode=artlist&maxrecords=250&format=json&DATE=202412
coopersquared.com,November 2024,https://api.gdeltproject.org/api/v2/doc/doc?query=domain:coopersquared.com&mode=artlist&maxrecords=250&format=json&DATE=202411
coopersquared.com,October 2024,https://api.gdeltproject.org/api/v2/doc/doc?query=domain:coopersquared.com&mode=artlist&maxrecords=250&format=json&DATE=202410
coopersquared.com,September 2024,https://api.gdeltproject.org/api/v2/doc/doc?query=domain:coopersquared.com&mode=artlist&maxrecords=250&format=json&DATE=202409
coopersquared.com,August 2024,https://api.gdeltproject.org/api/v2/doc/doc?query=domain:coopersquared.com&mode=artlist&maxrecords=250&format=json&DATE=202408
coopersquared.com,July 2024,https://api.gdeltproject.org/api/v2/doc/doc?query=domain:coopersquared.com&mode=artlist&maxrecords=250&format=json&DATE=202407
coopersquared.com,June 2024,https://api.gdeltproject.org/api/v2/doc/doc?query=domain:coopersquared.com&mode=artlist&maxrecords=250&format=json&DATE=202406
coopersquared.com,May 2024,https://api.gdeltproject.org/api/v2/doc/doc?query=domain:coopersquared.com&mode=artlist&maxrecords=250&format=json&DATE=202405
coopersquared.com,April 2024,https://api.gdeltproject.org/api/v2/doc/doc?query=domain:coopersquared.com&mode=artlist&maxrecords=250&format=json&DATE=202404
pavementpieces.com,March 2025,https://api.gdeltproject.org/api/v2/doc/doc?query=domain:pavementpieces.com&mode=artlist&maxrecords=250&format=json&DATE=202503
pavementpieces.com,February 2025,https://api.gdeltproject.org/api/v2/doc/doc?query=domain:pavementpieces.com&mode=artlist&maxrecords=250&format=json&DATE=202502
pavementpieces.com,January 2025,https://api.gdeltproject.org/api/v2/doc/doc?query=domain:pavementpieces.com&mode=artlist&maxrecords=250&format=json&DATE=202501
pavementpieces.com,December 2024,https://api.gdeltproject.org/api/v2/doc/doc?query=domain:pavementpieces.com&mode=artlist&maxrecords=250&format=json&DATE=202412
pavementpieces.com,November 2024,https://api.gdeltproject.org/api/v2/doc/doc?query=domain:pavementpieces.com&mode=artlist&maxrecords=250&format=json&DATE=202411
pavementpieces.com,October 2024,https://api.gdeltproject.org/api/v2/doc/doc?query=domain:pavementpieces.com&mode=artlist&maxrecords=250&format=json&DATE=202410
pavementpieces.com,September 2024,https://api.gdeltproject.org/api/v2/doc/doc?query=domain:pavementpieces.com&mode=artlist&maxrecords=250&format=json&DATE=202409
pavementpieces.com,August 2024,https://api.gdeltproject.org/api/v2/doc/doc?query=domain:pavementpieces.com&mode=artlist&maxrecords=250&format=json&DATE=202408
pavementpieces.com,July 2024,https://api.gdeltproject.org/api/v2/doc/doc?query=domain:pavementpieces.com&mode=artlist&maxrecords=250&format=json&DATE=202407
pavementpieces.com,June 2024,https://api.gdeltproject.org/api/v2/doc/doc?query=domain:pavementpieces.com&mode=artlist&maxrecords=250&format=json&DATE=202406
pavementpieces.com,May 2024,https://api.gdeltproject.org/api/v2/doc/doc?query=domain:pavementpieces.com&mode=artlist&maxrecords=250&format=json&DATE=202405
pavementpieces.com,April 2024,https://api.gdeltproject.org/api/v2/doc/doc?query=domain:pavementpieces.com&mode=artlist&maxrecords=250&format=json&DATE=202404
www.thereportingproject.org,March 2025,https://api.gdeltproject.org/api/v2/doc/doc?query=domain:www.thereportingproject.org&mode=artlist&maxrecords=250&format=json&DATE=202503
www.thereportingproject.org,February 2025,https://api.gdeltproject.org/api/v2/doc/doc?query=domain:www.thereportingproject.org&mode=artlist&maxrecords=250&format=json&DATE=202502
www.thereportingproject.org,January 2025,https://api.gdeltproject.org/api/v2/doc/doc?query=domain:www.thereportingproject.org&mode=artlist&maxrecords=250&format=json&DATE=202501
www.thereportingproject.org,December 2024,https://api.gdeltproject.org/api/v2/doc/doc?query=domain:www.thereportingproject.org&mode=artlist&maxrecords=250&format=json&DATE=202412
www.thereportingproject.org,November 2024,https://api.gdeltproject.org/api/v2/doc/doc?query=domain:www.thereportingproject.org&mode=artlist&maxrecords=250&format=json&DATE=202411
www.thereportingproject.org,October 2024,https://api.gdeltproject.org/api/v2/doc/doc?query=domain:www.thereportingproject.org&mode=artlist&maxrecords=250&format=json&DATE=202410
www.thereportingproject.org,September 2024,https://api.gdeltproject.org/api/v2/doc/doc?query=domain:www.thereportingproject.org&mode=artlist&maxrecords=250&format=json&DATE=202409
www.thereportingproject.org,August 2024,https://api.gdeltproject.org/api/v2/doc/doc?query=domain:www.thereportingproject.org&mode=artlist&maxrecords=250&format=json&DATE=202408
www.thereportingproject.org,July 2024,https://api.gdeltproject.org/api/v2/doc/doc?query=domain:www.thereportingproject.org&mode=artlist&maxrecords=250&format=json&DATE=202407
www.thereportingproject.org,June 2024,https://api.gdeltproject.org/api/v2/doc/doc?query=domain:www.thereportingproject.org&mode=artlist&maxrecords=250&format=json&DATE=202406
www.thereportingproject.org,May 2024,https://api.gdeltproject.org/api/v2/doc/doc?query=domain:www.thereportingproject.org&mode=artlist&maxrecords=250&format=json&DATE=202405
www.thereportingproject.org,April 2024,https://api.gdeltproject.org/api/v2/doc/doc?query=domain:www.thereportingproject.org&mode=artlist&maxrecords=250&format=json&DATE=202404
kentstatenewslab.org/category/reporting,March 2025,https://api.gdeltproject.org/api/v2/doc/doc?query=domain:kentstatenewslab.org/category/reporting&mode=artlist&maxrecords=250&format=json&DATE=202503
kentstatenewslab.org/category/reporting,February 2025,https://api.gdeltproject.org/api/v2/doc/doc?query=domain:kentstatenewslab.org/category/reporting&mode=artlist&maxrecords=250&format=json&DATE=202502
kentstatenewslab.org/category/reporting,January 2025,https://api.gdeltproject.org/api/v2/doc/doc?query=domain:kentstatenewslab.org/category/reporting&mode=artlist&maxrecords=250&format=json&DATE=202501
kentstatenewslab.org/category/reporting,December 2024,https://api.gdeltproject.org/api/v2/doc/doc?query=domain:kentstatenewslab.org/category/reporting&mode=artlist&maxrecords=250&format=json&DATE=202412
kentstatenewslab.org/category/reporting,November 2024,https://api.gdeltproject.org/api/v2/doc/doc?query=domain:kentstatenewslab.org/category/reporting&mode=artlist&maxrecords=250&format=json&DATE=202411
kentstatenewslab.org/category/reporting,October 2024,https://api.gdeltproject.org/api/v2/doc/doc?query=domain:kentstatenewslab.org/category/reporting&mode=artlist&maxrecords=250&format=json&DATE=202410
kentstatenewslab.org/category/reporting,September 2024,https://api.gdeltproject.org/api/v2/doc/doc?query=domain:kentstatenewslab.org/category/reporting&mode=artlist&maxrecords=250&format=json&DATE=202409
kentstatenewslab.org/category/reporting,August 2024,https://api.gdeltproject.org/api/v2/doc/doc?query=domain:kentstatenewslab.org/category/reporting&mode=artlist&maxrecords=250&format=json&DATE=202408
kentstatenewslab.org/category/reporting,July 2024,https://api.gdeltproject.org/api/v2/doc/doc?query=domain:kentstatenewslab.org/category/reporting&mode=artlist&maxrecords=250&format=json&DATE=202407
kentstatenewslab.org/category/reporting,June 2024,https://api.gdeltproject.org/api/v2/doc/doc?query=domain:kentstatenewslab.org/category/reporting&mode=artlist&maxrecords=250&format=json&DATE=202406
kentstatenewslab.org/category/reporting,May 2024,https://api.gdeltproject.org/api/v2/doc/doc?query=domain:kentstatenewslab.org/category/reporting&mode=artlist&maxrecords=250&format=json&DATE=202405
kentstatenewslab.org/category/reporting,April 2024,https://api.gdeltproject.org/api/v2/doc/doc?query=domain:kentstatenewslab.org/category/reporting&mode=artlist&maxrecords=250&format=json&DATE=202404
www.ideastream.org/news.rss,March 2025,https://api.gdeltproject.org/api/v2/doc/doc?query=domain:www.ideastream.org/news.rss&mode=artlist&maxrecords=250&format=json&DATE=202503
www.ideastream.org/news.rss,February 2025,https://api.gdeltproject.org/api/v2/doc/doc?query=domain:www.ideastream.org/news.rss&mode=artlist&maxrecords=250&format=json&DATE=202502
www.ideastream.org/news.rss,January 2025,https://api.gdeltproject.org/api/v2/doc/doc?query=domain:www.ideastream.org/news.rss&mode=artlist&maxrecords=250&format=json&DATE=202501
www.ideastream.org/news.rss,December 2024,https://api.gdeltproject.org/api/v2/doc/doc?query=domain:www.ideastream.org/news.rss&mode=artlist&maxrecords=250&format=json&DATE=202412
www.ideastream.org/news.rss,November 2024,https://api.gdeltproject.org/api/v2/doc/doc?query=domain:www.ideastream.org/news.rss&mode=artlist&maxrecords=250&format=json&DATE=202411
www.ideastream.org/news.rss,October 2024,https://api.gdeltproject.org/api/v2/doc/doc?query=domain:www.ideastream.org/news.rss&mode=artlist&maxrecords=250&format=json&DATE=202410
www.ideastream.org/news.rss,September 2024,https://api.gdeltproject.org/api/v2/doc/doc?query=domain:www.ideastream.org/news.rss&mode=artlist&maxrecords=250&format=json&DATE=202409
www.ideastream.org/news.rss,August 2024,https://api.gdeltproject.org/api/v2/doc/doc?query=domain:www.ideastream.org/news.rss&mode=artlist&maxrecords=250&format=json&DATE=202408
www.ideastream.org/news.rss,July 2024,https://api.gdeltproject.org/api/v2/doc/doc?query=domain:www.ideastream.org/news.rss&mode=artlist&maxrecords=250&format=json&DATE=202407
www.ideastream.org/news.rss,June 2024,https://api.gdeltproject.org/api/v2/doc/doc?query=domain:www.ideastream.org/news.rss&mode=artlist&maxrecords=250&format=json&DATE=202406
www.ideastream.org/news.rss,May 2024,https://api.gdeltproject.org/api/v2/doc/doc?query=domain:www.ideastream.org/news.rss&mode=artlist&maxrecords=250&format=json&DATE=202405
www.ideastream.org/news.rss,April 2024,https://api.gdeltproject.org/api/v2/doc/doc?query=domain:www.ideastream.org/news.rss&mode=artlist&maxrecords=250&format=json&DATE=202404
thebuckeyeflame.com,March 2025,https://api.gdeltproject.org/api/v2/doc/doc?query=domain:thebuckeyeflame.com&mode=artlist&maxrecords=250&format=json&DATE=202503
thebuckeyeflame.com,February 2025,https://api.gdeltproject.org/api/v2/doc/doc?query=domain:thebuckeyeflame.com&mode=artlist&maxrecords=250&format=json&DATE=202502
thebuckeyeflame.com,January 2025,https://api.gdeltproject.org/api/v2/doc/doc?query=domain:thebuckeyeflame.com&mode=artlist&maxrecords=250&format=json&DATE=202501
thebuckeyeflame.com,December 2024,https://api.gdeltproject.org/api/v2/doc/doc?query=domain:thebuckeyeflame.com&mode=artlist&maxrecords=250&format=json&DATE=202412
thebuckeyeflame.com,November 2024,https://api.gdeltproject.org/api/v2/doc/doc?query=domain:thebuckeyeflame.com&mode=artlist&maxrecords=250&format=json&DATE=202411
thebuckeyeflame.com,October 2024,https://api.gdeltproject.org/api/v2/doc/doc?query=domain:thebuckeyeflame.com&mode=artlist&maxrecords=250&format=json&DATE=202410
thebuckeyeflame.com,September 2024,https://api.gdeltproject.org/api/v2/doc/doc?query=domain:thebuckeyeflame.com&mode=artlist&maxrecords=250&format=json&DATE=202409
thebuckeyeflame.com,August 2024,https://api.gdeltproject.org/api/v2/doc/doc?query=domain:thebuckeyeflame.com&mode=artlist&maxrecords=250&format=json&DATE=202408
thebuckeyeflame.com,July 2024,https://api.gdeltproject.org/api/v2/doc/doc?query=domain:thebuckeyeflame.com&mode=artlist&maxrecords=250&format=json&DATE=202407
thebuckeyeflame.com,June 2024,https://api.gdeltproject.org/api/v2/doc/doc?query=domain:thebuckeyeflame.com&mode=artlist&maxrecords=250&format=json&DATE=202406
thebuckeyeflame.com,May 2024,https://api.gdeltproject.org/api/v2/doc/doc?query=domain:thebuckeyeflame.com&mode=artlist&maxrecords=250&format=json&DATE=202405
thebuckeyeflame.com,April 2024,https://api.gdeltproject.org/api/v2/doc/doc?query=domain:thebuckeyeflame.com&mode=artlist&maxrecords=250&format=json&DATE=202404
thelandcle.org,March 2025,https://api.gdeltproject.org/api/v2/doc/doc?query=domain:thelandcle.org&mode=artlist&maxrecords=250&format=json&DATE=202503
thelandcle.org,February 2025,https://api.gdeltproject.org/api/v2/doc/doc?query=domain:thelandcle.org&mode=artlist&maxrecords=250&format=json&DATE=202502
thelandcle.org,January 2025,https://api.gdeltproject.org/api/v2/doc/doc?query=domain:thelandcle.org&mode=artlist&maxrecords=250&format=json&DATE=202501
thelandcle.org,December 2024,https://api.gdeltproject.org/api/v2/doc/doc?query=domain:thelandcle.org&mode=artlist&maxrecords=250&format=json&DATE=202412
thelandcle.org,November 2024,https://api.gdeltproject.org/api/v2/doc/doc?query=domain:thelandcle.org&mode=artlist&maxrecords=250&format=json&DATE=202411
thelandcle.org,October 2024,https://api.gdeltproject.org/api/v2/doc/doc?query=domain:thelandcle.org&mode=artlist&maxrecords=250&format=json&DATE=202410
thelandcle.org,September 2024,https://api.gdeltproject.org/api/v2/doc/doc?query=domain:thelandcle.org&mode=artlist&maxrecords=250&format=json&DATE=202409
thelandcle.org,August 2024,https://api.gdeltproject.org/api/v2/doc/doc?query=domain:thelandcle.org&mode=artlist&maxrecords=250&format=json&DATE=202408
thelandcle.org,July 2024,https://api.gdeltproject.org/api/v2/doc/doc?query=domain:thelandcle.org&mode=artlist&maxrecords=250&format=json&DATE=202407
thelandcle.org,June 2024,https://api.gdeltproject.org/api/v2/doc/doc?query=domain:thelandcle.org&mode=artlist&maxrecords=250&format=json&DATE=202406
thelandcle.org,May 2024,https://api.gdeltproject.org/api/v2/doc/doc?query=domain:thelandcle.org&mode=artlist&maxrecords=250&format=json&DATE=202405
thelandcle.org,April 2024,https://api.gdeltproject.org/api/v2/doc/doc?query=domain:thelandcle.org&mode=artlist&maxrecords=250&format=json&DATE=202404
theportager.com,March 2025,https://api.gdeltproject.org/api/v2/doc/doc?query=domain:theportager.com&mode=artlist&maxrecords=250&format=json&DATE=202503
theportager.com,February 2025,https://api.gdeltproject.org/api/v2/doc/doc?query=domain:theportager.com&mode=artlist&maxrecords=250&format=json&DATE=202502
theportager.com,January 2025,https://api.gdeltproject.org/api/v2/doc/doc?query=domain:theportager.com&mode=artlist&maxrecords=250&format=json&DATE=202501
theportager.com,December 2024,https://api.gdeltproject.org/api/v2/doc/doc?query=domain:theportager.com&mode=artlist&maxrecords=250&format=json&DATE=202412
theportager.com,November 2024,https://api.gdeltproject.org/api/v2/doc/doc?query=domain:theportager.com&mode=artlist&maxrecords=250&format=json&DATE=202411
theportager.com,October 2024,https://api.gdeltproject.org/api/v2/doc/doc?query=domain:theportager.com&mode=artlist&maxrecords=250&format=json&DATE=202410
theportager.com,September 2024,https://api.gdeltproject.org/api/v2/doc/doc?query=domain:theportager.com&mode=artlist&maxrecords=250&format=json&DATE=202409
theportager.com,August 2024,https://api.gdeltproject.org/api/v2/doc/doc?query=domain:theportager.com&mode=artlist&maxrecords=250&format=json&DATE=202408
theportager.com,July 2024,https://api.gdeltproject.org/api/v2/doc/doc?query=domain:theportager.com&mode=artlist&maxrecords=250&format=json&DATE=202407
theportager.com,June 2024,https://api.gdeltproject.org/api/v2/doc/doc?query=domain:theportager.com&mode=artlist&maxrecords=250&format=json&DATE=202406
theportager.com,May 2024,https://api.gdeltproject.org/api/v2/doc/doc?query=domain:theportager.com&mode=artlist&maxrecords=250&format=json&DATE=202405
theportager.com,April 2024,https://api.gdeltproject.org/api/v2/doc/doc?query=domain:theportager.com&mode=artlist&maxrecords=250&format=json&DATE=202404
oxfordobserver.org,March 2025,https://api.gdeltproject.org/api/v2/doc/doc?query=domain:oxfordobserver.org&mode=artlist&maxrecords=250&format=json&DATE=202503
oxfordobserver.org,February 2025,https://api.gdeltproject.org/api/v2/doc/doc?query=domain:oxfordobserver.org&mode=artlist&maxrecords=250&format=json&DATE=202502
oxfordobserver.org,January 2025,https://api.gdeltproject.org/api/v2/doc/doc?query=domain:oxfordobserver.org&mode=artlist&maxrecords=250&format=json&DATE=202501
oxfordobserver.org,December 2024,https://api.gdeltproject.org/api/v2/doc/doc?query=domain:oxfordobserver.org&mode=artlist&maxrecords=250&format=json&DATE=202412
oxfordobserver.org,November 2024,https://api.gdeltproject.org/api/v2/doc/doc?query=domain:oxfordobserver.org&mode=artlist&maxrecords=250&format=json&DATE=202411
oxfordobserver.org,October 2024,https://api.gdeltproject.org/api/v2/doc/doc?query=domain:oxfordobserver.org&mode=artlist&maxrecords=250&format=json&DATE=202410
oxfordobserver.org,September 2024,https://api.gdeltproject.org/api/v2/doc/doc?query=domain:oxfordobserver.org&mode=artlist&maxrecords=250&format=json&DATE=202409
oxfordobserver.org,August 2024,https://api.gdeltproject.org/api/v2/doc/doc?query=domain:oxfordobserver.org&mode=artlist&maxrecords=250&format=json&DATE=202408
oxfordobserver.org,July 2024,https://api.gdeltproject.org/api/v2/doc/doc?query=domain:oxfordobserver.org&mode=artlist&maxrecords=250&format=json&DATE=202407
oxfordobserver.org,June 2024,https://api.gdeltproject.org/api/v2/doc/doc?query=domain:oxfordobserver.org&mode=artlist&maxrecords=250&format=json&DATE=202406
oxfordobserver.org,May 2024,https://api.gdeltproject.org/api/v2/doc/doc?query=domain:oxfordobserver.org&mode=artlist&maxrecords=250&format=json&DATE=202405
oxfordobserver.org,April 2024,https://api.gdeltproject.org/api/v2/doc/doc?query=domain:oxfordobserver.org&mode=artlist&maxrecords=250&format=json&DATE=202404
gaylordnews.net,March 2025,https://api.gdeltproject.org/api/v2/doc/doc?query=domain:gaylordnews.net&mode=artlist&maxrecords=250&format=json&DATE=202503
gaylordnews.net,February 2025,https://api.gdeltproject.org/api/v2/doc/doc?query=domain:gaylordnews.net&mode=artlist&maxrecords=250&format=json&DATE=202502
gaylordnews.net,January 2025,https://api.gdeltproject.org/api/v2/doc/doc?query=domain:gaylordnews.net&mode=artlist&maxrecords=250&format=json&DATE=202501
gaylordnews.net,December 2024,https://api.gdeltproject.org/api/v2/doc/doc?query=domain:gaylordnews.net&mode=artlist&maxrecords=250&format=json&DATE=202412
gaylordnews.net,November 2024,https://api.gdeltproject.org/api/v2/doc/doc?query=domain:gaylordnews.net&mode=artlist&maxrecords=250&format=json&DATE=202411
gaylordnews.net,October 2024,https://api.gdeltproject.org/api/v2/doc/doc?query=domain:gaylordnews.net&mode=artlist&maxrecords=250&format=json&DATE=202410
gaylordnews.net,September 2024,https://api.gdeltproject.org/api/v2/doc/doc?query=domain:gaylordnews.net&mode=artlist&maxrecords=250&format=json&DATE=202409
gaylordnews.net,August 2024,https://api.gdeltproject.org/api/v2/doc/doc?query=domain:gaylordnews.net&mode=artlist&maxrecords=250&format=json&DATE=202408
gaylordnews.net,July 2024,https://api.gdeltproject.org/api/v2/doc/doc?query=domain:gaylordnews.net&mode=artlist&maxrecords=250&format=json&DATE=202407
gaylordnews.net,June 2024,https://api.gdeltproject.org/api/v2/doc/doc?query=domain:gaylordnews.net&mode=artlist&maxrecords=250&format=json&DATE=202406
gaylordnews.net,May 2024,https://api.gdeltproject.org/api/v2/doc/doc?query=domain:gaylordnews.net&mode=artlist&maxrecords=250&format=json&DATE=202405
gaylordnews.net,April 2024,https://api.gdeltproject.org/api/v2/doc/doc?query=domain:gaylordnews.net&mode=artlist&maxrecords=250&format=json&DATE=202404
www.dailyastorian.com,March 2025,https://api.gdeltproject.org/api/v2/doc/doc?query=domain:www.dailyastorian.com&mode=artlist&maxrecords=250&format=json&DATE=202503
www.dailyastorian.com,February 2025,https://api.gdeltproject.org/api/v2/doc/doc?query=domain:www.dailyastorian.com&mode=artlist&maxrecords=250&format=json&DATE=202502
www.dailyastorian.com,January 2025,https://api.gdeltproject.org/api/v2/doc/doc?query=domain:www.dailyastorian.com&mode=artlist&maxrecords=250&format=json&DATE=202501
www.dailyastorian.com,December 2024,https://api.gdeltproject.org/api/v2/doc/doc?query=domain:www.dailyastorian.com&mode=artlist&maxrecords=250&format=json&DATE=202412
www.dailyastorian.com,November 2024,https://api.gdeltproject.org/api/v2/doc/doc?query=domain:www.dailyastorian.com&mode=artlist&maxrecords=250&format=json&DATE=202411
www.dailyastorian.com,October 2024,https://api.gdeltproject.org/api/v2/doc/doc?query=domain:www.dailyastorian.com&mode=artlist&maxrecords=250&format=json&DATE=202410
www.dailyastorian.com,September 2024,https://api.gdeltproject.org/api/v2/doc/doc?query=domain:www.dailyastorian.com&mode=artlist&maxrecords=250&format=json&DATE=202409
www.dailyastorian.com,August 2024,https://api.gdeltproject.org/api/v2/doc/doc?query=domain:www.dailyastorian.com&mode=artlist&maxrecords=250&format=json&DATE=202408
www.dailyastorian.com,July 2024,https://api.gdeltproject.org/api/v2/doc/doc?query=domain:www.dailyastorian.com&mode=artlist&maxrecords=250&format=json&DATE=202407
www.dailyastorian.com,June 2024,https://api.gdeltproject.org/api/v2/doc/doc?query=domain:www.dailyastorian.com&mode=artlist&maxrecords=250&format=json&DATE=202406
www.dailyastorian.com,May 2024,https://api.gdeltproject.org/api/v2/doc/doc?query=domain:www.dailyastorian.com&mode=artlist&maxrecords=250&format=json&DATE=202405
www.dailyastorian.com,April 2024,https://api.gdeltproject.org/api/v2/doc/doc?query=domain:www.dailyastorian.com&mode=artlist&maxrecords=250&format=json&DATE=202404
catalystjournalism.uoregon.edu,March 2025,https://api.gdeltproject.org/api/v2/doc/doc?query=domain:catalystjournalism.uoregon.edu&mode=artlist&maxrecords=250&format=json&DATE=202503
catalystjournalism.uoregon.edu,February 2025,https://api.gdeltproject.org/api/v2/doc/doc?query=domain:catalystjournalism.uoregon.edu&mode=artlist&maxrecords=250&format=json&DATE=202502
catalystjournalism.uoregon.edu,January 2025,https://api.gdeltproject.org/api/v2/doc/doc?query=domain:catalystjournalism.uoregon.edu&mode=artlist&maxrecords=250&format=json&DATE=202501
catalystjournalism.uoregon.edu,December 2024,https://api.gdeltproject.org/api/v2/doc/doc?query=domain:catalystjournalism.uoregon.edu&mode=artlist&maxrecords=250&format=json&DATE=202412
catalystjournalism.uoregon.edu,November 2024,https://api.gdeltproject.org/api/v2/doc/doc?query=domain:catalystjournalism.uoregon.edu&mode=artlist&maxrecords=250&format=json&DATE=202411
catalystjournalism.uoregon.edu,October 2024,https://api.gdeltproject.org/api/v2/doc/doc?query=domain:catalystjournalism.uoregon.edu&mode=artlist&maxrecords=250&format=json&DATE=202410
catalystjournalism.uoregon.edu,September 2024,https://api.gdeltproject.org/api/v2/doc/doc?query=domain:catalystjournalism.uoregon.edu&mode=artlist&maxrecords=250&format=json&DATE=202409
catalystjournalism.uoregon.edu,August 2024,https://api.gdeltproject.org/api/v2/doc/doc?query=domain:catalystjournalism.uoregon.edu&mode=artlist&maxrecords=250&format=json&DATE=202408
catalystjournalism.uoregon.edu,July 2024,https://api.gdeltproject.org/api/v2/doc/doc?query=domain:catalystjournalism.uoregon.edu&mode=artlist&maxrecords=250&format=json&DATE=202407
catalystjournalism.uoregon.edu,June 2024,https://api.gdeltproject.org/api/v2/doc/doc?query=domain:catalystjournalism.uoregon.edu&mode=artlist&maxrecords=250&format=json&DATE=202406
catalystjournalism.uoregon.edu,May 2024,https://api.gdeltproject.org/api/v2/doc/doc?query=domain:catalystjournalism.uoregon.edu&mode=artlist&maxrecords=250&format=json&DATE=202405
catalystjournalism.uoregon.edu,April 2024,https://api.gdeltproject.org/api/v2/doc/doc?query=domain:catalystjournalism.uoregon.edu&mode=artlist&maxrecords=250&format=json&DATE=202404
eugeneweekly.com,March 2025,https://api.gdeltproject.org/api/v2/doc/doc?query=domain:eugeneweekly.com&mode=artlist&maxrecords=250&format=json&DATE=202503
eugeneweekly.com,February 2025,https://api.gdeltproject.org/api/v2/doc/doc?query=domain:eugeneweekly.com&mode=artlist&maxrecords=250&format=json&DATE=202502
eugeneweekly.com,January 2025,https://api.gdeltproject.org/api/v2/doc/doc?query=domain:eugeneweekly.com&mode=artlist&maxrecords=250&format=json&DATE=202501
eugeneweekly.com,December 2024,https://api.gdeltproject.org/api/v2/doc/doc?query=domain:eugeneweekly.com&mode=artlist&maxrecords=250&format=json&DATE=202412
eugeneweekly.com,November 2024,https://api.gdeltproject.org/api/v2/doc/doc?query=domain:eugeneweekly.com&mode=artlist&maxrecords=250&format=json&DATE=202411
eugeneweekly.com,October 2024,https://api.gdeltproject.org/api/v2/doc/doc?query=domain:eugeneweekly.com&mode=artlist&maxrecords=250&format=json&DATE=202410
eugeneweekly.com,September 2024,https://api.gdeltproject.org/api/v2/doc/doc?query=domain:eugeneweekly.com&mode=artlist&maxrecords=250&format=json&DATE=202409
eugeneweekly.com,August 2024,https://api.gdeltproject.org/api/v2/doc/doc?query=domain:eugeneweekly.com&mode=artlist&maxrecords=250&format=json&DATE=202408
eugeneweekly.com,July 2024,https://api.gdeltproject.org/api/v2/doc/doc?query=domain:eugeneweekly.com&mode=artlist&maxrecords=250&format=json&DATE=202407
eugeneweekly.com,June 2024,https://api.gdeltproject.org/api/v2/doc/doc?query=domain:eugeneweekly.com&mode=artlist&maxrecords=250&format=json&DATE=202406
eugeneweekly.com,May 2024,https://api.gdeltproject.org/api/v2/doc/doc?query=domain:eugeneweekly.com&mode=artlist&maxrecords=250&format=json&DATE=202405
eugeneweekly.com,April 2024,https://api.gdeltproject.org/api/v2/doc/doc?query=domain:eugeneweekly.com&mode=artlist&maxrecords=250&format=json&DATE=202404
nextpittsburgh.com,March 2025,https://api.gdeltproject.org/api/v2/doc/doc?query=domain:nextpittsburgh.com&mode=artlist&maxrecords=250&format=json&DATE=202503
nextpittsburgh.com,February 2025,https://api.gdeltproject.org/api/v2/doc/doc?query=domain:nextpittsburgh.com&mode=artlist&maxrecords=250&format=json&DATE=202502
nextpittsburgh.com,January 2025,https://api.gdeltproject.org/api/v2/doc/doc?query=domain:nextpittsburgh.com&mode=artlist&maxrecords=250&format=json&DATE=202501
nextpittsburgh.com,December 2024,https://api.gdeltproject.org/api/v2/doc/doc?query=domain:nextpittsburgh.com&mode=artlist&maxrecords=250&format=json&DATE=202412
nextpittsburgh.com,November 2024,https://api.gdeltproject.org/api/v2/doc/doc?query=domain:nextpittsburgh.com&mode=artlist&maxrecords=250&format=json&DATE=202411
nextpittsburgh.com,October 2024,https://api.gdeltproject.org/api/v2/doc/doc?query=domain:nextpittsburgh.com&mode=artlist&maxrecords=250&format=json&DATE=202410
nextpittsburgh.com,September 2024,https://api.gdeltproject.org/api/v2/doc/doc?query=domain:nextpittsburgh.com&mode=artlist&maxrecords=250&format=json&DATE=202409
nextpittsburgh.com,August 2024,https://api.gdeltproject.org/api/v2/doc/doc?query=domain:nextpittsburgh.com&mode=artlist&maxrecords=250&format=json&DATE=202408
nextpittsburgh.com,July 2024,https://api.gdeltproject.org/api/v2/doc/doc?query=domain:nextpittsburgh.com&mode=artlist&maxrecords=250&format=json&DATE=202407
nextpittsburgh.com,June 2024,https://api.gdeltproject.org/api/v2/doc/doc?query=domain:nextpittsburgh.com&mode=artlist&maxrecords=250&format=json&DATE=202406
nextpittsburgh.com,May 2024,https://api.gdeltproject.org/api/v2/doc/doc?query=domain:nextpittsburgh.com&mode=artlist&maxrecords=250&format=json&DATE=202405
nextpittsburgh.com,April 2024,https://api.gdeltproject.org/api/v2/doc/doc?query=domain:nextpittsburgh.com&mode=artlist&maxrecords=250&format=json&DATE=202404
qburgh.com,March 2025,https://api.gdeltproject.org/api/v2/doc/doc?query=domain:qburgh.com&mode=artlist&maxrecords=250&format=json&DATE=202503
qburgh.com,February 2025,https://api.gdeltproject.org/api/v2/doc/doc?query=domain:qburgh.com&mode=artlist&maxrecords=250&format=json&DATE=202502
qburgh.com,January 2025,https://api.gdeltproject.org/api/v2/doc/doc?query=domain:qburgh.com&mode=artlist&maxrecords=250&format=json&DATE=202501
qburgh.com,December 2024,https://api.gdeltproject.org/api/v2/doc/doc?query=domain:qburgh.com&mode=artlist&maxrecords=250&format=json&DATE=202412
qburgh.com,November 2024,https://api.gdeltproject.org/api/v2/doc/doc?query=domain:qburgh.com&mode=artlist&maxrecords=250&format=json&DATE=202411
qburgh.com,October 2024,https://api.gdeltproject.org/api/v2/doc/doc?query=domain:qburgh.com&mode=artlist&maxrecords=250&format=json&DATE=202410
qburgh.com,September 2024,https://api.gdeltproject.org/api/v2/doc/doc?query=domain:qburgh.com&mode=artlist&maxrecords=250&format=json&DATE=202409
qburgh.com,August 2024,https://api.gdeltproject.org/api/v2/doc/doc?query=domain:qburgh.com&mode=artlist&maxrecords=250&format=json&DATE=202408
qburgh.com,July 2024,https://api.gdeltproject.org/api/v2/doc/doc?query=domain:qburgh.com&mode=artlist&maxrecords=250&format=json&DATE=202407
qburgh.com,June 2024,https://api.gdeltproject.org/api/v2/doc/doc?query=domain:qburgh.com&mode=artlist&maxrecords=250&format=json&DATE=202406
qburgh.com,May 2024,https://api.gdeltproject.org/api/v2/doc/doc?query=domain:qburgh.com&mode=artlist&maxrecords=250&format=json&DATE=202405
qburgh.com,April 2024,https://api.gdeltproject.org/api/v2/doc/doc?query=domain:qburgh.com&mode=artlist&maxrecords=250&format=json&DATE=202404
pointparknewsservice.org,March 2025,https://api.gdeltproject.org/api/v2/doc/doc?query=domain:pointparknewsservice.org&mode=artlist&maxrecords=250&format=json&DATE=202503
pointparknewsservice.org,February 2025,https://api.gdeltproject.org/api/v2/doc/doc?query=domain:pointparknewsservice.org&mode=artlist&maxrecords=250&format=json&DATE=202502
pointparknewsservice.org,January 2025,https://api.gdeltproject.org/api/v2/doc/doc?query=domain:pointparknewsservice.org&mode=artlist&maxrecords=250&format=json&DATE=202501
pointparknewsservice.org,December 2024,https://api.gdeltproject.org/api/v2/doc/doc?query=domain:pointparknewsservice.org&mode=artlist&maxrecords=250&format=json&DATE=202412
pointparknewsservice.org,November 2024,https://api.gdeltproject.org/api/v2/doc/doc?query=domain:pointparknewsservice.org&mode=artlist&maxrecords=250&format=json&DATE=202411
pointparknewsservice.org,October 2024,https://api.gdeltproject.org/api/v2/doc/doc?query=domain:pointparknewsservice.org&mode=artlist&maxrecords=250&format=json&DATE=202410
pointparknewsservice.org,September 2024,https://api.gdeltproject.org/api/v2/doc/doc?query=domain:pointparknewsservice.org&mode=artlist&maxrecords=250&format=json&DATE=202409
pointparknewsservice.org,August 2024,https://api.gdeltproject.org/api/v2/doc/doc?query=domain:pointparknewsservice.org&mode=artlist&maxrecords=250&format=json&DATE=202408
pointparknewsservice.org,July 2024,https://api.gdeltproject.org/api/v2/doc/doc?query=domain:pointparknewsservice.org&mode=artlist&maxrecords=250&format=json&DATE=202407
pointparknewsservice.org,June 2024,https://api.gdeltproject.org/api/v2/doc/doc?query=domain:pointparknewsservice.org&mode=artlist&maxrecords=250&format=json&DATE=202406
pointparknewsservice.org,May 2024,https://api.gdeltproject.org/api/v2/doc/doc?query=domain:pointparknewsservice.org&mode=artlist&maxrecords=250&format=json&DATE=202405
pointparknewsservice.org,April 2024,https://api.gdeltproject.org/api/v2/doc/doc?query=domain:pointparknewsservice.org&mode=artlist&maxrecords=250&format=json&DATE=202404
philadelphianeighborhoods.com,March 2025,https://api.gdeltproject.org/api/v2/doc/doc?query=domain:philadelphianeighborhoods.com&mode=artlist&maxrecords=250&format=json&DATE=202503
philadelphianeighborhoods.com,February 2025,https://api.gdeltproject.org/api/v2/doc/doc?query=domain:philadelphianeighborhoods.com&mode=artlist&maxrecords=250&format=json&DATE=202502
philadelphianeighborhoods.com,January 2025,https://api.gdeltproject.org/api/v2/doc/doc?query=domain:philadelphianeighborhoods.com&mode=artlist&maxrecords=250&format=json&DATE=202501
philadelphianeighborhoods.com,December 2024,https://api.gdeltproject.org/api/v2/doc/doc?query=domain:philadelphianeighborhoods.com&mode=artlist&maxrecords=250&format=json&DATE=202412
philadelphianeighborhoods.com,November 2024,https://api.gdeltproject.org/api/v2/doc/doc?query=domain:philadelphianeighborhoods.com&mode=artlist&maxrecords=250&format=json&DATE=202411
philadelphianeighborhoods.com,October 2024,https://api.gdeltproject.org/api/v2/doc/doc?query=domain:philadelphianeighborhoods.com&mode=artlist&maxrecords=250&format=json&DATE=202410
philadelphianeighborhoods.com,September 2024,https://api.gdeltproject.org/api/v2/doc/doc?query=domain:philadelphianeighborhoods.com&mode=artlist&maxrecords=250&format=json&DATE=202409
philadelphianeighborhoods.com,August 2024,https://api.gdeltproject.org/api/v2/doc/doc?query=domain:philadelphianeighborhoods.com&mode=artlist&maxrecords=250&format=json&DATE=202408
philadelphianeighborhoods.com,July 2024,https://api.gdeltproject.org/api/v2/doc/doc?query=domain:philadelphianeighborhoods.com&mode=artlist&maxrecords=250&format=json&DATE=202407
philadelphianeighborhoods.com,June 2024,https://api.gdeltproject.org/api/v2/doc/doc?query=domain:philadelphianeighborhoods.com&mode=artlist&maxrecords=250&format=json&DATE=202406
philadelphianeighborhoods.com,May 2024,https://api.gdeltproject.org/api/v2/doc/doc?query=domain:philadelphianeighborhoods.com&mode=artlist&maxrecords=250&format=json&DATE=202405
philadelphianeighborhoods.com,April 2024,https://api.gdeltproject.org/api/v2/doc/doc?query=domain:philadelphianeighborhoods.com&mode=artlist&maxrecords=250&format=json&DATE=202404
nwlocalpaper.com,March 2025,https://api.gdeltproject.org/api/v2/doc/doc?query=domain:nwlocalpaper.com&mode=artlist&maxrecords=250&format=json&DATE=202503
nwlocalpaper.com,February 2025,https://api.gdeltproject.org/api/v2/doc/doc?query=domain:nwlocalpaper.com&mode=artlist&maxrecords=250&format=json&DATE=202502
nwlocalpaper.com,January 2025,https://api.gdeltproject.org/api/v2/doc/doc?query=domain:nwlocalpaper.com&mode=artlist&maxrecords=250&format=json&DATE=202501
nwlocalpaper.com,December 2024,https://api.gdeltproject.org/api/v2/doc/doc?query=domain:nwlocalpaper.com&mode=artlist&maxrecords=250&format=json&DATE=202412
nwlocalpaper.com,November 2024,https://api.gdeltproject.org/api/v2/doc/doc?query=domain:nwlocalpaper.com&mode=artlist&maxrecords=250&format=json&DATE=202411
nwlocalpaper.com,October 2024,https://api.gdeltproject.org/api/v2/doc/doc?query=domain:nwlocalpaper.com&mode=artlist&maxrecords=250&format=json&DATE=202410
nwlocalpaper.com,September 2024,https://api.gdeltproject.org/api/v2/doc/doc?query=domain:nwlocalpaper.com&mode=artlist&maxrecords=250&format=json&DATE=202409
nwlocalpaper.com,August 2024,https://api.gdeltproject.org/api/v2/doc/doc?query=domain:nwlocalpaper.com&mode=artlist&maxrecords=250&format=json&DATE=202408
nwlocalpaper.com,July 2024,https://api.gdeltproject.org/api/v2/doc/doc?query=domain:nwlocalpaper.com&mode=artlist&maxrecords=250&format=json&DATE=202407
nwlocalpaper.com,June 2024,https://api.gdeltproject.org/api/v2/doc/doc?query=domain:nwlocalpaper.com&mode=artlist&maxrecords=250&format=json&DATE=202406
nwlocalpaper.com,May 2024,https://api.gdeltproject.org/api/v2/doc/doc?query=domain:nwlocalpaper.com&mode=artlist&maxrecords=250&format=json&DATE=202405
nwlocalpaper.com,April 2024,https://api.gdeltproject.org/api/v2/doc/doc?query=domain:nwlocalpaper.com&mode=artlist&maxrecords=250&format=json&DATE=202404
carolinanewsandreporter.cic.sc.edu,March 2025,https://api.gdeltproject.org/api/v2/doc/doc?query=domain:carolinanewsandreporter.cic.sc.edu&mode=artlist&maxrecords=250&format=json&DATE=202503
carolinanewsandreporter.cic.sc.edu,February 2025,https://api.gdeltproject.org/api/v2/doc/doc?query=domain:carolinanewsandreporter.cic.sc.edu&mode=artlist&maxrecords=250&format=json&DATE=202502
carolinanewsandreporter.cic.sc.edu,January 2025,https://api.gdeltproject.org/api/v2/doc/doc?query=domain:carolinanewsandreporter.cic.sc.edu&mode=artlist&maxrecords=250&format=json&DATE=202501
carolinanewsandreporter.cic.sc.edu,December 2024,https://api.gdeltproject.org/api/v2/doc/doc?query=domain:carolinanewsandreporter.cic.sc.edu&mode=artlist&maxrecords=250&format=json&DATE=202412
carolinanewsandreporter.cic.sc.edu,November 2024,https://api.gdeltproject.org/api/v2/doc/doc?query=domain:carolinanewsandreporter.cic.sc.edu&mode=artlist&maxrecords=250&format=json&DATE=202411
carolinanewsandreporter.cic.sc.edu,October 2024,https://api.gdeltproject.org/api/v2/doc/doc?query=domain:carolinanewsandreporter.cic.sc.edu&mode=artlist&maxrecords=250&format=json&DATE=202410
carolinanewsandreporter.cic.sc.edu,September 2024,https://api.gdeltproject.org/api/v2/doc/doc?query=domain:carolinanewsandreporter.cic.sc.edu&mode=artlist&maxrecords=250&format=json&DATE=202409
carolinanewsandreporter.cic.sc.edu,August 2024,https://api.gdeltproject.org/api/v2/doc/doc?query=domain:carolinanewsandreporter.cic.sc.edu&mode=artlist&maxrecords=250&format=json&DATE=202408
carolinanewsandreporter.cic.sc.edu,July 2024,https://api.gdeltproject.org/api/v2/doc/doc?query=domain:carolinanewsandreporter.cic.sc.edu&mode=artlist&maxrecords=250&format=json&DATE=202407
carolinanewsandreporter.cic.sc.edu,June 2024,https://api.gdeltproject.org/api/v2/doc/doc?query=domain:carolinanewsandreporter.cic.sc.edu&mode=artlist&maxrecords=250&format=json&DATE=202406
carolinanewsandreporter.cic.sc.edu,May 2024,https://api.gdeltproject.org/api/v2/doc/doc?query=domain:carolinanewsandreporter.cic.sc.edu&mode=artlist&maxrecords=250&format=json&DATE=202405
carolinanewsandreporter.cic.sc.edu,April 2024,https://api.gdeltproject.org/api/v2/doc/doc?query=domain:carolinanewsandreporter.cic.sc.edu&mode=artlist&maxrecords=250&format=json&DATE=202404
www.overlookedinappalachia.org,March 2025,https://api.gdeltproject.org/api/v2/doc/doc?query=domain:www.overlookedinappalachia.org&mode=artlist&maxrecords=250&format=json&DATE=202503
www.overlookedinappalachia.org,February 2025,https://api.gdeltproject.org/api/v2/doc/doc?query=domain:www.overlookedinappalachia.org&mode=artlist&maxrecords=250&format=json&DATE=202502
www.overlookedinappalachia.org,January 2025,https://api.gdeltproject.org/api/v2/doc/doc?query=domain:www.overlookedinappalachia.org&mode=artlist&maxrecords=250&format=json&DATE=202501
www.overlookedinappalachia.org,December 2024,https://api.gdeltproject.org/api/v2/doc/doc?query=domain:www.overlookedinappalachia.org&mode=artlist&maxrecords=250&format=json&DATE=202412
www.overlookedinappalachia.org,November 2024,https://api.gdeltproject.org/api/v2/doc/doc?query=domain:www.overlookedinappalachia.org&mode=artlist&maxrecords=250&format=json&DATE=202411
www.overlookedinappalachia.org,October 2024,https://api.gdeltproject.org/api/v2/doc/doc?query=domain:www.overlookedinappalachia.org&mode=artlist&maxrecords=250&format=json&DATE=202410
www.overlookedinappalachia.org,September 2024,https://api.gdeltproject.org/api/v2/doc/doc?query=domain:www.overlookedinappalachia.org&mode=artlist&maxrecords=250&format=json&DATE=202409
www.overlookedinappalachia.org,August 2024,https://api.gdeltproject.org/api/v2/doc/doc?query=domain:www.overlookedinappalachia.org&mode=artlist&maxrecords=250&format=json&DATE=202408
www.overlookedinappalachia.org,July 2024,https://api.gdeltproject.org/api/v2/doc/doc?query=domain:www.overlookedinappalachia.org&mode=artlist&maxrecords=250&format=json&DATE=202407
www.overlookedinappalachia.org,June 2024,https://api.gdeltproject.org/api/v2/doc/doc?query=domain:www.overlookedinappalachia.org&mode=artlist&maxrecords=250&format=json&DATE=202406
www.overlookedinappalachia.org,May 2024,https://api.gdeltproject.org/api/v2/doc/doc?query=domain:www.overlookedinappalachia.org&mode=artlist&maxrecords=250&format=json&DATE=202405
www.overlookedinappalachia.org,April 2024,https://api.gdeltproject.org/api/v2/doc/doc?query=domain:www.overlookedinappalachia.org&mode=artlist&maxrecords=250&format=json&DATE=202404
southern-accent.org,March 2025,https://api.gdeltproject.org/api/v2/doc/doc?query=domain:southern-accent.org&mode=artlist&maxrecords=250&format=json&DATE=202503
southern-accent.org,February 2025,https://api.gdeltproject.org/api/v2/doc/doc?query=domain:southern-accent.org&mode=artlist&maxrecords=250&format=json&DATE=202502
southern-accent.org,January 2025,https://api.gdeltproject.org/api/v2/doc/doc?query=domain:southern-accent.org&mode=artlist&maxrecords=250&format=json&DATE=202501
southern-accent.org,December 2024,https://api.gdeltproject.org/api/v2/doc/doc?query=domain:southern-accent.org&mode=artlist&maxrecords=250&format=json&DATE=202412
southern-accent.org,November 2024,https://api.gdeltproject.org/api/v2/doc/doc?query=domain:southern-accent.org&mode=artlist&maxrecords=250&format=json&DATE=202411
southern-accent.org,October 2024,https://api.gdeltproject.org/api/v2/doc/doc?query=domain:southern-accent.org&mode=artlist&maxrecords=250&format=json&DATE=202410
southern-accent.org,September 2024,https://api.gdeltproject.org/api/v2/doc/doc?query=domain:southern-accent.org&mode=artlist&maxrecords=250&format=json&DATE=202409
southern-accent.org,August 2024,https://api.gdeltproject.org/api/v2/doc/doc?query=domain:southern-accent.org&mode=artlist&maxrecords=250&format=json&DATE=202408
southern-accent.org,July 2024,https://api.gdeltproject.org/api/v2/doc/doc?query=domain:southern-accent.org&mode=artlist&maxrecords=250&format=json&DATE=202407
southern-accent.org,June 2024,https://api.gdeltproject.org/api/v2/doc/doc?query=domain:southern-accent.org&mode=artlist&maxrecords=250&format=json&DATE=202406
southern-accent.org,May 2024,https://api.gdeltproject.org/api/v2/doc/doc?query=domain:southern-accent.org&mode=artlist&maxrecords=250&format=json&DATE=202405
southern-accent.org,April 2024,https://api.gdeltproject.org/api/v2/doc/doc?query=domain:southern-accent.org&mode=artlist&maxrecords=250&format=json&DATE=202404
www.psrmemphis.org,March 2025,https://api.gdeltproject.org/api/v2/doc/doc?query=domain:www.psrmemphis.org&mode=artlist&maxrecords=250&format=json&DATE=202503
www.psrmemphis.org,February 2025,https://api.gdeltproject.org/api/v2/doc/doc?query=domain:www.psrmemphis.org&mode=artlist&maxrecords=250&format=json&DATE=202502
www.psrmemphis.org,January 2025,https://api.gdeltproject.org/api/v2/doc/doc?query=domain:www.psrmemphis.org&mode=artlist&maxrecords=250&format=json&DATE=202501
www.psrmemphis.org,December 2024,https://api.gdeltproject.org/api/v2/doc/doc?query=domain:www.psrmemphis.org&mode=artlist&maxrecords=250&format=json&DATE=202412
www.psrmemphis.org,November 2024,https://api.gdeltproject.org/api/v2/doc/doc?query=domain:www.psrmemphis.org&mode=artlist&maxrecords=250&format=json&DATE=202411
www.psrmemphis.org,October 2024,https://api.gdeltproject.org/api/v2/doc/doc?query=domain:www.psrmemphis.org&mode=artlist&maxrecords=250&format=json&DATE=202410
www.psrmemphis.org,September 2024,https://api.gdeltproject.org/api/v2/doc/doc?query=domain:www.psrmemphis.org&mode=artlist&maxrecords=250&format=json&DATE=202409
www.psrmemphis.org,August 2024,https://api.gdeltproject.org/api/v2/doc/doc?query=domain:www.psrmemphis.org&mode=artlist&maxrecords=250&format=json&DATE=202408
www.psrmemphis.org,July 2024,https://api.gdeltproject.org/api/v2/doc/doc?query=domain:www.psrmemphis.org&mode=artlist&maxrecords=250&format=json&DATE=202407
www.psrmemphis.org,June 2024,https://api.gdeltproject.org/api/v2/doc/doc?query=domain:www.psrmemphis.org&mode=artlist&maxrecords=250&format=json&DATE=202406
www.psrmemphis.org,May 2024,https://api.gdeltproject.org/api/v2/doc/doc?query=domain:www.psrmemphis.org&mode=artlist&maxrecords=250&format=json&DATE=202405
www.psrmemphis.org,April 2024,https://api.gdeltproject.org/api/v2/doc/doc?query=domain:www.psrmemphis.org&mode=artlist&maxrecords=250&format=json&DATE=202404
www.kacu.org,March 2025,https://api.gdeltproject.org/api/v2/doc/doc?query=domain:www.kacu.org&mode=artlist&maxrecords=250&format=json&DATE=202503
www.kacu.org,February 2025,https://api.gdeltproject.org/api/v2/doc/doc?query=domain:www.kacu.org&mode=artlist&maxrecords=250&format=json&DATE=202502
www.kacu.org,January 2025,https://api.gdeltproject.org/api/v2/doc/doc?query=domain:www.kacu.org&mode=artlist&maxrecords=250&format=json&DATE=202501
www.kacu.org,December 2024,https://api.gdeltproject.org/api/v2/doc/doc?query=domain:www.kacu.org&mode=artlist&maxrecords=250&format=json&DATE=202412
www.kacu.org,November 2024,https://api.gdeltproject.org/api/v2/doc/doc?query=domain:www.kacu.org&mode=artlist&maxrecords=250&format=json&DATE=202411
www.kacu.org,October 2024,https://api.gdeltproject.org/api/v2/doc/doc?query=domain:www.kacu.org&mode=artlist&maxrecords=250&format=json&DATE=202410
www.kacu.org,September 2024,https://api.gdeltproject.org/api/v2/doc/doc?query=domain:www.kacu.org&mode=artlist&maxrecords=250&format=json&DATE=202409
www.kacu.org,August 2024,https://api.gdeltproject.org/api/v2/doc/doc?query=domain:www.kacu.org&mode=artlist&maxrecords=250&format=json&DATE=202408
www.kacu.org,July 2024,https://api.gdeltproject.org/api/v2/doc/doc?query=domain:www.kacu.org&mode=artlist&maxrecords=250&format=json&DATE=202407
www.kacu.org,June 2024,https://api.gdeltproject.org/api/v2/doc/doc?query=domain:www.kacu.org&mode=artlist&maxrecords=250&format=json&DATE=202406
www.kacu.org,May 2024,https://api.gdeltproject.org/api/v2/doc/doc?query=domain:www.kacu.org&mode=artlist&maxrecords=250&format=json&DATE=202405
www.kacu.org,April 2024,https://api.gdeltproject.org/api/v2/doc/doc?query=domain:www.kacu.org&mode=artlist&maxrecords=250&format=json&DATE=202404
borderzine.com,March 2025,https://api.gdeltproject.org/api/v2/doc/doc?query=domain:borderzine.com&mode=artlist&maxrecords=250&format=json&DATE=202503
borderzine.com,February 2025,https://api.gdeltproject.org/api/v2/doc/doc?query=domain:borderzine.com&mode=artlist&maxrecords=250&format=json&DATE=202502
borderzine.com,January 2025,https://api.gdeltproject.org/api/v2/doc/doc?query=domain:borderzine.com&mode=artlist&maxrecords=250&format=json&DATE=202501
borderzine.com,December 2024,https://api.gdeltproject.org/api/v2/doc/doc?query=domain:borderzine.com&mode=artlist&maxrecords=250&format=json&DATE=202412
borderzine.com,November 2024,https://api.gdeltproject.org/api/v2/doc/doc?query=domain:borderzine.com&mode=artlist&maxrecords=250&format=json&DATE=202411
borderzine.com,October 2024,https://api.gdeltproject.org/api/v2/doc/doc?query=domain:borderzine.com&mode=artlist&maxrecords=250&format=json&DATE=202410
borderzine.com,September 2024,https://api.gdeltproject.org/api/v2/doc/doc?query=domain:borderzine.com&mode=artlist&maxrecords=250&format=json&DATE=202409
borderzine.com,August 2024,https://api.gdeltproject.org/api/v2/doc/doc?query=domain:borderzine.com&mode=artlist&maxrecords=250&format=json&DATE=202408
borderzine.com,July 2024,https://api.gdeltproject.org/api/v2/doc/doc?query=domain:borderzine.com&mode=artlist&maxrecords=250&format=json&DATE=202407
borderzine.com,June 2024,https://api.gdeltproject.org/api/v2/doc/doc?query=domain:borderzine.com&mode=artlist&maxrecords=250&format=json&DATE=202406
borderzine.com,May 2024,https://api.gdeltproject.org/api/v2/doc/doc?query=domain:borderzine.com&mode=artlist&maxrecords=250&format=json&DATE=202405
borderzine.com,April 2024,https://api.gdeltproject.org/api/v2/doc/doc?query=domain:borderzine.com&mode=artlist&maxrecords=250&format=json&DATE=202404
sanantonioreport.org,March 2025,https://api.gdeltproject.org/api/v2/doc/doc?query=domain:sanantonioreport.org&mode=artlist&maxrecords=250&format=json&DATE=202503
sanantonioreport.org,February 2025,https://api.gdeltproject.org/api/v2/doc/doc?query=domain:sanantonioreport.org&mode=artlist&maxrecords=250&format=json&DATE=202502
sanantonioreport.org,January 2025,https://api.gdeltproject.org/api/v2/doc/doc?query=domain:sanantonioreport.org&mode=artlist&maxrecords=250&format=json&DATE=202501
sanantonioreport.org,December 2024,https://api.gdeltproject.org/api/v2/doc/doc?query=domain:sanantonioreport.org&mode=artlist&maxrecords=250&format=json&DATE=202412
sanantonioreport.org,November 2024,https://api.gdeltproject.org/api/v2/doc/doc?query=domain:sanantonioreport.org&mode=artlist&maxrecords=250&format=json&DATE=202411
sanantonioreport.org,October 2024,https://api.gdeltproject.org/api/v2/doc/doc?query=domain:sanantonioreport.org&mode=artlist&maxrecords=250&format=json&DATE=202410
sanantonioreport.org,September 2024,https://api.gdeltproject.org/api/v2/doc/doc?query=domain:sanantonioreport.org&mode=artlist&maxrecords=250&format=json&DATE=202409
sanantonioreport.org,August 2024,https://api.gdeltproject.org/api/v2/doc/doc?query=domain:sanantonioreport.org&mode=artlist&maxrecords=250&format=json&DATE=202408
sanantonioreport.org,July 2024,https://api.gdeltproject.org/api/v2/doc/doc?query=domain:sanantonioreport.org&mode=artlist&maxrecords=250&format=json&DATE=202407
sanantonioreport.org,June 2024,https://api.gdeltproject.org/api/v2/doc/doc?query=domain:sanantonioreport.org&mode=artlist&maxrecords=250&format=json&DATE=202406
sanantonioreport.org,May 2024,https://api.gdeltproject.org/api/v2/doc/doc?query=domain:sanantonioreport.org&mode=artlist&maxrecords=250&format=json&DATE=202405
sanantonioreport.org,April 2024,https://api.gdeltproject.org/api/v2/doc/doc?query=domain:sanantonioreport.org&mode=artlist&maxrecords=250&format=json&DATE=202404
www.community-news.com,March 2025,https://api.gdeltproject.org/api/v2/doc/doc?query=domain:www.community-news.com&mode=artlist&maxrecords=250&format=json&DATE=202503
www.community-news.com,February 2025,https://api.gdeltproject.org/api/v2/doc/doc?query=domain:www.community-news.com&mode=artlist&maxrecords=250&format=json&DATE=202502
www.community-news.com,January 2025,https://api.gdeltproject.org/api/v2/doc/doc?query=domain:www.community-news.com&mode=artlist&maxrecords=250&format=json&DATE=202501
www.community-news.com,December 2024,https://api.gdeltproject.org/api/v2/doc/doc?query=domain:www.community-news.com&mode=artlist&maxrecords=250&format=json&DATE=202412
www.community-news.com,November 2024,https://api.gdeltproject.org/api/v2/doc/doc?query=domain:www.community-news.com&mode=artlist&maxrecords=250&format=json&DATE=202411
www.community-news.com,October 2024,https://api.gdeltproject.org/api/v2/doc/doc?query=domain:www.community-news.com&mode=artlist&maxrecords=250&format=json&DATE=202410
www.community-news.com,September 2024,https://api.gdeltproject.org/api/v2/doc/doc?query=domain:www.community-news.com&mode=artlist&maxrecords=250&format=json&DATE=202409
www.community-news.com,August 2024,https://api.gdeltproject.org/api/v2/doc/doc?query=domain:www.community-news.com&mode=artlist&maxrecords=250&format=json&DATE=202408
www.community-news.com,July 2024,https://api.gdeltproject.org/api/v2/doc/doc?query=domain:www.community-news.com&mode=artlist&maxrecords=250&format=json&DATE=202407
www.community-news.com,June 2024,https://api.gdeltproject.org/api/v2/doc/doc?query=domain:www.community-news.com&mode=artlist&maxrecords=250&format=json&DATE=202406
www.community-news.com,May 2024,https://api.gdeltproject.org/api/v2/doc/doc?query=domain:www.community-news.com&mode=artlist&maxrecords=250&format=json&DATE=202405
www.community-news.com,April 2024,https://api.gdeltproject.org/api/v2/doc/doc?query=domain:www.community-news.com&mode=artlist&maxrecords=250&format=json&DATE=202404
seguingazette.com,March 2025,https://api.gdeltproject.org/api/v2/doc/doc?query=domain:seguingazette.com&mode=artlist&maxrecords=250&format=json&DATE=202503
seguingazette.com,February 2025,https://api.gdeltproject.org/api/v2/doc/doc?query=domain:seguingazette.com&mode=artlist&maxrecords=250&format=json&DATE=202502
seguingazette.com,January 2025,https://api.gdeltproject.org/api/v2/doc/doc?query=domain:seguingazette.com&mode=artlist&maxrecords=250&format=json&DATE=202501
seguingazette.com,December 2024,https://api.gdeltproject.org/api/v2/doc/doc?query=domain:seguingazette.com&mode=artlist&maxrecords=250&format=json&DATE=202412
seguingazette.com,November 2024,https://api.gdeltproject.org/api/v2/doc/doc?query=domain:seguingazette.com&mode=artlist&maxrecords=250&format=json&DATE=202411
seguingazette.com,October 2024,https://api.gdeltproject.org/api/v2/doc/doc?query=domain:seguingazette.com&mode=artlist&maxrecords=250&format=json&DATE=202410
seguingazette.com,September 2024,https://api.gdeltproject.org/api/v2/doc/doc?query=domain:seguingazette.com&mode=artlist&maxrecords=250&format=json&DATE=202409
seguingazette.com,August 2024,https://api.gdeltproject.org/api/v2/doc/doc?query=domain:seguingazette.com&mode=artlist&maxrecords=250&format=json&DATE=202408
seguingazette.com,July 2024,https://api.gdeltproject.org/api/v2/doc/doc?query=domain:seguingazette.com&mode=artlist&maxrecords=250&format=json&DATE=202407
seguingazette.com,June 2024,https://api.gdeltproject.org/api/v2/doc/doc?query=domain:seguingazette.com&mode=artlist&maxrecords=250&format=json&DATE=202406
seguingazette.com,May 2024,https://api.gdeltproject.org/api/v2/doc/doc?query=domain:seguingazette.com&mode=artlist&maxrecords=250&format=json&DATE=202405
seguingazette.com,April 2024,https://api.gdeltproject.org/api/v2/doc/doc?query=domain:seguingazette.com&mode=artlist&maxrecords=250&format=json&DATE=202404
texasmetronews.com,March 2025,https://api.gdeltproject.org/api/v2/doc/doc?query=domain:texasmetronews.com&mode=artlist&maxrecords=250&format=json&DATE=202503
texasmetronews.com,February 2025,https://api.gdeltproject.org/api/v2/doc/doc?query=domain:texasmetronews.com&mode=artlist&maxrecords=250&format=json&DATE=202502
texasmetronews.com,January 2025,https://api.gdeltproject.org/api/v2/doc/doc?query=domain:texasmetronews.com&mode=artlist&maxrecords=250&format=json&DATE=202501
texasmetronews.com,December 2024,https://api.gdeltproject.org/api/v2/doc/doc?query=domain:texasmetronews.com&mode=artlist&maxrecords=250&format=json&DATE=202412
texasmetronews.com,November 2024,https://api.gdeltproject.org/api/v2/doc/doc?query=domain:texasmetronews.com&mode=artlist&maxrecords=250&format=json&DATE=202411
texasmetronews.com,October 2024,https://api.gdeltproject.org/api/v2/doc/doc?query=domain:texasmetronews.com&mode=artlist&maxrecords=250&format=json&DATE=202410
texasmetronews.com,September 2024,https://api.gdeltproject.org/api/v2/doc/doc?query=domain:texasmetronews.com&mode=artlist&maxrecords=250&format=json&DATE=202409
texasmetronews.com,August 2024,https://api.gdeltproject.org/api/v2/doc/doc?query=domain:texasmetronews.com&mode=artlist&maxrecords=250&format=json&DATE=202408
texasmetronews.com,July 2024,https://api.gdeltproject.org/api/v2/doc/doc?query=domain:texasmetronews.com&mode=artlist&maxrecords=250&format=json&DATE=202407
texasmetronews.com,June 2024,https://api.gdeltproject.org/api/v2/doc/doc?query=domain:texasmetronews.com&mode=artlist&maxrecords=250&format=json&DATE=202406
texasmetronews.com,May 2024,https://api.gdeltproject.org/api/v2/doc/doc?query=domain:texasmetronews.com&mode=artlist&maxrecords=250&format=json&DATE=202405
texasmetronews.com,April 2024,https://api.gdeltproject.org/api/v2/doc/doc?query=domain:texasmetronews.com&mode=artlist&maxrecords=250&format=json&DATE=202404
planomagazine.com,March 2025,https://api.gdeltproject.org/api/v2/doc/doc?query=domain:planomagazine.com&mode=artlist&maxrecords=250&format=json&DATE=202503
planomagazine.com,February 2025,https://api.gdeltproject.org/api/v2/doc/doc?query=domain:planomagazine.com&mode=artlist&maxrecords=250&format=json&DATE=202502
planomagazine.com,January 2025,https://api.gdeltproject.org/api/v2/doc/doc?query=domain:planomagazine.com&mode=artlist&maxrecords=250&format=json&DATE=202501
planomagazine.com,December 2024,https://api.gdeltproject.org/api/v2/doc/doc?query=domain:planomagazine.com&mode=artlist&maxrecords=250&format=json&DATE=202412
planomagazine.com,November 2024,https://api.gdeltproject.org/api/v2/doc/doc?query=domain:planomagazine.com&mode=artlist&maxrecords=250&format=json&DATE=202411
planomagazine.com,October 2024,https://api.gdeltproject.org/api/v2/doc/doc?query=domain:planomagazine.com&mode=artlist&maxrecords=250&format=json&DATE=202410
planomagazine.com,September 2024,https://api.gdeltproject.org/api/v2/doc/doc?query=domain:planomagazine.com&mode=artlist&maxrecords=250&format=json&DATE=202409
planomagazine.com,August 2024,https://api.gdeltproject.org/api/v2/doc/doc?query=domain:planomagazine.com&mode=artlist&maxrecords=250&format=json&DATE=202408
planomagazine.com,July 2024,https://api.gdeltproject.org/api/v2/doc/doc?query=domain:planomagazine.com&mode=artlist&maxrecords=250&format=json&DATE=202407
planomagazine.com,June 2024,https://api.gdeltproject.org/api/v2/doc/doc?query=domain:planomagazine.com&mode=artlist&maxrecords=250&format=json&DATE=202406
planomagazine.com,May 2024,https://api.gdeltproject.org/api/v2/doc/doc?query=domain:planomagazine.com&mode=artlist&maxrecords=250&format=json&DATE=202405
planomagazine.com,April 2024,https://api.gdeltproject.org/api/v2/doc/doc?query=domain:planomagazine.com&mode=artlist&maxrecords=250&format=json&DATE=202404
www.sltrib.com,March 2025,https://api.gdeltproject.org/api/v2/doc/doc?query=domain:www.sltrib.com&mode=artlist&maxrecords=250&format=json&DATE=202503
www.sltrib.com,February 2025,https://api.gdeltproject.org/api/v2/doc/doc?query=domain:www.sltrib.com&mode=artlist&maxrecords=250&format=json&DATE=202502
www.sltrib.com,January 2025,https://api.gdeltproject.org/api/v2/doc/doc?query=domain:www.sltrib.com&mode=artlist&maxrecords=250&format=json&DATE=202501
www.sltrib.com,December 2024,https://api.gdeltproject.org/api/v2/doc/doc?query=domain:www.sltrib.com&mode=artlist&maxrecords=250&format=json&DATE=202412
www.sltrib.com,November 2024,https://api.gdeltproject.org/api/v2/doc/doc?query=domain:www.sltrib.com&mode=artlist&maxrecords=250&format=json&DATE=202411
www.sltrib.com,October 2024,https://api.gdeltproject.org/api/v2/doc/doc?query=domain:www.sltrib.com&mode=artlist&maxrecords=250&format=json&DATE=202410
www.sltrib.com,September 2024,https://api.gdeltproject.org/api/v2/doc/doc?query=domain:www.sltrib.com&mode=artlist&maxrecords=250&format=json&DATE=202409
www.sltrib.com,August 2024,https://api.gdeltproject.org/api/v2/doc/doc?query=domain:www.sltrib.com&mode=artlist&maxrecords=250&format=json&DATE=202408
www.sltrib.com,July 2024,https://api.gdeltproject.org/api/v2/doc/doc?query=domain:www.sltrib.com&mode=artlist&maxrecords=250&format=json&DATE=202407
www.sltrib.com,June 2024,https://api.gdeltproject.org/api/v2/doc/doc?query=domain:www.sltrib.com&mode=artlist&maxrecords=250&format=json&DATE=202406
www.sltrib.com,May 2024,https://api.gdeltproject.org/api/v2/doc/doc?query=domain:www.sltrib.com&mode=artlist&maxrecords=250&format=json&DATE=202405
www.sltrib.com,April 2024,https://api.gdeltproject.org/api/v2/doc/doc?query=domain:www.sltrib.com&mode=artlist&maxrecords=250&format=json&DATE=202404
vcucns.com,March 2025,https://api.gdeltproject.org/api/v2/doc/doc?query=domain:vcucns.com&mode=artlist&maxrecords=250&format=json&DATE=202503
vcucns.com,February 2025,https://api.gdeltproject.org/api/v2/doc/doc?query=domain:vcucns.com&mode=artlist&maxrecords=250&format=json&DATE=202502
vcucns.com,January 2025,https://api.gdeltproject.org/api/v2/doc/doc?query=domain:vcucns.com&mode=artlist&maxrecords=250&format=json&DATE=202501
vcucns.com,December 2024,https://api.gdeltproject.org/api/v2/doc/doc?query=domain:vcucns.com&mode=artlist&maxrecords=250&format=json&DATE=202412
vcucns.com,November 2024,https://api.gdeltproject.org/api/v2/doc/doc?query=domain:vcucns.com&mode=artlist&maxrecords=250&format=json&DATE=202411
vcucns.com,October 2024,https://api.gdeltproject.org/api/v2/doc/doc?query=domain:vcucns.com&mode=artlist&maxrecords=250&format=json&DATE=202410
vcucns.com,September 2024,https://api.gdeltproject.org/api/v2/doc/doc?query=domain:vcucns.com&mode=artlist&maxrecords=250&format=json&DATE=202409
vcucns.com,August 2024,https://api.gdeltproject.org/api/v2/doc/doc?query=domain:vcucns.com&mode=artlist&maxrecords=250&format=json&DATE=202408
vcucns.com,July 2024,https://api.gdeltproject.org/api/v2/doc/doc?query=domain:vcucns.com&mode=artlist&maxrecords=250&format=json&DATE=202407
vcucns.com,June 2024,https://api.gdeltproject.org/api/v2/doc/doc?query=domain:vcucns.com&mode=artlist&maxrecords=250&format=json&DATE=202406
vcucns.com,May 2024,https://api.gdeltproject.org/api/v2/doc/doc?query=domain:vcucns.com&mode=artlist&maxrecords=250&format=json&DATE=202405
vcucns.com,April 2024,https://api.gdeltproject.org/api/v2/doc/doc?query=domain:vcucns.com&mode=artlist&maxrecords=250&format=json&DATE=202404
www.pilotonline.com,March 2025,https://api.gdeltproject.org/api/v2/doc/doc?query=domain:www.pilotonline.com&mode=artlist&maxrecords=250&format=json&DATE=202503
www.pilotonline.com,February 2025,https://api.gdeltproject.org/api/v2/doc/doc?query=domain:www.pilotonline.com&mode=artlist&maxrecords=250&format=json&DATE=202502
www.pilotonline.com,January 2025,https://api.gdeltproject.org/api/v2/doc/doc?query=domain:www.pilotonline.com&mode=artlist&maxrecords=250&format=json&DATE=202501
www.pilotonline.com,December 2024,https://api.gdeltproject.org/api/v2/doc/doc?query=domain:www.pilotonline.com&mode=artlist&maxrecords=250&format=json&DATE=202412
www.pilotonline.com,November 2024,https://api.gdeltproject.org/api/v2/doc/doc?query=domain:www.pilotonline.com&mode=artlist&maxrecords=250&format=json&DATE=202411
www.pilotonline.com,October 2024,https://api.gdeltproject.org/api/v2/doc/doc?query=domain:www.pilotonline.com&mode=artlist&maxrecords=250&format=json&DATE=202410
www.pilotonline.com,September 2024,https://api.gdeltproject.org/api/v2/doc/doc?query=domain:www.pilotonline.com&mode=artlist&maxrecords=250&format=json&DATE=202409
www.pilotonline.com,August 2024,https://api.gdeltproject.org/api/v2/doc/doc?query=domain:www.pilotonline.com&mode=artlist&maxrecords=250&format=json&DATE=202408
www.pilotonline.com,July 2024,https://api.gdeltproject.org/api/v2/doc/doc?query=domain:www.pilotonline.com&mode=artlist&maxrecords=250&format=json&DATE=202407
www.pilotonline.com,June 2024,https://api.gdeltproject.org/api/v2/doc/doc?query=domain:www.pilotonline.com&mode=artlist&maxrecords=250&format=json&DATE=202406
www.pilotonline.com,May 2024,https://api.gdeltproject.org/api/v2/doc/doc?query=domain:www.pilotonline.com&mode=artlist&maxrecords=250&format=json&DATE=202405
www.pilotonline.com,April 2024,https://api.gdeltproject.org/api/v2/doc/doc?query=domain:www.pilotonline.com&mode=artlist&maxrecords=250&format=json&DATE=202404
www.news7newslinc.net,March 2025,https://api.gdeltproject.org/api/v2/doc/doc?query=domain:www.news7newslinc.net&mode=artlist&maxrecords=250&format=json&DATE=202503
www.news7newslinc.net,February 2025,https://api.gdeltproject.org/api/v2/doc/doc?query=domain:www.news7newslinc.net&mode=artlist&maxrecords=250&format=json&DATE=202502
www.news7newslinc.net,January 2025,https://api.gdeltproject.org/api/v2/doc/doc?query=domain:www.news7newslinc.net&mode=artlist&maxrecords=250&format=json&DATE=202501
www.news7newslinc.net,December 2024,https://api.gdeltproject.org/api/v2/doc/doc?query=domain:www.news7newslinc.net&mode=artlist&maxrecords=250&format=json&DATE=202412
www.news7newslinc.net,November 2024,https://api.gdeltproject.org/api/v2/doc/doc?query=domain:www.news7newslinc.net&mode=artlist&maxrecords=250&format=json&DATE=202411
www.news7newslinc.net,October 2024,https://api.gdeltproject.org/api/v2/doc/doc?query=domain:www.news7newslinc.net&mode=artlist&maxrecords=250&format=json&DATE=202410
www.news7newslinc.net,September 2024,https://api.gdeltproject.org/api/v2/doc/doc?query=domain:www.news7newslinc.net&mode=artlist&maxrecords=250&format=json&DATE=202409
www.news7newslinc.net,August 2024,https://api.gdeltproject.org/api/v2/doc/doc?query=domain:www.news7newslinc.net&mode=artlist&maxrecords=250&format=json&DATE=202408
www.news7newslinc.net,July 2024,https://api.gdeltproject.org/api/v2/doc/doc?query=domain:www.news7newslinc.net&mode=artlist&maxrecords=250&format=json&DATE=202407
www.news7newslinc.net,June 2024,https://api.gdeltproject.org/api/v2/doc/doc?query=domain:www.news7newslinc.net&mode=artlist&maxrecords=250&format=json&DATE=202406
www.news7newslinc.net,May 2024,https://api.gdeltproject.org/api/v2/doc/doc?query=domain:www.news7newslinc.net&mode=artlist&maxrecords=250&format=json&DATE=202405
www.news7newslinc.net,April 2024,https://api.gdeltproject.org/api/v2/doc/doc?query=domain:www.news7newslinc.net&mode=artlist&maxrecords=250&format=json&DATE=202404
vtdigger.org,March 2025,https://api.gdeltproject.org/api/v2/doc/doc?query=domain:vtdigger.org&mode=artlist&maxrecords=250&format=json&DATE=202503
vtdigger.org,February 2025,https://api.gdeltproject.org/api/v2/doc/doc?query=domain:vtdigger.org&mode=artlist&maxrecords=250&format=json&DATE=202502
vtdigger.org,January 2025,https://api.gdeltproject.org/api/v2/doc/doc?query=domain:vtdigger.org&mode=artlist&maxrecords=250&format=json&DATE=202501
vtdigger.org,December 2024,https://api.gdeltproject.org/api/v2/doc/doc?query=domain:vtdigger.org&mode=artlist&maxrecords=250&format=json&DATE=202412
vtdigger.org,November 2024,https://api.gdeltproject.org/api/v2/doc/doc?query=domain:vtdigger.org&mode=artlist&maxrecords=250&format=json&DATE=202411
vtdigger.org,October 2024,https://api.gdeltproject.org/api/v2/doc/doc?query=domain:vtdigger.org&mode=artlist&maxrecords=250&format=json&DATE=202410
vtdigger.org,September 2024,https://api.gdeltproject.org/api/v2/doc/doc?query=domain:vtdigger.org&mode=artlist&maxrecords=250&format=json&DATE=202409
vtdigger.org,August 2024,https://api.gdeltproject.org/api/v2/doc/doc?query=domain:vtdigger.org&mode=artlist&maxrecords=250&format=json&DATE=202408
vtdigger.org,July 2024,https://api.gdeltproject.org/api/v2/doc/doc?query=domain:vtdigger.org&mode=artlist&maxrecords=250&format=json&DATE=202407
vtdigger.org,June 2024,https://api.gdeltproject.org/api/v2/doc/doc?query=domain:vtdigger.org&mode=artlist&maxrecords=250&format=json&DATE=202406
vtdigger.org,May 2024,https://api.gdeltproject.org/api/v2/doc/doc?query=domain:vtdigger.org&mode=artlist&maxrecords=250&format=json&DATE=202405
vtdigger.org,April 2024,https://api.gdeltproject.org/api/v2/doc/doc?query=domain:vtdigger.org&mode=artlist&maxrecords=250&format=json&DATE=202404
vtcommunitynews.org/category/legislature,March 2025,https://api.gdeltproject.org/api/v2/doc/doc?query=domain:vtcommunitynews.org/category/legislature&mode=artlist&maxrecords=250&format=json&DATE=202503
vtcommunitynews.org/category/legislature,February 2025,https://api.gdeltproject.org/api/v2/doc/doc?query=domain:vtcommunitynews.org/category/legislature&mode=artlist&maxrecords=250&format=json&DATE=202502
vtcommunitynews.org/category/legislature,January 2025,https://api.gdeltproject.org/api/v2/doc/doc?query=domain:vtcommunitynews.org/category/legislature&mode=artlist&maxrecords=250&format=json&DATE=202501
vtcommunitynews.org/category/legislature,December 2024,https://api.gdeltproject.org/api/v2/doc/doc?query=domain:vtcommunitynews.org/category/legislature&mode=artlist&maxrecords=250&format=json&DATE=202412
vtcommunitynews.org/category/legislature,November 2024,https://api.gdeltproject.org/api/v2/doc/doc?query=domain:vtcommunitynews.org/category/legislature&mode=artlist&maxrecords=250&format=json&DATE=202411
vtcommunitynews.org/category/legislature,October 2024,https://api.gdeltproject.org/api/v2/doc/doc?query=domain:vtcommunitynews.org/category/legislature&mode=artlist&maxrecords=250&format=json&DATE=202410
vtcommunitynews.org/category/legislature,September 2024,https://api.gdeltproject.org/api/v2/doc/doc?query=domain:vtcommunitynews.org/category/legislature&mode=artlist&maxrecords=250&format=json&DATE=202409
vtcommunitynews.org/category/legislature,August 2024,https://api.gdeltproject.org/api/v2/doc/doc?query=domain:vtcommunitynews.org/category/legislature&mode=artlist&maxrecords=250&format=json&DATE=202408
vtcommunitynews.org/category/legislature,July 2024,https://api.gdeltproject.org/api/v2/doc/doc?query=domain:vtcommunitynews.org/category/legislature&mode=artlist&maxrecords=250&format=json&DATE=202407
vtcommunitynews.org/category/legislature,June 2024,https://api.gdeltproject.org/api/v2/doc/doc?query=domain:vtcommunitynews.org/category/legislature&mode=artlist&maxrecords=250&format=json&DATE=202406
vtcommunitynews.org/category/legislature,May 2024,https://api.gdeltproject.org/api/v2/doc/doc?query=domain:vtcommunitynews.org/category/legislature&mode=artlist&maxrecords=250&format=json&DATE=202405
vtcommunitynews.org/category/legislature,April 2024,https://api.gdeltproject.org/api/v2/doc/doc?query=domain:vtcommunitynews.org/category/legislature&mode=artlist&maxrecords=250&format=json&DATE=202404
vtcommunitynews.org/category/envirnoment,March 2025,https://api.gdeltproject.org/api/v2/doc/doc?query=domain:vtcommunitynews.org/category/envirnoment&mode=artlist&maxrecords=250&format=json&DATE=202503
vtcommunitynews.org/category/envirnoment,February 2025,https://api.gdeltproject.org/api/v2/doc/doc?query=domain:vtcommunitynews.org/category/envirnoment&mode=artlist&maxrecords=250&format=json&DATE=202502
vtcommunitynews.org/category/envirnoment,January 2025,https://api.gdeltproject.org/api/v2/doc/doc?query=domain:vtcommunitynews.org/category/envirnoment&mode=artlist&maxrecords=250&format=json&DATE=202501
vtcommunitynews.org/category/envirnoment,December 2024,https://api.gdeltproject.org/api/v2/doc/doc?query=domain:vtcommunitynews.org/category/envirnoment&mode=artlist&maxrecords=250&format=json&DATE=202412
vtcommunitynews.org/category/envirnoment,November 2024,https://api.gdeltproject.org/api/v2/doc/doc?query=domain:vtcommunitynews.org/category/envirnoment&mode=artlist&maxrecords=250&format=json&DATE=202411
vtcommunitynews.org/category/envirnoment,October 2024,https://api.gdeltproject.org/api/v2/doc/doc?query=domain:vtcommunitynews.org/category/envirnoment&mode=artlist&maxrecords=250&format=json&DATE=202410
vtcommunitynews.org/category/envirnoment,September 2024,https://api.gdeltproject.org/api/v2/doc/doc?query=domain:vtcommunitynews.org/category/envirnoment&mode=artlist&maxrecords=250&format=json&DATE=202409
vtcommunitynews.org/category/envirnoment,August 2024,https://api.gdeltproject.org/api/v2/doc/doc?query=domain:vtcommunitynews.org/category/envirnoment&mode=artlist&maxrecords=250&format=json&DATE=202408
vtcommunitynews.org/category/envirnoment,July 2024,https://api.gdeltproject.org/api/v2/doc/doc?query=domain:vtcommunitynews.org/category/envirnoment&mode=artlist&maxrecords=250&format=json&DATE=202407
vtcommunitynews.org/category/envirnoment,June 2024,https://api.gdeltproject.org/api/v2/doc/doc?query=domain:vtcommunitynews.org/category/envirnoment&mode=artlist&maxrecords=250&format=json&DATE=202406
vtcommunitynews.org/category/envirnoment,May 2024,https://api.gdeltproject.org/api/v2/doc/doc?query=domain:vtcommunitynews.org/category/envirnoment&mode=artlist&maxrecords=250&format=json&DATE=202405
vtcommunitynews.org/category/envirnoment,April 2024,https://api.gdeltproject.org/api/v2/doc/doc?query=domain:vtcommunitynews.org/category/envirnoment&mode=artlist&maxrecords=250&format=json&DATE=202404
vtcommunitynews.org/category/news,March 2025,https://api.gdeltproject.org/api/v2/doc/doc?query=domain:vtcommunitynews.org/category/news&mode=artlist&maxrecords=250&format=json&DATE=202503
vtcommunitynews.org/category/news,February 2025,https://api.gdeltproject.org/api/v2/doc/doc?query=domain:vtcommunitynews.org/category/news&mode=artlist&maxrecords=250&format=json&DATE=202502
vtcommunitynews.org/category/news,January 2025,https://api.gdeltproject.org/api/v2/doc/doc?query=domain:vtcommunitynews.org/category/news&mode=artlist&maxrecords=250&format=json&DATE=202501
vtcommunitynews.org/category/news,December 2024,https://api.gdeltproject.org/api/v2/doc/doc?query=domain:vtcommunitynews.org/category/news&mode=artlist&maxrecords=250&format=json&DATE=202412
vtcommunitynews.org/category/news,November 2024,https://api.gdeltproject.org/api/v2/doc/doc?query=domain:vtcommunitynews.org/category/news&mode=artlist&maxrecords=250&format=json&DATE=202411
vtcommunitynews.org/category/news,October 2024,https://api.gdeltproject.org/api/v2/doc/doc?query=domain:vtcommunitynews.org/category/news&mode=artlist&maxrecords=250&format=json&DATE=202410
vtcommunitynews.org/category/news,September 2024,https://api.gdeltproject.org/api/v2/doc/doc?query=domain:vtcommunitynews.org/category/news&mode=artlist&maxrecords=250&format=json&DATE=202409
vtcommunitynews.org/category/news,August 2024,https://api.gdeltproject.org/api/v2/doc/doc?query=domain:vtcommunitynews.org/category/news&mode=artlist&maxrecords=250&format=json&DATE=202408
vtcommunitynews.org/category/news,July 2024,https://api.gdeltproject.org/api/v2/doc/doc?query=domain:vtcommunitynews.org/category/news&mode=artlist&maxrecords=250&format=json&DATE=202407
vtcommunitynews.org/category/news,June 2024,https://api.gdeltproject.org/api/v2/doc/doc?query=domain:vtcommunitynews.org/category/news&mode=artlist&maxrecords=250&format=json&DATE=202406
vtcommunitynews.org/category/news,May 2024,https://api.gdeltproject.org/api/v2/doc/doc?query=domain:vtcommunitynews.org/category/news&mode=artlist&maxrecords=250&format=json&DATE=202405
vtcommunitynews.org/category/news,April 2024,https://api.gdeltproject.org/api/v2/doc/doc?query=domain:vtcommunitynews.org/category/news&mode=artlist&maxrecords=250&format=json&DATE=202404
vtcommunitynews.org/category/features,March 2025,https://api.gdeltproject.org/api/v2/doc/doc?query=domain:vtcommunitynews.org/category/features&mode=artlist&maxrecords=250&format=json&DATE=202503
vtcommunitynews.org/category/features,February 2025,https://api.gdeltproject.org/api/v2/doc/doc?query=domain:vtcommunitynews.org/category/features&mode=artlist&maxrecords=250&format=json&DATE=202502
vtcommunitynews.org/category/features,January 2025,https://api.gdeltproject.org/api/v2/doc/doc?query=domain:vtcommunitynews.org/category/features&mode=artlist&maxrecords=250&format=json&DATE=202501
vtcommunitynews.org/category/features,December 2024,https://api.gdeltproject.org/api/v2/doc/doc?query=domain:vtcommunitynews.org/category/features&mode=artlist&maxrecords=250&format=json&DATE=202412
vtcommunitynews.org/category/features,November 2024,https://api.gdeltproject.org/api/v2/doc/doc?query=domain:vtcommunitynews.org/category/features&mode=artlist&maxrecords=250&format=json&DATE=202411
vtcommunitynews.org/category/features,October 2024,https://api.gdeltproject.org/api/v2/doc/doc?query=domain:vtcommunitynews.org/category/features&mode=artlist&maxrecords=250&format=json&DATE=202410
vtcommunitynews.org/category/features,September 2024,https://api.gdeltproject.org/api/v2/doc/doc?query=domain:vtcommunitynews.org/category/features&mode=artlist&maxrecords=250&format=json&DATE=202409
vtcommunitynews.org/category/features,August 2024,https://api.gdeltproject.org/api/v2/doc/doc?query=domain:vtcommunitynews.org/category/features&mode=artlist&maxrecords=250&format=json&DATE=202408
vtcommunitynews.org/category/features,July 2024,https://api.gdeltproject.org/api/v2/doc/doc?query=domain:vtcommunitynews.org/category/features&mode=artlist&maxrecords=250&format=json&DATE=202407
vtcommunitynews.org/category/features,June 2024,https://api.gdeltproject.org/api/v2/doc/doc?query=domain:vtcommunitynews.org/category/features&mode=artlist&maxrecords=250&format=json&DATE=202406
vtcommunitynews.org/category/features,May 2024,https://api.gdeltproject.org/api/v2/doc/doc?query=domain:vtcommunitynews.org/category/features&mode=artlist&maxrecords=250&format=json&DATE=202405
vtcommunitynews.org/category/features,April 2024,https://api.gdeltproject.org/api/v2/doc/doc?query=domain:vtcommunitynews.org/category/features&mode=artlist&maxrecords=250&format=json&DATE=202404
www.kitsapdailynews.com,March 2025,https://api.gdeltproject.org/api/v2/doc/doc?query=domain:www.kitsapdailynews.com&mode=artlist&maxrecords=250&format=json&DATE=202503
www.kitsapdailynews.com,February 2025,https://api.gdeltproject.org/api/v2/doc/doc?query=domain:www.kitsapdailynews.com&mode=artlist&maxrecords=250&format=json&DATE=202502
www.kitsapdailynews.com,January 2025,https://api.gdeltproject.org/api/v2/doc/doc?query=domain:www.kitsapdailynews.com&mode=artlist&maxrecords=250&format=json&DATE=202501
www.kitsapdailynews.com,December 2024,https://api.gdeltproject.org/api/v2/doc/doc?query=domain:www.kitsapdailynews.com&mode=artlist&maxrecords=250&format=json&DATE=202412
www.kitsapdailynews.com,November 2024,https://api.gdeltproject.org/api/v2/doc/doc?query=domain:www.kitsapdailynews.com&mode=artlist&maxrecords=250&format=json&DATE=202411
www.kitsapdailynews.com,October 2024,https://api.gdeltproject.org/api/v2/doc/doc?query=domain:www.kitsapdailynews.com&mode=artlist&maxrecords=250&format=json&DATE=202410
www.kitsapdailynews.com,September 2024,https://api.gdeltproject.org/api/v2/doc/doc?query=domain:www.kitsapdailynews.com&mode=artlist&maxrecords=250&format=json&DATE=202409
www.kitsapdailynews.com,August 2024,https://api.gdeltproject.org/api/v2/doc/doc?query=domain:www.kitsapdailynews.com&mode=artlist&maxrecords=250&format=json&DATE=202408
www.kitsapdailynews.com,July 2024,https://api.gdeltproject.org/api/v2/doc/doc?query=domain:www.kitsapdailynews.com&mode=artlist&maxrecords=250&format=json&DATE=202407
www.kitsapdailynews.com,June 2024,https://api.gdeltproject.org/api/v2/doc/doc?query=domain:www.kitsapdailynews.com&mode=artlist&maxrecords=250&format=json&DATE=202406
www.kitsapdailynews.com,May 2024,https://api.gdeltproject.org/api/v2/doc/doc?query=domain:www.kitsapdailynews.com&mode=artlist&maxrecords=250&format=json&DATE=202405
www.kitsapdailynews.com,April 2024,https://api.gdeltproject.org/api/v2/doc/doc?query=domain:www.kitsapdailynews.com&mode=artlist&maxrecords=250&format=json&DATE=202404
www.seattletimes.com,March 2025,https://api.gdeltproject.org/api/v2/doc/doc?query=domain:www.seattletimes.com&mode=artlist&maxrecords=250&format=json&DATE=202503
www.seattletimes.com,February 2025,https://api.gdeltproject.org/api/v2/doc/doc?query=domain:www.seattletimes.com&mode=artlist&maxrecords=250&format=json&DATE=202502
www.seattletimes.com,January 2025,https://api.gdeltproject.org/api/v2/doc/doc?query=domain:www.seattletimes.com&mode=artlist&maxrecords=250&format=json&DATE=202501
www.seattletimes.com,December 2024,https://api.gdeltproject.org/api/v2/doc/doc?query=domain:www.seattletimes.com&mode=artlist&maxrecords=250&format=json&DATE=202412
www.seattletimes.com,November 2024,https://api.gdeltproject.org/api/v2/doc/doc?query=domain:www.seattletimes.com&mode=artlist&maxrecords=250&format=json&DATE=202411
www.seattletimes.com,October 2024,https://api.gdeltproject.org/api/v2/doc/doc?query=domain:www.seattletimes.com&mode=artlist&maxrecords=250&format=json&DATE=202410
www.seattletimes.com,September 2024,https://api.gdeltproject.org/api/v2/doc/doc?query=domain:www.seattletimes.com&mode=artlist&maxrecords=250&format=json&DATE=202409
www.seattletimes.com,August 2024,https://api.gdeltproject.org/api/v2/doc/doc?query=domain:www.seattletimes.com&mode=artlist&maxrecords=250&format=json&DATE=202408
www.seattletimes.com,July 2024,https://api.gdeltproject.org/api/v2/doc/doc?query=domain:www.seattletimes.com&mode=artlist&maxrecords=250&format=json&DATE=202407
www.seattletimes.com,June 2024,https://api.gdeltproject.org/api/v2/doc/doc?query=domain:www.seattletimes.com&mode=artlist&maxrecords=250&format=json&DATE=202406
www.seattletimes.com,May 2024,https://api.gdeltproject.org/api/v2/doc/doc?query=domain:www.seattletimes.com&mode=artlist&maxrecords=250&format=json&DATE=202405
www.seattletimes.com,April 2024,https://api.gdeltproject.org/api/v2/doc/doc?query=domain:www.seattletimes.com&mode=artlist&maxrecords=250&format=json&DATE=202404
www.grandcoulee.com,March 2025,https://api.gdeltproject.org/api/v2/doc/doc?query=domain:www.grandcoulee.com&mode=artlist&maxrecords=250&format=json&DATE=202503
www.grandcoulee.com,February 2025,https://api.gdeltproject.org/api/v2/doc/doc?query=domain:www.grandcoulee.com&mode=artlist&maxrecords=250&format=json&DATE=202502
www.grandcoulee.com,January 2025,https://api.gdeltproject.org/api/v2/doc/doc?query=domain:www.grandcoulee.com&mode=artlist&maxrecords=250&format=json&DATE=202501
www.grandcoulee.com,December 2024,https://api.gdeltproject.org/api/v2/doc/doc?query=domain:www.grandcoulee.com&mode=artlist&maxrecords=250&format=json&DATE=202412
www.grandcoulee.com,November 2024,https://api.gdeltproject.org/api/v2/doc/doc?query=domain:www.grandcoulee.com&mode=artlist&maxrecords=250&format=json&DATE=202411
www.grandcoulee.com,October 2024,https://api.gdeltproject.org/api/v2/doc/doc?query=domain:www.grandcoulee.com&mode=artlist&maxrecords=250&format=json&DATE=202410
www.grandcoulee.com,September 2024,https://api.gdeltproject.org/api/v2/doc/doc?query=domain:www.grandcoulee.com&mode=artlist&maxrecords=250&format=json&DATE=202409
www.grandcoulee.com,August 2024,https://api.gdeltproject.org/api/v2/doc/doc?query=domain:www.grandcoulee.com&mode=artlist&maxrecords=250&format=json&DATE=202408
www.grandcoulee.com,July 2024,https://api.gdeltproject.org/api/v2/doc/doc?query=domain:www.grandcoulee.com&mode=artlist&maxrecords=250&format=json&DATE=202407
www.grandcoulee.com,June 2024,https://api.gdeltproject.org/api/v2/doc/doc?query=domain:www.grandcoulee.com&mode=artlist&maxrecords=250&format=json&DATE=202406
www.grandcoulee.com,May 2024,https://api.gdeltproject.org/api/v2/doc/doc?query=domain:www.grandcoulee.com&mode=artlist&maxrecords=250&format=json&DATE=202405
www.grandcoulee.com,April 2024,https://api.gdeltproject.org/api/v2/doc/doc?query=domain:www.grandcoulee.com&mode=artlist&maxrecords=250&format=json&DATE=202404
www.knkx.org/news.rss,March 2025,https://api.gdeltproject.org/api/v2/doc/doc?query=domain:www.knkx.org/news.rss&mode=artlist&maxrecords=250&format=json&DATE=202503
www.knkx.org/news.rss,February 2025,https://api.gdeltproject.org/api/v2/doc/doc?query=domain:www.knkx.org/news.rss&mode=artlist&maxrecords=250&format=json&DATE=202502
www.knkx.org/news.rss,January 2025,https://api.gdeltproject.org/api/v2/doc/doc?query=domain:www.knkx.org/news.rss&mode=artlist&maxrecords=250&format=json&DATE=202501
www.knkx.org/news.rss,December 2024,https://api.gdeltproject.org/api/v2/doc/doc?query=domain:www.knkx.org/news.rss&mode=artlist&maxrecords=250&format=json&DATE=202412
www.knkx.org/news.rss,November 2024,https://api.gdeltproject.org/api/v2/doc/doc?query=domain:www.knkx.org/news.rss&mode=artlist&maxrecords=250&format=json&DATE=202411
www.knkx.org/news.rss,October 2024,https://api.gdeltproject.org/api/v2/doc/doc?query=domain:www.knkx.org/news.rss&mode=artlist&maxrecords=250&format=json&DATE=202410
www.knkx.org/news.rss,September 2024,https://api.gdeltproject.org/api/v2/doc/doc?query=domain:www.knkx.org/news.rss&mode=artlist&maxrecords=250&format=json&DATE=202409
www.knkx.org/news.rss,August 2024,https://api.gdeltproject.org/api/v2/doc/doc?query=domain:www.knkx.org/news.rss&mode=artlist&maxrecords=250&format=json&DATE=202408
www.knkx.org/news.rss,July 2024,https://api.gdeltproject.org/api/v2/doc/doc?query=domain:www.knkx.org/news.rss&mode=artlist&maxrecords=250&format=json&DATE=202407
www.knkx.org/news.rss,June 2024,https://api.gdeltproject.org/api/v2/doc/doc?query=domain:www.knkx.org/news.rss&mode=artlist&maxrecords=250&format=json&DATE=202406
www.knkx.org/news.rss,May 2024,https://api.gdeltproject.org/api/v2/doc/doc?query=domain:www.knkx.org/news.rss&mode=artlist&maxrecords=250&format=json&DATE=202405
www.knkx.org/news.rss,April 2024,https://api.gdeltproject.org/api/v2/doc/doc?query=domain:www.knkx.org/news.rss&mode=artlist&maxrecords=250&format=json&DATE=202404
www.bainbridgereview.com,March 2025,https://api.gdeltproject.org/api/v2/doc/doc?query=domain:www.bainbridgereview.com&mode=artlist&maxrecords=250&format=json&DATE=202503
www.bainbridgereview.com,February 2025,https://api.gdeltproject.org/api/v2/doc/doc?query=domain:www.bainbridgereview.com&mode=artlist&maxrecords=250&format=json&DATE=202502
www.bainbridgereview.com,January 2025,https://api.gdeltproject.org/api/v2/doc/doc?query=domain:www.bainbridgereview.com&mode=artlist&maxrecords=250&format=json&DATE=202501
www.bainbridgereview.com,December 2024,https://api.gdeltproject.org/api/v2/doc/doc?query=domain:www.bainbridgereview.com&mode=artlist&maxrecords=250&format=json&DATE=202412
www.bainbridgereview.com,November 2024,https://api.gdeltproject.org/api/v2/doc/doc?query=domain:www.bainbridgereview.com&mode=artlist&maxrecords=250&format=json&DATE=202411
www.bainbridgereview.com,October 2024,https://api.gdeltproject.org/api/v2/doc/doc?query=domain:www.bainbridgereview.com&mode=artlist&maxrecords=250&format=json&DATE=202410
www.bainbridgereview.com,September 2024,https://api.gdeltproject.org/api/v2/doc/doc?query=domain:www.bainbridgereview.com&mode=artlist&maxrecords=250&format=json&DATE=202409
www.bainbridgereview.com,August 2024,https://api.gdeltproject.org/api/v2/doc/doc?query=domain:www.bainbridgereview.com&mode=artlist&maxrecords=250&format=json&DATE=202408
www.bainbridgereview.com,July 2024,https://api.gdeltproject.org/api/v2/doc/doc?query=domain:www.bainbridgereview.com&mode=artlist&maxrecords=250&format=json&DATE=202407
www.bainbridgereview.com,June 2024,https://api.gdeltproject.org/api/v2/doc/doc?query=domain:www.bainbridgereview.com&mode=artlist&maxrecords=250&format=json&DATE=202406
www.bainbridgereview.com,May 2024,https://api.gdeltproject.org/api/v2/doc/doc?query=domain:www.bainbridgereview.com&mode=artlist&maxrecords=250&format=json&DATE=202405
www.bainbridgereview.com,April 2024,https://api.gdeltproject.org/api/v2/doc/doc?query=domain:www.bainbridgereview.com&mode=artlist&maxrecords=250&format=json&DATE=202404
www.spokesman.com,March 2025,https://api.gdeltproject.org/api/v2/doc/doc?query=domain:www.spokesman.com&mode=artlist&maxrecords=250&format=json&DATE=202503
www.spokesman.com,February 2025,https://api.gdeltproject.org/api/v2/doc/doc?query=domain:www.spokesman.com&mode=artlist&maxrecords=250&format=json&DATE=202502
www.spokesman.com,January 2025,https://api.gdeltproject.org/api/v2/doc/doc?query=domain:www.spokesman.com&mode=artlist&maxrecords=250&format=json&DATE=202501
www.spokesman.com,December 2024,https://api.gdeltproject.org/api/v2/doc/doc?query=domain:www.spokesman.com&mode=artlist&maxrecords=250&format=json&DATE=202412
www.spokesman.com,November 2024,https://api.gdeltproject.org/api/v2/doc/doc?query=domain:www.spokesman.com&mode=artlist&maxrecords=250&format=json&DATE=202411
www.spokesman.com,October 2024,https://api.gdeltproject.org/api/v2/doc/doc?query=domain:www.spokesman.com&mode=artlist&maxrecords=250&format=json&DATE=202410
www.spokesman.com,September 2024,https://api.gdeltproject.org/api/v2/doc/doc?query=domain:www.spokesman.com&mode=artlist&maxrecords=250&format=json&DATE=202409
www.spokesman.com,August 2024,https://api.gdeltproject.org/api/v2/doc/doc?query=domain:www.spokesman.com&mode=artlist&maxrecords=250&format=json&DATE=202408
www.spokesman.com,July 2024,https://api.gdeltproject.org/api/v2/doc/doc?query=domain:www.spokesman.com&mode=artlist&maxrecords=250&format=json&DATE=202407
www.spokesman.com,June 2024,https://api.gdeltproject.org/api/v2/doc/doc?query=domain:www.spokesman.com&mode=artlist&maxrecords=250&format=json&DATE=202406
www.spokesman.com,May 2024,https://api.gdeltproject.org/api/v2/doc/doc?query=domain:www.spokesman.com&mode=artlist&maxrecords=250&format=json&DATE=202405
www.spokesman.com,April 2024,https://api.gdeltproject.org/api/v2/doc/doc?query=domain:www.spokesman.com&mode=artlist&maxrecords=250&format=json&DATE=202404
milwaukeenns.org,March 2025,https://api.gdeltproject.org/api/v2/doc/doc?query=domain:milwaukeenns.org&mode=artlist&maxrecords=250&format=json&DATE=202503
milwaukeenns.org,February 2025,https://api.gdeltproject.org/api/v2/doc/doc?query=domain:milwaukeenns.org&mode=artlist&maxrecords=250&format=json&DATE=202502
milwaukeenns.org,January 2025,https://api.gdeltproject.org/api/v2/doc/doc?query=domain:milwaukeenns.org&mode=artlist&maxrecords=250&format=json&DATE=202501
milwaukeenns.org,December 2024,https://api.gdeltproject.org/api/v2/doc/doc?query=domain:milwaukeenns.org&mode=artlist&maxrecords=250&format=json&DATE=202412
milwaukeenns.org,November 2024,https://api.gdeltproject.org/api/v2/doc/doc?query=domain:milwaukeenns.org&mode=artlist&maxrecords=250&format=json&DATE=202411
milwaukeenns.org,October 2024,https://api.gdeltproject.org/api/v2/doc/doc?query=domain:milwaukeenns.org&mode=artlist&maxrecords=250&format=json&DATE=202410
milwaukeenns.org,September 2024,https://api.gdeltproject.org/api/v2/doc/doc?query=domain:milwaukeenns.org&mode=artlist&maxrecords=250&format=json&DATE=202409
milwaukeenns.org,August 2024,https://api.gdeltproject.org/api/v2/doc/doc?query=domain:milwaukeenns.org&mode=artlist&maxrecords=250&format=json&DATE=202408
milwaukeenns.org,July 2024,https://api.gdeltproject.org/api/v2/doc/doc?query=domain:milwaukeenns.org&mode=artlist&maxrecords=250&format=json&DATE=202407
milwaukeenns.org,June 2024,https://api.gdeltproject.org/api/v2/doc/doc?query=domain:milwaukeenns.org&mode=artlist&maxrecords=250&format=json&DATE=202406
milwaukeenns.org,May 2024,https://api.gdeltproject.org/api/v2/doc/doc?query=domain:milwaukeenns.org&mode=artlist&maxrecords=250&format=json&DATE=202405
milwaukeenns.org,April 2024,https://api.gdeltproject.org/api/v2/doc/doc?query=domain:milwaukeenns.org&mode=artlist&maxrecords=250&format=json&DATE=202404
wisconsinwatch.org,March 2025,https://api.gdeltproject.org/api/v2/doc/doc?query=domain:wisconsinwatch.org&mode=artlist&maxrecords=250&format=json&DATE=202503
wisconsinwatch.org,February 2025,https://api.gdeltproject.org/api/v2/doc/doc?query=domain:wisconsinwatch.org&mode=artlist&maxrecords=250&format=json&DATE=202502
wisconsinwatch.org,January 2025,https://api.gdeltproject.org/api/v2/doc/doc?query=domain:wisconsinwatch.org&mode=artlist&maxrecords=250&format=json&DATE=202501
wisconsinwatch.org,December 2024,https://api.gdeltproject.org/api/v2/doc/doc?query=domain:wisconsinwatch.org&mode=artlist&maxrecords=250&format=json&DATE=202412
wisconsinwatch.org,November 2024,https://api.gdeltproject.org/api/v2/doc/doc?query=domain:wisconsinwatch.org&mode=artlist&maxrecords=250&format=json&DATE=202411
wisconsinwatch.org,October 2024,https://api.gdeltproject.org/api/v2/doc/doc?query=domain:wisconsinwatch.org&mode=artlist&maxrecords=250&format=json&DATE=202410
wisconsinwatch.org,September 2024,https://api.gdeltproject.org/api/v2/doc/doc?query=domain:wisconsinwatch.org&mode=artlist&maxrecords=250&format=json&DATE=202409
wisconsinwatch.org,August 2024,https://api.gdeltproject.org/api/v2/doc/doc?query=domain:wisconsinwatch.org&mode=artlist&maxrecords=250&format=json&DATE=202408
wisconsinwatch.org,July 2024,https://api.gdeltproject.org/api/v2/doc/doc?query=domain:wisconsinwatch.org&mode=artlist&maxrecords=250&format=json&DATE=202407
wisconsinwatch.org,June 2024,https://api.gdeltproject.org/api/v2/doc/doc?query=domain:wisconsinwatch.org&mode=artlist&maxrecords=250&format=json&DATE=202406
wisconsinwatch.org,May 2024,https://api.gdeltproject.org/api/v2/doc/doc?query=domain:wisconsinwatch.org&mode=artlist&maxrecords=250&format=json&DATE=202405
wisconsinwatch.org,April 2024,https://api.gdeltproject.org/api/v2/doc/doc?query=domain:wisconsinwatch.org&mode=artlist&maxrecords=250&format=json&DATE=202404
www.thedaonline.com,March 2025,https://api.gdeltproject.org/api/v2/doc/doc?query=domain:www.thedaonline.com&mode=artlist&maxrecords=250&format=json&DATE=202503
www.thedaonline.com,February 2025,https://api.gdeltproject.org/api/v2/doc/doc?query=domain:www.thedaonline.com&mode=artlist&maxrecords=250&format=json&DATE=202502
www.thedaonline.com,January 2025,https://api.gdeltproject.org/api/v2/doc/doc?query=domain:www.thedaonline.com&mode=artlist&maxrecords=250&format=json&DATE=202501
www.thedaonline.com,December 2024,https://api.gdeltproject.org/api/v2/doc/doc?query=domain:www.thedaonline.com&mode=artlist&maxrecords=250&format=json&DATE=202412
www.thedaonline.com,November 2024,https://api.gdeltproject.org/api/v2/doc/doc?query=domain:www.thedaonline.com&mode=artlist&maxrecords=250&format=json&DATE=202411
www.thedaonline.com,October 2024,https://api.gdeltproject.org/api/v2/doc/doc?query=domain:www.thedaonline.com&mode=artlist&maxrecords=250&format=json&DATE=202410
www.thedaonline.com,September 2024,https://api.gdeltproject.org/api/v2/doc/doc?query=domain:www.thedaonline.com&mode=artlist&maxrecords=250&format=json&DATE=202409
www.thedaonline.com,August 2024,https://api.gdeltproject.org/api/v2/doc/doc?query=domain:www.thedaonline.com&mode=artlist&maxrecords=250&format=json&DATE=202408
www.thedaonline.com,July 2024,https://api.gdeltproject.org/api/v2/doc/doc?query=domain:www.thedaonline.com&mode=artlist&maxrecords=250&format=json&DATE=202407
www.thedaonline.com,June 2024,https://api.gdeltproject.org/api/v2/doc/doc?query=domain:www.thedaonline.com&mode=artlist&maxrecords=250&format=json&DATE=202406
www.thedaonline.com,May 2024,https://api.gdeltproject.org/api/v2/doc/doc?query=domain:www.thedaonline.com&mode=artlist&maxrecords=250&format=json&DATE=202405
www.thedaonline.com,April 2024,https://api.gdeltproject.org/api/v2/doc/doc?query=domain:www.thedaonline.com&mode=artlist&maxrecords=250&format=json&DATE=202404
www.andalusiastarnews.com,March 2025,https://api.gdeltproject.org/api/v2/doc/doc?query=domain:www.andalusiastarnews.com&mode=artlist&maxrecords=250&format=json&DATE=202503
www.andalusiastarnews.com,February 2025,https://api.gdeltproject.org/api/v2/doc/doc?query=domain:www.andalusiastarnews.com&mode=artlist&maxrecords=250&format=json&DATE=202502
www.andalusiastarnews.com,January 2025,https://api.gdeltproject.org/api/v2/doc/doc?query=domain:www.andalusiastarnews.com&mode=artlist&maxrecords=250&format=json&DATE=202501
www.andalusiastarnews.com,December 2024,https://api.gdeltproject.org/api/v2/doc/doc?query=domain:www.andalusiastarnews.com&mode=artlist&maxrecords=250&format=json&DATE=202412
www.andalusiastarnews.com,November 2024,https://api.gdeltproject.org/api/v2/doc/doc?query=domain:www.andalusiastarnews.com&mode=artlist&maxrecords=250&format=json&DATE=202411
www.andalusiastarnews.com,October 2024,https://api.gdeltproject.org/api/v2/doc/doc?query=domain:www.andalusiastarnews.com&mode=artlist&maxrecords=250&format=json&DATE=202410
www.andalusiastarnews.com,September 2024,https://api.gdeltproject.org/api/v2/doc/doc?query=domain:www.andalusiastarnews.com&mode=artlist&maxrecords=250&format=json&DATE=202409
www.andalusiastarnews.com,August 2024,https://api.gdeltproject.org/api/v2/doc/doc?query=domain:www.andalusiastarnews.com&mode=artlist&maxrecords=250&format=json&DATE=202408
www.andalusiastarnews.com,July 2024,https://api.gdeltproject.org/api/v2/doc/doc?query=domain:www.andalusiastarnews.com&mode=artlist&maxrecords=250&format=json&DATE=202407
www.andalusiastarnews.com,June 2024,https://api.gdeltproject.org/api/v2/doc/doc?query=domain:www.andalusiastarnews.com&mode=artlist&maxrecords=250&format=json&DATE=202406
www.andalusiastarnews.com,May 2024,https://api.gdeltproject.org/api/v2/doc/doc?query=domain:www.andalusiastarnews.com&mode=artlist&maxrecords=250&format=json&DATE=202405
www.andalusiastarnews.com,April 2024,https://api.gdeltproject.org/api/v2/doc/doc?query=domain:www.andalusiastarnews.com&mode=artlist&maxrecords=250&format=json&DATE=202404
www.atmoreadvance.com,March 2025,https://api.gdeltproject.org/api/v2/doc/doc?query=domain:www.atmoreadvance.com&mode=artlist&maxrecords=250&format=json&DATE=202503
www.atmoreadvance.com,February 2025,https://api.gdeltproject.org/api/v2/doc/doc?query=domain:www.atmoreadvance.com&mode=artlist&maxrecords=250&format=json&DATE=202502
www.atmoreadvance.com,January 2025,https://api.gdeltproject.org/api/v2/doc/doc?query=domain:www.atmoreadvance.com&mode=artlist&maxrecords=250&format=json&DATE=202501
www.atmoreadvance.com,December 2024,https://api.gdeltproject.org/api/v2/doc/doc?query=domain:www.atmoreadvance.com&mode=artlist&maxrecords=250&format=json&DATE=202412
www.atmoreadvance.com,November 2024,https://api.gdeltproject.org/api/v2/doc/doc?query=domain:www.atmoreadvance.com&mode=artlist&maxrecords=250&format=json&DATE=202411
www.atmoreadvance.com,October 2024,https://api.gdeltproject.org/api/v2/doc/doc?query=domain:www.atmoreadvance.com&mode=artlist&maxrecords=250&format=json&DATE=202410
www.atmoreadvance.com,September 2024,https://api.gdeltproject.org/api/v2/doc/doc?query=domain:www.atmoreadvance.com&mode=artlist&maxrecords=250&format=json&DATE=202409
www.atmoreadvance.com,August 2024,https://api.gdeltproject.org/api/v2/doc/doc?query=domain:www.atmoreadvance.com&mode=artlist&maxrecords=250&format=json&DATE=202408
www.atmoreadvance.com,July 2024,https://api.gdeltproject.org/api/v2/doc/doc?query=domain:www.atmoreadvance.com&mode=artlist&maxrecords=250&format=json&DATE=202407
www.atmoreadvance.com,June 2024,https://api.gdeltproject.org/api/v2/doc/doc?query=domain:www.atmoreadvance.com&mode=artlist&maxrecords=250&format=json&DATE=202406
www.atmoreadvance.com,May 2024,https://api.gdeltproject.org/api/v2/doc/doc?query=domain:www.atmoreadvance.com&mode=artlist&maxrecords=250&format=json&DATE=202405
www.atmoreadvance.com,April 2024,https://api.gdeltproject.org/api/v2/doc/doc?query=domain:www.atmoreadvance.com&mode=artlist&maxrecords=250&format=json&DATE=202404
www.brewtonstandard.com,March 2025,https://api.gdeltproject.org/api/v2/doc/doc?query=domain:www.brewtonstandard.com&mode=artlist&maxrecords=250&format=json&DATE=202503
www.brewtonstandard.com,February 2025,https://api.gdeltproject.org/api/v2/doc/doc?query=domain:www.brewtonstandard.com&mode=artlist&maxrecords=250&format=json&DATE=202502
www.brewtonstandard.com,January 2025,https://api.gdeltproject.org/api/v2/doc/doc?query=domain:www.brewtonstandard.com&mode=artlist&maxrecords=250&format=json&DATE=202501
www.brewtonstandard.com,December 2024,https://api.gdeltproject.org/api/v2/doc/doc?query=domain:www.brewtonstandard.com&mode=artlist&maxrecords=250&format=json&DATE=202412
www.brewtonstandard.com,November 2024,https://api.gdeltproject.org/api/v2/doc/doc?query=domain:www.brewtonstandard.com&mode=artlist&maxrecords=250&format=json&DATE=202411
www.brewtonstandard.com,October 2024,https://api.gdeltproject.org/api/v2/doc/doc?query=domain:www.brewtonstandard.com&mode=artlist&maxrecords=250&format=json&DATE=202410
www.brewtonstandard.com,September 2024,https://api.gdeltproject.org/api/v2/doc/doc?query=domain:www.brewtonstandard.com&mode=artlist&maxrecords=250&format=json&DATE=202409
www.brewtonstandard.com,August 2024,https://api.gdeltproject.org/api/v2/doc/doc?query=domain:www.brewtonstandard.com&mode=artlist&maxrecords=250&format=json&DATE=202408
www.brewtonstandard.com,July 2024,https://api.gdeltproject.org/api/v2/doc/doc?query=domain:www.brewtonstandard.com&mode=artlist&maxrecords=250&format=json&DATE=202407
www.brewtonstandard.com,June 2024,https://api.gdeltproject.org/api/v2/doc/doc?query=domain:www.brewtonstandard.com&mode=artlist&maxrecords=250&format=json&DATE=202406
www.brewtonstandard.com,May 2024,https://api.gdeltproject.org/api/v2/doc/doc?query=domain:www.brewtonstandard.com&mode=artlist&maxrecords=250&format=json&DATE=202405
www.brewtonstandard.com,April 2024,https://api.gdeltproject.org/api/v2/doc/doc?query=domain:www.brewtonstandard.com&mode=artlist&maxrecords=250&format=json&DATE=202404
www.clantonadvertiser.com,March 2025,https://api.gdeltproject.org/api/v2/doc/doc?query=domain:www.clantonadvertiser.com&mode=artlist&maxrecords=250&format=json&DATE=202503
www.clantonadvertiser.com,February 2025,https://api.gdeltproject.org/api/v2/doc/doc?query=domain:www.clantonadvertiser.com&mode=artlist&maxrecords=250&format=json&DATE=202502
www.clantonadvertiser.com,January 2025,https://api.gdeltproject.org/api/v2/doc/doc?query=domain:www.clantonadvertiser.com&mode=artlist&maxrecords=250&format=json&DATE=202501
www.clantonadvertiser.com,December 2024,https://api.gdeltproject.org/api/v2/doc/doc?query=domain:www.clantonadvertiser.com&mode=artlist&maxrecords=250&format=json&DATE=202412
www.clantonadvertiser.com,November 2024,https://api.gdeltproject.org/api/v2/doc/doc?query=domain:www.clantonadvertiser.com&mode=artlist&maxrecords=250&format=json&DATE=202411
www.clantonadvertiser.com,October 2024,https://api.gdeltproject.org/api/v2/doc/doc?query=domain:www.clantonadvertiser.com&mode=artlist&maxrecords=250&format=json&DATE=202410
www.clantonadvertiser.com,September 2024,https://api.gdeltproject.org/api/v2/doc/doc?query=domain:www.clantonadvertiser.com&mode=artlist&maxrecords=250&format=json&DATE=202409
www.clantonadvertiser.com,August 2024,https://api.gdeltproject.org/api/v2/doc/doc?query=domain:www.clantonadvertiser.com&mode=artlist&maxrecords=250&format=json&DATE=202408
www.clantonadvertiser.com,July 2024,https://api.gdeltproject.org/api/v2/doc/doc?query=domain:www.clantonadvertiser.com&mode=artlist&maxrecords=250&format=json&DATE=202407
www.clantonadvertiser.com,June 2024,https://api.gdeltproject.org/api/v2/doc/doc?query=domain:www.clantonadvertiser.com&mode=artlist&maxrecords=250&format=json&DATE=202406
www.clantonadvertiser.com,May 2024,https://api.gdeltproject.org/api/v2/doc/doc?query=domain:www.clantonadvertiser.com&mode=artlist&maxrecords=250&format=json&DATE=202405
www.clantonadvertiser.com,April 2024,https://api.gdeltproject.org/api/v2/doc/doc?query=domain:www.clantonadvertiser.com&mode=artlist&maxrecords=250&format=json&DATE=202404
gadsdenmessenger.com,March 2025,https://api.gdeltproject.org/api/v2/doc/doc?query=domain:gadsdenmessenger.com&mode=artlist&maxrecords=250&format=json&DATE=202503
gadsdenmessenger.com,February 2025,https://api.gdeltproject.org/api/v2/doc/doc?query=domain:gadsdenmessenger.com&mode=artlist&maxrecords=250&format=json&DATE=202502
gadsdenmessenger.com,January 2025,https://api.gdeltproject.org/api/v2/doc/doc?query=domain:gadsdenmessenger.com&mode=artlist&maxrecords=250&format=json&DATE=202501
gadsdenmessenger.com,December 2024,https://api.gdeltproject.org/api/v2/doc/doc?query=domain:gadsdenmessenger.com&mode=artlist&maxrecords=250&format=json&DATE=202412
gadsdenmessenger.com,November 2024,https://api.gdeltproject.org/api/v2/doc/doc?query=domain:gadsdenmessenger.com&mode=artlist&maxrecords=250&format=json&DATE=202411
gadsdenmessenger.com,October 2024,https://api.gdeltproject.org/api/v2/doc/doc?query=domain:gadsdenmessenger.com&mode=artlist&maxrecords=250&format=json&DATE=202410
gadsdenmessenger.com,September 2024,https://api.gdeltproject.org/api/v2/doc/doc?query=domain:gadsdenmessenger.com&mode=artlist&maxrecords=250&format=json&DATE=202409
gadsdenmessenger.com,August 2024,https://api.gdeltproject.org/api/v2/doc/doc?query=domain:gadsdenmessenger.com&mode=artlist&maxrecords=250&format=json&DATE=202408
gadsdenmessenger.com,July 2024,https://api.gdeltproject.org/api/v2/doc/doc?query=domain:gadsdenmessenger.com&mode=artlist&maxrecords=250&format=json&DATE=202407
gadsdenmessenger.com,June 2024,https://api.gdeltproject.org/api/v2/doc/doc?query=domain:gadsdenmessenger.com&mode=artlist&maxrecords=250&format=json&DATE=202406
gadsdenmessenger.com,May 2024,https://api.gdeltproject.org/api/v2/doc/doc?query=domain:gadsdenmessenger.com&mode=artlist&maxrecords=250&format=json&DATE=202405
gadsdenmessenger.com,April 2024,https://api.gdeltproject.org/api/v2/doc/doc?query=domain:gadsdenmessenger.com&mode=artlist&maxrecords=250&format=json&DATE=202404
www.greenvilleadvocate.com,March 2025,https://api.gdeltproject.org/api/v2/doc/doc?query=domain:www.greenvilleadvocate.com&mode=artlist&maxrecords=250&format=json&DATE=202503
www.greenvilleadvocate.com,February 2025,https://api.gdeltproject.org/api/v2/doc/doc?query=domain:www.greenvilleadvocate.com&mode=artlist&maxrecords=250&format=json&DATE=202502
www.greenvilleadvocate.com,January 2025,https://api.gdeltproject.org/api/v2/doc/doc?query=domain:www.greenvilleadvocate.com&mode=artlist&maxrecords=250&format=json&DATE=202501
www.greenvilleadvocate.com,December 2024,https://api.gdeltproject.org/api/v2/doc/doc?query=domain:www.greenvilleadvocate.com&mode=artlist&maxrecords=250&format=json&DATE=202412
www.greenvilleadvocate.com,November 2024,https://api.gdeltproject.org/api/v2/doc/doc?query=domain:www.greenvilleadvocate.com&mode=artlist&maxrecords=250&format=json&DATE=202411
www.greenvilleadvocate.com,October 2024,https://api.gdeltproject.org/api/v2/doc/doc?query=domain:www.greenvilleadvocate.com&mode=artlist&maxrecords=250&format=json&DATE=202410
www.greenvilleadvocate.com,September 2024,https://api.gdeltproject.org/api/v2/doc/doc?query=domain:www.greenvilleadvocate.com&mode=artlist&maxrecords=250&format=json&DATE=202409
www.greenvilleadvocate.com,August 2024,https://api.gdeltproject.org/api/v2/doc/doc?query=domain:www.greenvilleadvocate.com&mode=artlist&maxrecords=250&format=json&DATE=202408
www.greenvilleadvocate.com,July 2024,https://api.gdeltproject.org/api/v2/doc/doc?query=domain:www.greenvilleadvocate.com&mode=artlist&maxrecords=250&format=json&DATE=202407
www.greenvilleadvocate.com,June 2024,https://api.gdeltproject.org/api/v2/doc/doc?query=domain:www.greenvilleadvocate.com&mode=artlist&maxrecords=250&format=json&DATE=202406
www.greenvilleadvocate.com,May 2024,https://api.gdeltproject.org/api/v2/doc/doc?query=domain:www.greenvilleadvocate.com&mode=artlist&maxrecords=250&format=json&DATE=202405
www.greenvilleadvocate.com,April 2024,https://api.gdeltproject.org/api/v2/doc/doc?query=domain:www.greenvilleadvocate.com&mode=artlist&maxrecords=250&format=json&DATE=202404
www.selmatimesjournal.com,March 2025,https://api.gdeltproject.org/api/v2/doc/doc?query=domain:www.selmatimesjournal.com&mode=artlist&maxrecords=250&format=json&DATE=202503
www.selmatimesjournal.com,February 2025,https://api.gdeltproject.org/api/v2/doc/doc?query=domain:www.selmatimesjournal.com&mode=artlist&maxrecords=250&format=json&DATE=202502
www.selmatimesjournal.com,January 2025,https://api.gdeltproject.org/api/v2/doc/doc?query=domain:www.selmatimesjournal.com&mode=artlist&maxrecords=250&format=json&DATE=202501
www.selmatimesjournal.com,December 2024,https://api.gdeltproject.org/api/v2/doc/doc?query=domain:www.selmatimesjournal.com&mode=artlist&maxrecords=250&format=json&DATE=202412
www.selmatimesjournal.com,November 2024,https://api.gdeltproject.org/api/v2/doc/doc?query=domain:www.selmatimesjournal.com&mode=artlist&maxrecords=250&format=json&DATE=202411
www.selmatimesjournal.com,October 2024,https://api.gdeltproject.org/api/v2/doc/doc?query=domain:www.selmatimesjournal.com&mode=artlist&maxrecords=250&format=json&DATE=202410
www.selmatimesjournal.com,September 2024,https://api.gdeltproject.org/api/v2/doc/doc?query=domain:www.selmatimesjournal.com&mode=artlist&maxrecords=250&format=json&DATE=202409
www.selmatimesjournal.com,August 2024,https://api.gdeltproject.org/api/v2/doc/doc?query=domain:www.selmatimesjournal.com&mode=artlist&maxrecords=250&format=json&DATE=202408
www.selmatimesjournal.com,July 2024,https://api.gdeltproject.org/api/v2/doc/doc?query=domain:www.selmatimesjournal.com&mode=artlist&maxrecords=250&format=json&DATE=202407
www.selmatimesjournal.com,June 2024,https://api.gdeltproject.org/api/v2/doc/doc?query=domain:www.selmatimesjournal.com&mode=artlist&maxrecords=250&format=json&DATE=202406
www.selmatimesjournal.com,May 2024,https://api.gdeltproject.org/api/v2/doc/doc?query=domain:www.selmatimesjournal.com&mode=artlist&maxrecords=250&format=json&DATE=202405
www.selmatimesjournal.com,April 2024,https://api.gdeltproject.org/api/v2/doc/doc?query=domain:www.selmatimesjournal.com&mode=artlist&maxrecords=250&format=json&DATE=202404
www.troymessenger.com,March 2025,https://api.gdeltproject.org/api/v2/doc/doc?query=domain:www.troymessenger.com&mode=artlist&maxrecords=250&format=json&DATE=202503
www.troymessenger.com,February 2025,https://api.gdeltproject.org/api/v2/doc/doc?query=domain:www.troymessenger.com&mode=artlist&maxrecords=250&format=json&DATE=202502
www.troymessenger.com,January 2025,https://api.gdeltproject.org/api/v2/doc/doc?query=domain:www.troymessenger.com&mode=artlist&maxrecords=250&format=json&DATE=202501
www.troymessenger.com,December 2024,https://api.gdeltproject.org/api/v2/doc/doc?query=domain:www.troymessenger.com&mode=artlist&maxrecords=250&format=json&DATE=202412
www.troymessenger.com,November 2024,https://api.gdeltproject.org/api/v2/doc/doc?query=domain:www.troymessenger.com&mode=artlist&maxrecords=250&format=json&DATE=202411
www.troymessenger.com,October 2024,https://api.gdeltproject.org/api/v2/doc/doc?query=domain:www.troymessenger.com&mode=artlist&maxrecords=250&format=json&DATE=202410
www.troymessenger.com,September 2024,https://api.gdeltproject.org/api/v2/doc/doc?query=domain:www.troymessenger.com&mode=artlist&maxrecords=250&format=json&DATE=202409
www.troymessenger.com,August 2024,https://api.gdeltproject.org/api/v2/doc/doc?query=domain:www.troymessenger.com&mode=artlist&maxrecords=250&format=json&DATE=202408
www.troymessenger.com,July 2024,https://api.gdeltproject.org/api/v2/doc/doc?query=domain:www.troymessenger.com&mode=artlist&maxrecords=250&format=json&DATE=202407
www.troymessenger.com,June 2024,https://api.gdeltproject.org/api/v2/doc/doc?query=domain:www.troymessenger.com&mode=artlist&maxrecords=250&format=json&DATE=202406
www.troymessenger.com,May 2024,https://api.gdeltproject.org/api/v2/doc/doc?query=domain:www.troymessenger.com&mode=artlist&maxrecords=250&format=json&DATE=202405
www.troymessenger.com,April 2024,https://api.gdeltproject.org/api/v2/doc/doc?query=domain:www.troymessenger.com&mode=artlist&maxrecords=250&format=json&DATE=202404
www.valleytimes-news.com,March 2025,https://api.gdeltproject.org/api/v2/doc/doc?query=domain:www.valleytimes-news.com&mode=artlist&maxrecords=250&format=json&DATE=202503
www.valleytimes-news.com,February 2025,https://api.gdeltproject.org/api/v2/doc/doc?query=domain:www.valleytimes-news.com&mode=artlist&maxrecords=250&format=json&DATE=202502
www.valleytimes-news.com,January 2025,https://api.gdeltproject.org/api/v2/doc/doc?query=domain:www.valleytimes-news.com&mode=artlist&maxrecords=250&format=json&DATE=202501
www.valleytimes-news.com,December 2024,https://api.gdeltproject.org/api/v2/doc/doc?query=domain:www.valleytimes-news.com&mode=artlist&maxrecords=250&format=json&DATE=202412
www.valleytimes-news.com,November 2024,https://api.gdeltproject.org/api/v2/doc/doc?query=domain:www.valleytimes-news.com&mode=artlist&maxrecords=250&format=json&DATE=202411
www.valleytimes-news.com,October 2024,https://api.gdeltproject.org/api/v2/doc/doc?query=domain:www.valleytimes-news.com&mode=artlist&maxrecords=250&format=json&DATE=202410
www.valleytimes-news.com,September 2024,https://api.gdeltproject.org/api/v2/doc/doc?query=domain:www.valleytimes-news.com&mode=artlist&maxrecords=250&format=json&DATE=202409
www.valleytimes-news.com,August 2024,https://api.gdeltproject.org/api/v2/doc/doc?query=domain:www.valleytimes-news.com&mode=artlist&maxrecords=250&format=json&DATE=202408
www.valleytimes-news.com,July 2024,https://api.gdeltproject.org/api/v2/doc/doc?query=domain:www.valleytimes-news.com&mode=artlist&maxrecords=250&format=json&DATE=202407
www.valleytimes-news.com,June 2024,https://api.gdeltproject.org/api/v2/doc/doc?query=domain:www.valleytimes-news.com&mode=artlist&maxrecords=250&format=json&DATE=202406
www.valleytimes-news.com,May 2024,https://api.gdeltproject.org/api/v2/doc/doc?query=domain:www.valleytimes-news.com&mode=artlist&maxrecords=250&format=json&DATE=202405
www.valleytimes-news.com,April 2024,https://api.gdeltproject.org/api/v2/doc/doc?query=domain:www.valleytimes-news.com&mode=artlist&maxrecords=250&format=json&DATE=202404
www.alaskajournal.com,March 2025,https://api.gdeltproject.org/api/v2/doc/doc?query=domain:www.alaskajournal.com&mode=artlist&maxrecords=250&format=json&DATE=202503
www.alaskajournal.com,February 2025,https://api.gdeltproject.org/api/v2/doc/doc?query=domain:www.alaskajournal.com&mode=artlist&maxrecords=250&format=json&DATE=202502
www.alaskajournal.com,January 2025,https://api.gdeltproject.org/api/v2/doc/doc?query=domain:www.alaskajournal.com&mode=artlist&maxrecords=250&format=json&DATE=202501
www.alaskajournal.com,December 2024,https://api.gdeltproject.org/api/v2/doc/doc?query=domain:www.alaskajournal.com&mode=artlist&maxrecords=250&format=json&DATE=202412
www.alaskajournal.com,November 2024,https://api.gdeltproject.org/api/v2/doc/doc?query=domain:www.alaskajournal.com&mode=artlist&maxrecords=250&format=json&DATE=202411
www.alaskajournal.com,October 2024,https://api.gdeltproject.org/api/v2/doc/doc?query=domain:www.alaskajournal.com&mode=artlist&maxrecords=250&format=json&DATE=202410
www.alaskajournal.com,September 2024,https://api.gdeltproject.org/api/v2/doc/doc?query=domain:www.alaskajournal.com&mode=artlist&maxrecords=250&format=json&DATE=202409
www.alaskajournal.com,August 2024,https://api.gdeltproject.org/api/v2/doc/doc?query=domain:www.alaskajournal.com&mode=artlist&maxrecords=250&format=json&DATE=202408
www.alaskajournal.com,July 2024,https://api.gdeltproject.org/api/v2/doc/doc?query=domain:www.alaskajournal.com&mode=artlist&maxrecords=250&format=json&DATE=202407
www.alaskajournal.com,June 2024,https://api.gdeltproject.org/api/v2/doc/doc?query=domain:www.alaskajournal.com&mode=artlist&maxrecords=250&format=json&DATE=202406
www.alaskajournal.com,May 2024,https://api.gdeltproject.org/api/v2/doc/doc?query=domain:www.alaskajournal.com&mode=artlist&maxrecords=250&format=json&DATE=202405
www.alaskajournal.com,April 2024,https://api.gdeltproject.org/api/v2/doc/doc?query=domain:www.alaskajournal.com&mode=artlist&maxrecords=250&format=json&DATE=202404
www.juneauempire.com,March 2025,https://api.gdeltproject.org/api/v2/doc/doc?query=domain:www.juneauempire.com&mode=artlist&maxrecords=250&format=json&DATE=202503
www.juneauempire.com,February 2025,https://api.gdeltproject.org/api/v2/doc/doc?query=domain:www.juneauempire.com&mode=artlist&maxrecords=250&format=json&DATE=202502
www.juneauempire.com,January 2025,https://api.gdeltproject.org/api/v2/doc/doc?query=domain:www.juneauempire.com&mode=artlist&maxrecords=250&format=json&DATE=202501
www.juneauempire.com,December 2024,https://api.gdeltproject.org/api/v2/doc/doc?query=domain:www.juneauempire.com&mode=artlist&maxrecords=250&format=json&DATE=202412
www.juneauempire.com,November 2024,https://api.gdeltproject.org/api/v2/doc/doc?query=domain:www.juneauempire.com&mode=artlist&maxrecords=250&format=json&DATE=202411
www.juneauempire.com,October 2024,https://api.gdeltproject.org/api/v2/doc/doc?query=domain:www.juneauempire.com&mode=artlist&maxrecords=250&format=json&DATE=202410
www.juneauempire.com,September 2024,https://api.gdeltproject.org/api/v2/doc/doc?query=domain:www.juneauempire.com&mode=artlist&maxrecords=250&format=json&DATE=202409
www.juneauempire.com,August 2024,https://api.gdeltproject.org/api/v2/doc/doc?query=domain:www.juneauempire.com&mode=artlist&maxrecords=250&format=json&DATE=202408
www.juneauempire.com,July 2024,https://api.gdeltproject.org/api/v2/doc/doc?query=domain:www.juneauempire.com&mode=artlist&maxrecords=250&format=json&DATE=202407
www.juneauempire.com,June 2024,https://api.gdeltproject.org/api/v2/doc/doc?query=domain:www.juneauempire.com&mode=artlist&maxrecords=250&format=json&DATE=202406
www.juneauempire.com,May 2024,https://api.gdeltproject.org/api/v2/doc/doc?query=domain:www.juneauempire.com&mode=artlist&maxrecords=250&format=json&DATE=202405
www.juneauempire.com,April 2024,https://api.gdeltproject.org/api/v2/doc/doc?query=domain:www.juneauempire.com&mode=artlist&maxrecords=250&format=json&DATE=202404
www.peninsulaclarion.com,March 2025,https://api.gdeltproject.org/api/v2/doc/doc?query=domain:www.peninsulaclarion.com&mode=artlist&maxrecords=250&format=json&DATE=202503
www.peninsulaclarion.com,February 2025,https://api.gdeltproject.org/api/v2/doc/doc?query=domain:www.peninsulaclarion.com&mode=artlist&maxrecords=250&format=json&DATE=202502
www.peninsulaclarion.com,January 2025,https://api.gdeltproject.org/api/v2/doc/doc?query=domain:www.peninsulaclarion.com&mode=artlist&maxrecords=250&format=json&DATE=202501
www.peninsulaclarion.com,December 2024,https://api.gdeltproject.org/api/v2/doc/doc?query=domain:www.peninsulaclarion.com&mode=artlist&maxrecords=250&format=json&DATE=202412
www.peninsulaclarion.com,November 2024,https://api.gdeltproject.org/api/v2/doc/doc?query=domain:www.peninsulaclarion.com&mode=artlist&maxrecords=250&format=json&DATE=202411
www.peninsulaclarion.com,October 2024,https://api.gdeltproject.org/api/v2/doc/doc?query=domain:www.peninsulaclarion.com&mode=artlist&maxrecords=250&format=json&DATE=202410
www.peninsulaclarion.com,September 2024,https://api.gdeltproject.org/api/v2/doc/doc?query=domain:www.peninsulaclarion.com&mode=artlist&maxrecords=250&format=json&DATE=202409
www.peninsulaclarion.com,August 2024,https://api.gdeltproject.org/api/v2/doc/doc?query=domain:www.peninsulaclarion.com&mode=artlist&maxrecords=250&format=json&DATE=202408
www.peninsulaclarion.com,July 2024,https://api.gdeltproject.org/api/v2/doc/doc?query=domain:www.peninsulaclarion.com&mode=artlist&maxrecords=250&format=json&DATE=202407
www.peninsulaclarion.com,June 2024,https://api.gdeltproject.org/api/v2/doc/doc?query=domain:www.peninsulaclarion.com&mode=artlist&maxrecords=250&format=json&DATE=202406
www.peninsulaclarion.com,May 2024,https://api.gdeltproject.org/api/v2/doc/doc?query=domain:www.peninsulaclarion.com&mode=artlist&maxrecords=250&format=json&DATE=202405
www.peninsulaclarion.com,April 2024,https://api.gdeltproject.org/api/v2/doc/doc?query=domain:www.peninsulaclarion.com&mode=artlist&maxrecords=250&format=json&DATE=202404
azcapitoltimes.com,March 2025,https://api.gdeltproject.org/api/v2/doc/doc?query=domain:azcapitoltimes.com&mode=artlist&maxrecords=250&format=json&DATE=202503
azcapitoltimes.com,February 2025,https://api.gdeltproject.org/api/v2/doc/doc?query=domain:azcapitoltimes.com&mode=artlist&maxrecords=250&format=json&DATE=202502
azcapitoltimes.com,January 2025,https://api.gdeltproject.org/api/v2/doc/doc?query=domain:azcapitoltimes.com&mode=artlist&maxrecords=250&format=json&DATE=202501
azcapitoltimes.com,December 2024,https://api.gdeltproject.org/api/v2/doc/doc?query=domain:azcapitoltimes.com&mode=artlist&maxrecords=250&format=json&DATE=202412
azcapitoltimes.com,November 2024,https://api.gdeltproject.org/api/v2/doc/doc?query=domain:azcapitoltimes.com&mode=artlist&maxrecords=250&format=json&DATE=202411
azcapitoltimes.com,October 2024,https://api.gdeltproject.org/api/v2/doc/doc?query=domain:azcapitoltimes.com&mode=artlist&maxrecords=250&format=json&DATE=202410
azcapitoltimes.com,September 2024,https://api.gdeltproject.org/api/v2/doc/doc?query=domain:azcapitoltimes.com&mode=artlist&maxrecords=250&format=json&DATE=202409
azcapitoltimes.com,August 2024,https://api.gdeltproject.org/api/v2/doc/doc?query=domain:azcapitoltimes.com&mode=artlist&maxrecords=250&format=json&DATE=202408
azcapitoltimes.com,July 2024,https://api.gdeltproject.org/api/v2/doc/doc?query=domain:azcapitoltimes.com&mode=artlist&maxrecords=250&format=json&DATE=202407
azcapitoltimes.com,June 2024,https://api.gdeltproject.org/api/v2/doc/doc?query=domain:azcapitoltimes.com&mode=artlist&maxrecords=250&format=json&DATE=202406
azcapitoltimes.com,May 2024,https://api.gdeltproject.org/api/v2/doc/doc?query=domain:azcapitoltimes.com&mode=artlist&maxrecords=250&format=json&DATE=202405
azcapitoltimes.com,April 2024,https://api.gdeltproject.org/api/v2/doc/doc?query=domain:azcapitoltimes.com&mode=artlist&maxrecords=250&format=json&DATE=202404
arktimes.com,March 2025,https://api.gdeltproject.org/api/v2/doc/doc?query=domain:arktimes.com&mode=artlist&maxrecords=250&format=json&DATE=202503
arktimes.com,February 2025,https://api.gdeltproject.org/api/v2/doc/doc?query=domain:arktimes.com&mode=artlist&maxrecords=250&format=json&DATE=202502
arktimes.com,January 2025,https://api.gdeltproject.org/api/v2/doc/doc?query=domain:arktimes.com&mode=artlist&maxrecords=250&format=json&DATE=202501
arktimes.com,December 2024,https://api.gdeltproject.org/api/v2/doc/doc?query=domain:arktimes.com&mode=artlist&maxrecords=250&format=json&DATE=202412
arktimes.com,November 2024,https://api.gdeltproject.org/api/v2/doc/doc?query=domain:arktimes.com&mode=artlist&maxrecords=250&format=json&DATE=202411
arktimes.com,October 2024,https://api.gdeltproject.org/api/v2/doc/doc?query=domain:arktimes.com&mode=artlist&maxrecords=250&format=json&DATE=202410
arktimes.com,September 2024,https://api.gdeltproject.org/api/v2/doc/doc?query=domain:arktimes.com&mode=artlist&maxrecords=250&format=json&DATE=202409
arktimes.com,August 2024,https://api.gdeltproject.org/api/v2/doc/doc?query=domain:arktimes.com&mode=artlist&maxrecords=250&format=json&DATE=202408
arktimes.com,July 2024,https://api.gdeltproject.org/api/v2/doc/doc?query=domain:arktimes.com&mode=artlist&maxrecords=250&format=json&DATE=202407
arktimes.com,June 2024,https://api.gdeltproject.org/api/v2/doc/doc?query=domain:arktimes.com&mode=artlist&maxrecords=250&format=json&DATE=202406
arktimes.com,May 2024,https://api.gdeltproject.org/api/v2/doc/doc?query=domain:arktimes.com&mode=artlist&maxrecords=250&format=json&DATE=202405
arktimes.com,April 2024,https://api.gdeltproject.org/api/v2/doc/doc?query=domain:arktimes.com&mode=artlist&maxrecords=250&format=json&DATE=202404
www.freeweekly.com,March 2025,https://api.gdeltproject.org/api/v2/doc/doc?query=domain:www.freeweekly.com&mode=artlist&maxrecords=250&format=json&DATE=202503
www.freeweekly.com,February 2025,https://api.gdeltproject.org/api/v2/doc/doc?query=domain:www.freeweekly.com&mode=artlist&maxrecords=250&format=json&DATE=202502
www.freeweekly.com,January 2025,https://api.gdeltproject.org/api/v2/doc/doc?query=domain:www.freeweekly.com&mode=artlist&maxrecords=250&format=json&DATE=202501
www.freeweekly.com,December 2024,https://api.gdeltproject.org/api/v2/doc/doc?query=domain:www.freeweekly.com&mode=artlist&maxrecords=250&format=json&DATE=202412
www.freeweekly.com,November 2024,https://api.gdeltproject.org/api/v2/doc/doc?query=domain:www.freeweekly.com&mode=artlist&maxrecords=250&format=json&DATE=202411
www.freeweekly.com,October 2024,https://api.gdeltproject.org/api/v2/doc/doc?query=domain:www.freeweekly.com&mode=artlist&maxrecords=250&format=json&DATE=202410
www.freeweekly.com,September 2024,https://api.gdeltproject.org/api/v2/doc/doc?query=domain:www.freeweekly.com&mode=artlist&maxrecords=250&format=json&DATE=202409
www.freeweekly.com,August 2024,https://api.gdeltproject.org/api/v2/doc/doc?query=domain:www.freeweekly.com&mode=artlist&maxrecords=250&format=json&DATE=202408
www.freeweekly.com,July 2024,https://api.gdeltproject.org/api/v2/doc/doc?query=domain:www.freeweekly.com&mode=artlist&maxrecords=250&format=json&DATE=202407
www.freeweekly.com,June 2024,https://api.gdeltproject.org/api/v2/doc/doc?query=domain:www.freeweekly.com&mode=artlist&maxrecords=250&format=json&DATE=202406
www.freeweekly.com,May 2024,https://api.gdeltproject.org/api/v2/doc/doc?query=domain:www.freeweekly.com&mode=artlist&maxrecords=250&format=json&DATE=202405
www.freeweekly.com,April 2024,https://api.gdeltproject.org/api/v2/doc/doc?query=domain:www.freeweekly.com&mode=artlist&maxrecords=250&format=json&DATE=202404
www.eastbaytimes.com/location/oakland,March 2025,https://api.gdeltproject.org/api/v2/doc/doc?query=domain:www.eastbaytimes.com/location/oakland&mode=artlist&maxrecords=250&format=json&DATE=202503
www.eastbaytimes.com/location/oakland,February 2025,https://api.gdeltproject.org/api/v2/doc/doc?query=domain:www.eastbaytimes.com/location/oakland&mode=artlist&maxrecords=250&format=json&DATE=202502
www.eastbaytimes.com/location/oakland,January 2025,https://api.gdeltproject.org/api/v2/doc/doc?query=domain:www.eastbaytimes.com/location/oakland&mode=artlist&maxrecords=250&format=json&DATE=202501
www.eastbaytimes.com/location/oakland,December 2024,https://api.gdeltproject.org/api/v2/doc/doc?query=domain:www.eastbaytimes.com/location/oakland&mode=artlist&maxrecords=250&format=json&DATE=202412
www.eastbaytimes.com/location/oakland,November 2024,https://api.gdeltproject.org/api/v2/doc/doc?query=domain:www.eastbaytimes.com/location/oakland&mode=artlist&maxrecords=250&format=json&DATE=202411
www.eastbaytimes.com/location/oakland,October 2024,https://api.gdeltproject.org/api/v2/doc/doc?query=domain:www.eastbaytimes.com/location/oakland&mode=artlist&maxrecords=250&format=json&DATE=202410
www.eastbaytimes.com/location/oakland,September 2024,https://api.gdeltproject.org/api/v2/doc/doc?query=domain:www.eastbaytimes.com/location/oakland&mode=artlist&maxrecords=250&format=json&DATE=202409
www.eastbaytimes.com/location/oakland,August 2024,https://api.gdeltproject.org/api/v2/doc/doc?query=domain:www.eastbaytimes.com/location/oakland&mode=artlist&maxrecords=250&format=json&DATE=202408
www.eastbaytimes.com/location/oakland,July 2024,https://api.gdeltproject.org/api/v2/doc/doc?query=domain:www.eastbaytimes.com/location/oakland&mode=artlist&maxrecords=250&format=json&DATE=202407
www.eastbaytimes.com/location/oakland,June 2024,https://api.gdeltproject.org/api/v2/doc/doc?query=domain:www.eastbaytimes.com/location/oakland&mode=artlist&maxrecords=250&format=json&DATE=202406
www.eastbaytimes.com/location/oakland,May 2024,https://api.gdeltproject.org/api/v2/doc/doc?query=domain:www.eastbaytimes.com/location/oakland&mode=artlist&maxrecords=250&format=json&DATE=202405
www.eastbaytimes.com/location/oakland,April 2024,https://api.gdeltproject.org/api/v2/doc/doc?query=domain:www.eastbaytimes.com/location/oakland&mode=artlist&maxrecords=250&format=json&DATE=202404
www.bakersfield.com,March 2025,https://api.gdeltproject.org/api/v2/doc/doc?query=domain:www.bakersfield.com&mode=artlist&maxrecords=250&format=json&DATE=202503
www.bakersfield.com,February 2025,https://api.gdeltproject.org/api/v2/doc/doc?query=domain:www.bakersfield.com&mode=artlist&maxrecords=250&format=json&DATE=202502
www.bakersfield.com,January 2025,https://api.gdeltproject.org/api/v2/doc/doc?query=domain:www.bakersfield.com&mode=artlist&maxrecords=250&format=json&DATE=202501
www.bakersfield.com,December 2024,https://api.gdeltproject.org/api/v2/doc/doc?query=domain:www.bakersfield.com&mode=artlist&maxrecords=250&format=json&DATE=202412
www.bakersfield.com,November 2024,https://api.gdeltproject.org/api/v2/doc/doc?query=domain:www.bakersfield.com&mode=artlist&maxrecords=250&format=json&DATE=202411
www.bakersfield.com,October 2024,https://api.gdeltproject.org/api/v2/doc/doc?query=domain:www.bakersfield.com&mode=artlist&maxrecords=250&format=json&DATE=202410
www.bakersfield.com,September 2024,https://api.gdeltproject.org/api/v2/doc/doc?query=domain:www.bakersfield.com&mode=artlist&maxrecords=250&format=json&DATE=202409
www.bakersfield.com,August 2024,https://api.gdeltproject.org/api/v2/doc/doc?query=domain:www.bakersfield.com&mode=artlist&maxrecords=250&format=json&DATE=202408
www.bakersfield.com,July 2024,https://api.gdeltproject.org/api/v2/doc/doc?query=domain:www.bakersfield.com&mode=artlist&maxrecords=250&format=json&DATE=202407
www.bakersfield.com,June 2024,https://api.gdeltproject.org/api/v2/doc/doc?query=domain:www.bakersfield.com&mode=artlist&maxrecords=250&format=json&DATE=202406
www.bakersfield.com,May 2024,https://api.gdeltproject.org/api/v2/doc/doc?query=domain:www.bakersfield.com&mode=artlist&maxrecords=250&format=json&DATE=202405
www.bakersfield.com,April 2024,https://api.gdeltproject.org/api/v2/doc/doc?query=domain:www.bakersfield.com&mode=artlist&maxrecords=250&format=json&DATE=202404
www.mercurynews.com/location/campbell,March 2025,https://api.gdeltproject.org/api/v2/doc/doc?query=domain:www.mercurynews.com/location/campbell&mode=artlist&maxrecords=250&format=json&DATE=202503
www.mercurynews.com/location/campbell,February 2025,https://api.gdeltproject.org/api/v2/doc/doc?query=domain:www.mercurynews.com/location/campbell&mode=artlist&maxrecords=250&format=json&DATE=202502
www.mercurynews.com/location/campbell,January 2025,https://api.gdeltproject.org/api/v2/doc/doc?query=domain:www.mercurynews.com/location/campbell&mode=artlist&maxrecords=250&format=json&DATE=202501
www.mercurynews.com/location/campbell,December 2024,https://api.gdeltproject.org/api/v2/doc/doc?query=domain:www.mercurynews.com/location/campbell&mode=artlist&maxrecords=250&format=json&DATE=202412
www.mercurynews.com/location/campbell,November 2024,https://api.gdeltproject.org/api/v2/doc/doc?query=domain:www.mercurynews.com/location/campbell&mode=artlist&maxrecords=250&format=json&DATE=202411
www.mercurynews.com/location/campbell,October 2024,https://api.gdeltproject.org/api/v2/doc/doc?query=domain:www.mercurynews.com/location/campbell&mode=artlist&maxrecords=250&format=json&DATE=202410
www.mercurynews.com/location/campbell,September 2024,https://api.gdeltproject.org/api/v2/doc/doc?query=domain:www.mercurynews.com/location/campbell&mode=artlist&maxrecords=250&format=json&DATE=202409
www.mercurynews.com/location/campbell,August 2024,https://api.gdeltproject.org/api/v2/doc/doc?query=domain:www.mercurynews.com/location/campbell&mode=artlist&maxrecords=250&format=json&DATE=202408
www.mercurynews.com/location/campbell,July 2024,https://api.gdeltproject.org/api/v2/doc/doc?query=domain:www.mercurynews.com/location/campbell&mode=artlist&maxrecords=250&format=json&DATE=202407
www.mercurynews.com/location/campbell,June 2024,https://api.gdeltproject.org/api/v2/doc/doc?query=domain:www.mercurynews.com/location/campbell&mode=artlist&maxrecords=250&format=json&DATE=202406
www.mercurynews.com/location/campbell,May 2024,https://api.gdeltproject.org/api/v2/doc/doc?query=domain:www.mercurynews.com/location/campbell&mode=artlist&maxrecords=250&format=json&DATE=202405
www.mercurynews.com/location/campbell,April 2024,https://api.gdeltproject.org/api/v2/doc/doc?query=domain:www.mercurynews.com/location/campbell&mode=artlist&maxrecords=250&format=json&DATE=202404
www.eastbaytimes.com,March 2025,https://api.gdeltproject.org/api/v2/doc/doc?query=domain:www.eastbaytimes.com&mode=artlist&maxrecords=250&format=json&DATE=202503
www.eastbaytimes.com,February 2025,https://api.gdeltproject.org/api/v2/doc/doc?query=domain:www.eastbaytimes.com&mode=artlist&maxrecords=250&format=json&DATE=202502
www.eastbaytimes.com,January 2025,https://api.gdeltproject.org/api/v2/doc/doc?query=domain:www.eastbaytimes.com&mode=artlist&maxrecords=250&format=json&DATE=202501
www.eastbaytimes.com,December 2024,https://api.gdeltproject.org/api/v2/doc/doc?query=domain:www.eastbaytimes.com&mode=artlist&maxrecords=250&format=json&DATE=202412
www.eastbaytimes.com,November 2024,https://api.gdeltproject.org/api/v2/doc/doc?query=domain:www.eastbaytimes.com&mode=artlist&maxrecords=250&format=json&DATE=202411
www.eastbaytimes.com,October 2024,https://api.gdeltproject.org/api/v2/doc/doc?query=domain:www.eastbaytimes.com&mode=artlist&maxrecords=250&format=json&DATE=202410
www.eastbaytimes.com,September 2024,https://api.gdeltproject.org/api/v2/doc/doc?query=domain:www.eastbaytimes.com&mode=artlist&maxrecords=250&format=json&DATE=202409
www.eastbaytimes.com,August 2024,https://api.gdeltproject.org/api/v2/doc/doc?query=domain:www.eastbaytimes.com&mode=artlist&maxrecords=250&format=json&DATE=202408
www.eastbaytimes.com,July 2024,https://api.gdeltproject.org/api/v2/doc/doc?query=domain:www.eastbaytimes.com&mode=artlist&maxrecords=250&format=json&DATE=202407
www.eastbaytimes.com,June 2024,https://api.gdeltproject.org/api/v2/doc/doc?query=domain:www.eastbaytimes.com&mode=artlist&maxrecords=250&format=json&DATE=202406
www.eastbaytimes.com,May 2024,https://api.gdeltproject.org/api/v2/doc/doc?query=domain:www.eastbaytimes.com&mode=artlist&maxrecords=250&format=json&DATE=202405
www.eastbaytimes.com,April 2024,https://api.gdeltproject.org/api/v2/doc/doc?query=domain:www.eastbaytimes.com&mode=artlist&maxrecords=250&format=json&DATE=202404
www.mercurynews.com/location/cupertino,March 2025,https://api.gdeltproject.org/api/v2/doc/doc?query=domain:www.mercurynews.com/location/cupertino&mode=artlist&maxrecords=250&format=json&DATE=202503
www.mercurynews.com/location/cupertino,February 2025,https://api.gdeltproject.org/api/v2/doc/doc?query=domain:www.mercurynews.com/location/cupertino&mode=artlist&maxrecords=250&format=json&DATE=202502
www.mercurynews.com/location/cupertino,January 2025,https://api.gdeltproject.org/api/v2/doc/doc?query=domain:www.mercurynews.com/location/cupertino&mode=artlist&maxrecords=250&format=json&DATE=202501
www.mercurynews.com/location/cupertino,December 2024,https://api.gdeltproject.org/api/v2/doc/doc?query=domain:www.mercurynews.com/location/cupertino&mode=artlist&maxrecords=250&format=json&DATE=202412
www.mercurynews.com/location/cupertino,November 2024,https://api.gdeltproject.org/api/v2/doc/doc?query=domain:www.mercurynews.com/location/cupertino&mode=artlist&maxrecords=250&format=json&DATE=202411
www.mercurynews.com/location/cupertino,October 2024,https://api.gdeltproject.org/api/v2/doc/doc?query=domain:www.mercurynews.com/location/cupertino&mode=artlist&maxrecords=250&format=json&DATE=202410
www.mercurynews.com/location/cupertino,September 2024,https://api.gdeltproject.org/api/v2/doc/doc?query=domain:www.mercurynews.com/location/cupertino&mode=artlist&maxrecords=250&format=json&DATE=202409
www.mercurynews.com/location/cupertino,August 2024,https://api.gdeltproject.org/api/v2/doc/doc?query=domain:www.mercurynews.com/location/cupertino&mode=artlist&maxrecords=250&format=json&DATE=202408
www.mercurynews.com/location/cupertino,July 2024,https://api.gdeltproject.org/api/v2/doc/doc?query=domain:www.mercurynews.com/location/cupertino&mode=artlist&maxrecords=250&format=json&DATE=202407
www.mercurynews.com/location/cupertino,June 2024,https://api.gdeltproject.org/api/v2/doc/doc?query=domain:www.mercurynews.com/location/cupertino&mode=artlist&maxrecords=250&format=json&DATE=202406
www.mercurynews.com/location/cupertino,May 2024,https://api.gdeltproject.org/api/v2/doc/doc?query=domain:www.mercurynews.com/location/cupertino&mode=artlist&maxrecords=250&format=json&DATE=202405
www.mercurynews.com/location/cupertino,April 2024,https://api.gdeltproject.org/api/v2/doc/doc?query=domain:www.mercurynews.com/location/cupertino&mode=artlist&maxrecords=250&format=json&DATE=202404
www.dailybreeze.com,March 2025,https://api.gdeltproject.org/api/v2/doc/doc?query=domain:www.dailybreeze.com&mode=artlist&maxrecords=250&format=json&DATE=202503
www.dailybreeze.com,February 2025,https://api.gdeltproject.org/api/v2/doc/doc?query=domain:www.dailybreeze.com&mode=artlist&maxrecords=250&format=json&DATE=202502
www.dailybreeze.com,January 2025,https://api.gdeltproject.org/api/v2/doc/doc?query=domain:www.dailybreeze.com&mode=artlist&maxrecords=250&format=json&DATE=202501
www.dailybreeze.com,December 2024,https://api.gdeltproject.org/api/v2/doc/doc?query=domain:www.dailybreeze.com&mode=artlist&maxrecords=250&format=json&DATE=202412
www.dailybreeze.com,November 2024,https://api.gdeltproject.org/api/v2/doc/doc?query=domain:www.dailybreeze.com&mode=artlist&maxrecords=250&format=json&DATE=202411
www.dailybreeze.com,October 2024,https://api.gdeltproject.org/api/v2/doc/doc?query=domain:www.dailybreeze.com&mode=artlist&maxrecords=250&format=json&DATE=202410
www.dailybreeze.com,September 2024,https://api.gdeltproject.org/api/v2/doc/doc?query=domain:www.dailybreeze.com&mode=artlist&maxrecords=250&format=json&DATE=202409
www.dailybreeze.com,August 2024,https://api.gdeltproject.org/api/v2/doc/doc?query=domain:www.dailybreeze.com&mode=artlist&maxrecords=250&format=json&DATE=202408
www.dailybreeze.com,July 2024,https://api.gdeltproject.org/api/v2/doc/doc?query=domain:www.dailybreeze.com&mode=artlist&maxrecords=250&format=json&DATE=202407
www.dailybreeze.com,June 2024,https://api.gdeltproject.org/api/v2/doc/doc?query=domain:www.dailybreeze.com&mode=artlist&maxrecords=250&format=json&DATE=202406
www.dailybreeze.com,May 2024,https://api.gdeltproject.org/api/v2/doc/doc?query=domain:www.dailybreeze.com&mode=artlist&maxrecords=250&format=json&DATE=202405
www.dailybreeze.com,April 2024,https://api.gdeltproject.org/api/v2/doc/doc?query=domain:www.dailybreeze.com&mode=artlist&maxrecords=250&format=json&DATE=202404
www.dailydemocrat.com,March 2025,https://api.gdeltproject.org/api/v2/doc/doc?query=domain:www.dailydemocrat.com&mode=artlist&maxrecords=250&format=json&DATE=202503
www.dailydemocrat.com,February 2025,https://api.gdeltproject.org/api/v2/doc/doc?query=domain:www.dailydemocrat.com&mode=artlist&maxrecords=250&format=json&DATE=202502
www.dailydemocrat.com,January 2025,https://api.gdeltproject.org/api/v2/doc/doc?query=domain:www.dailydemocrat.com&mode=artlist&maxrecords=250&format=json&DATE=202501
www.dailydemocrat.com,December 2024,https://api.gdeltproject.org/api/v2/doc/doc?query=domain:www.dailydemocrat.com&mode=artlist&maxrecords=250&format=json&DATE=202412
www.dailydemocrat.com,November 2024,https://api.gdeltproject.org/api/v2/doc/doc?query=domain:www.dailydemocrat.com&mode=artlist&maxrecords=250&format=json&DATE=202411
www.dailydemocrat.com,October 2024,https://api.gdeltproject.org/api/v2/doc/doc?query=domain:www.dailydemocrat.com&mode=artlist&maxrecords=250&format=json&DATE=202410
www.dailydemocrat.com,September 2024,https://api.gdeltproject.org/api/v2/doc/doc?query=domain:www.dailydemocrat.com&mode=artlist&maxrecords=250&format=json&DATE=202409
www.dailydemocrat.com,August 2024,https://api.gdeltproject.org/api/v2/doc/doc?query=domain:www.dailydemocrat.com&mode=artlist&maxrecords=250&format=json&DATE=202408
www.dailydemocrat.com,July 2024,https://api.gdeltproject.org/api/v2/doc/doc?query=domain:www.dailydemocrat.com&mode=artlist&maxrecords=250&format=json&DATE=202407
www.dailydemocrat.com,June 2024,https://api.gdeltproject.org/api/v2/doc/doc?query=domain:www.dailydemocrat.com&mode=artlist&maxrecords=250&format=json&DATE=202406
www.dailydemocrat.com,May 2024,https://api.gdeltproject.org/api/v2/doc/doc?query=domain:www.dailydemocrat.com&mode=artlist&maxrecords=250&format=json&DATE=202405
www.dailydemocrat.com,April 2024,https://api.gdeltproject.org/api/v2/doc/doc?query=domain:www.dailydemocrat.com&mode=artlist&maxrecords=250&format=json&DATE=202404
www.redbluffdailynews.com,March 2025,https://api.gdeltproject.org/api/v2/doc/doc?query=domain:www.redbluffdailynews.com&mode=artlist&maxrecords=250&format=json&DATE=202503
www.redbluffdailynews.com,February 2025,https://api.gdeltproject.org/api/v2/doc/doc?query=domain:www.redbluffdailynews.com&mode=artlist&maxrecords=250&format=json&DATE=202502
www.redbluffdailynews.com,January 2025,https://api.gdeltproject.org/api/v2/doc/doc?query=domain:www.redbluffdailynews.com&mode=artlist&maxrecords=250&format=json&DATE=202501
www.redbluffdailynews.com,December 2024,https://api.gdeltproject.org/api/v2/doc/doc?query=domain:www.redbluffdailynews.com&mode=artlist&maxrecords=250&format=json&DATE=202412
www.redbluffdailynews.com,November 2024,https://api.gdeltproject.org/api/v2/doc/doc?query=domain:www.redbluffdailynews.com&mode=artlist&maxrecords=250&format=json&DATE=202411
www.redbluffdailynews.com,October 2024,https://api.gdeltproject.org/api/v2/doc/doc?query=domain:www.redbluffdailynews.com&mode=artlist&maxrecords=250&format=json&DATE=202410
www.redbluffdailynews.com,September 2024,https://api.gdeltproject.org/api/v2/doc/doc?query=domain:www.redbluffdailynews.com&mode=artlist&maxrecords=250&format=json&DATE=202409
www.redbluffdailynews.com,August 2024,https://api.gdeltproject.org/api/v2/doc/doc?query=domain:www.redbluffdailynews.com&mode=artlist&maxrecords=250&format=json&DATE=202408
www.redbluffdailynews.com,July 2024,https://api.gdeltproject.org/api/v2/doc/doc?query=domain:www.redbluffdailynews.com&mode=artlist&maxrecords=250&format=json&DATE=202407
www.redbluffdailynews.com,June 2024,https://api.gdeltproject.org/api/v2/doc/doc?query=domain:www.redbluffdailynews.com&mode=artlist&maxrecords=250&format=json&DATE=202406
www.redbluffdailynews.com,May 2024,https://api.gdeltproject.org/api/v2/doc/doc?query=domain:www.redbluffdailynews.com&mode=artlist&maxrecords=250&format=json&DATE=202405
www.redbluffdailynews.com,April 2024,https://api.gdeltproject.org/api/v2/doc/doc?query=domain:www.redbluffdailynews.com&mode=artlist&maxrecords=250&format=json&DATE=202404
www.dailynews.com,March 2025,https://api.gdeltproject.org/api/v2/doc/doc?query=domain:www.dailynews.com&mode=artlist&maxrecords=250&format=json&DATE=202503
www.dailynews.com,February 2025,https://api.gdeltproject.org/api/v2/doc/doc?query=domain:www.dailynews.com&mode=artlist&maxrecords=250&format=json&DATE=202502
www.dailynews.com,January 2025,https://api.gdeltproject.org/api/v2/doc/doc?query=domain:www.dailynews.com&mode=artlist&maxrecords=250&format=json&DATE=202501
www.dailynews.com,December 2024,https://api.gdeltproject.org/api/v2/doc/doc?query=domain:www.dailynews.com&mode=artlist&maxrecords=250&format=json&DATE=202412
www.dailynews.com,November 2024,https://api.gdeltproject.org/api/v2/doc/doc?query=domain:www.dailynews.com&mode=artlist&maxrecords=250&format=json&DATE=202411
www.dailynews.com,October 2024,https://api.gdeltproject.org/api/v2/doc/doc?query=domain:www.dailynews.com&mode=artlist&maxrecords=250&format=json&DATE=202410
www.dailynews.com,September 2024,https://api.gdeltproject.org/api/v2/doc/doc?query=domain:www.dailynews.com&mode=artlist&maxrecords=250&format=json&DATE=202409
www.dailynews.com,August 2024,https://api.gdeltproject.org/api/v2/doc/doc?query=domain:www.dailynews.com&mode=artlist&maxrecords=250&format=json&DATE=202408
www.dailynews.com,July 2024,https://api.gdeltproject.org/api/v2/doc/doc?query=domain:www.dailynews.com&mode=artlist&maxrecords=250&format=json&DATE=202407
www.dailynews.com,June 2024,https://api.gdeltproject.org/api/v2/doc/doc?query=domain:www.dailynews.com&mode=artlist&maxrecords=250&format=json&DATE=202406
www.dailynews.com,May 2024,https://api.gdeltproject.org/api/v2/doc/doc?query=domain:www.dailynews.com&mode=artlist&maxrecords=250&format=json&DATE=202405
www.dailynews.com,April 2024,https://api.gdeltproject.org/api/v2/doc/doc?query=domain:www.dailynews.com&mode=artlist&maxrecords=250&format=json&DATE=202404
www.dailyrepublic.com,March 2025,https://api.gdeltproject.org/api/v2/doc/doc?query=domain:www.dailyrepublic.com&mode=artlist&maxrecords=250&format=json&DATE=202503
www.dailyrepublic.com,February 2025,https://api.gdeltproject.org/api/v2/doc/doc?query=domain:www.dailyrepublic.com&mode=artlist&maxrecords=250&format=json&DATE=202502
www.dailyrepublic.com,January 2025,https://api.gdeltproject.org/api/v2/doc/doc?query=domain:www.dailyrepublic.com&mode=artlist&maxrecords=250&format=json&DATE=202501
www.dailyrepublic.com,December 2024,https://api.gdeltproject.org/api/v2/doc/doc?query=domain:www.dailyrepublic.com&mode=artlist&maxrecords=250&format=json&DATE=202412
www.dailyrepublic.com,November 2024,https://api.gdeltproject.org/api/v2/doc/doc?query=domain:www.dailyrepublic.com&mode=artlist&maxrecords=250&format=json&DATE=202411
www.dailyrepublic.com,October 2024,https://api.gdeltproject.org/api/v2/doc/doc?query=domain:www.dailyrepublic.com&mode=artlist&maxrecords=250&format=json&DATE=202410
www.dailyrepublic.com,September 2024,https://api.gdeltproject.org/api/v2/doc/doc?query=domain:www.dailyrepublic.com&mode=artlist&maxrecords=250&format=json&DATE=202409
www.dailyrepublic.com,August 2024,https://api.gdeltproject.org/api/v2/doc/doc?query=domain:www.dailyrepublic.com&mode=artlist&maxrecords=250&format=json&DATE=202408
www.dailyrepublic.com,July 2024,https://api.gdeltproject.org/api/v2/doc/doc?query=domain:www.dailyrepublic.com&mode=artlist&maxrecords=250&format=json&DATE=202407
www.dailyrepublic.com,June 2024,https://api.gdeltproject.org/api/v2/doc/doc?query=domain:www.dailyrepublic.com&mode=artlist&maxrecords=250&format=json&DATE=202406
www.dailyrepublic.com,May 2024,https://api.gdeltproject.org/api/v2/doc/doc?query=domain:www.dailyrepublic.com&mode=artlist&maxrecords=250&format=json&DATE=202405
www.dailyrepublic.com,April 2024,https://api.gdeltproject.org/api/v2/doc/doc?query=domain:www.dailyrepublic.com&mode=artlist&maxrecords=250&format=json&DATE=202404
www.davisenterprise.com,March 2025,https://api.gdeltproject.org/api/v2/doc/doc?query=domain:www.davisenterprise.com&mode=artlist&maxrecords=250&format=json&DATE=202503
www.davisenterprise.com,February 2025,https://api.gdeltproject.org/api/v2/doc/doc?query=domain:www.davisenterprise.com&mode=artlist&maxrecords=250&format=json&DATE=202502
www.davisenterprise.com,January 2025,https://api.gdeltproject.org/api/v2/doc/doc?query=domain:www.davisenterprise.com&mode=artlist&maxrecords=250&format=json&DATE=202501
www.davisenterprise.com,December 2024,https://api.gdeltproject.org/api/v2/doc/doc?query=domain:www.davisenterprise.com&mode=artlist&maxrecords=250&format=json&DATE=202412
www.davisenterprise.com,November 2024,https://api.gdeltproject.org/api/v2/doc/doc?query=domain:www.davisenterprise.com&mode=artlist&maxrecords=250&format=json&DATE=202411
www.davisenterprise.com,October 2024,https://api.gdeltproject.org/api/v2/doc/doc?query=domain:www.davisenterprise.com&mode=artlist&maxrecords=250&format=json&DATE=202410
www.davisenterprise.com,September 2024,https://api.gdeltproject.org/api/v2/doc/doc?query=domain:www.davisenterprise.com&mode=artlist&maxrecords=250&format=json&DATE=202409
www.davisenterprise.com,August 2024,https://api.gdeltproject.org/api/v2/doc/doc?query=domain:www.davisenterprise.com&mode=artlist&maxrecords=250&format=json&DATE=202408
www.davisenterprise.com,July 2024,https://api.gdeltproject.org/api/v2/doc/doc?query=domain:www.davisenterprise.com&mode=artlist&maxrecords=250&format=json&DATE=202407
www.davisenterprise.com,June 2024,https://api.gdeltproject.org/api/v2/doc/doc?query=domain:www.davisenterprise.com&mode=artlist&maxrecords=250&format=json&DATE=202406
www.davisenterprise.com,May 2024,https://api.gdeltproject.org/api/v2/doc/doc?query=domain:www.davisenterprise.com&mode=artlist&maxrecords=250&format=json&DATE=202405
www.davisenterprise.com,April 2024,https://api.gdeltproject.org/api/v2/doc/doc?query=domain:www.davisenterprise.com&mode=artlist&maxrecords=250&format=json&DATE=202404
www.chicoer.com,March 2025,https://api.gdeltproject.org/api/v2/doc/doc?query=domain:www.chicoer.com&mode=artlist&maxrecords=250&format=json&DATE=202503
www.chicoer.com,February 2025,https://api.gdeltproject.org/api/v2/doc/doc?query=domain:www.chicoer.com&mode=artlist&maxrecords=250&format=json&DATE=202502
www.chicoer.com,January 2025,https://api.gdeltproject.org/api/v2/doc/doc?query=domain:www.chicoer.com&mode=artlist&maxrecords=250&format=json&DATE=202501
www.chicoer.com,December 2024,https://api.gdeltproject.org/api/v2/doc/doc?query=domain:www.chicoer.com&mode=artlist&maxrecords=250&format=json&DATE=202412
www.chicoer.com,November 2024,https://api.gdeltproject.org/api/v2/doc/doc?query=domain:www.chicoer.com&mode=artlist&maxrecords=250&format=json&DATE=202411
www.chicoer.com,October 2024,https://api.gdeltproject.org/api/v2/doc/doc?query=domain:www.chicoer.com&mode=artlist&maxrecords=250&format=json&DATE=202410
www.chicoer.com,September 2024,https://api.gdeltproject.org/api/v2/doc/doc?query=domain:www.chicoer.com&mode=artlist&maxrecords=250&format=json&DATE=202409
www.chicoer.com,August 2024,https://api.gdeltproject.org/api/v2/doc/doc?query=domain:www.chicoer.com&mode=artlist&maxrecords=250&format=json&DATE=202408
www.chicoer.com,July 2024,https://api.gdeltproject.org/api/v2/doc/doc?query=domain:www.chicoer.com&mode=artlist&maxrecords=250&format=json&DATE=202407
www.chicoer.com,June 2024,https://api.gdeltproject.org/api/v2/doc/doc?query=domain:www.chicoer.com&mode=artlist&maxrecords=250&format=json&DATE=202406
www.chicoer.com,May 2024,https://api.gdeltproject.org/api/v2/doc/doc?query=domain:www.chicoer.com&mode=artlist&maxrecords=250&format=json&DATE=202405
www.chicoer.com,April 2024,https://api.gdeltproject.org/api/v2/doc/doc?query=domain:www.chicoer.com&mode=artlist&maxrecords=250&format=json&DATE=202404
www.advocate-news.com,March 2025,https://api.gdeltproject.org/api/v2/doc/doc?query=domain:www.advocate-news.com&mode=artlist&maxrecords=250&format=json&DATE=202503
www.advocate-news.com,February 2025,https://api.gdeltproject.org/api/v2/doc/doc?query=domain:www.advocate-news.com&mode=artlist&maxrecords=250&format=json&DATE=202502
www.advocate-news.com,January 2025,https://api.gdeltproject.org/api/v2/doc/doc?query=domain:www.advocate-news.com&mode=artlist&maxrecords=250&format=json&DATE=202501
www.advocate-news.com,December 2024,https://api.gdeltproject.org/api/v2/doc/doc?query=domain:www.advocate-news.com&mode=artlist&maxrecords=250&format=json&DATE=202412
www.advocate-news.com,November 2024,https://api.gdeltproject.org/api/v2/doc/doc?query=domain:www.advocate-news.com&mode=artlist&maxrecords=250&format=json&DATE=202411
www.advocate-news.com,October 2024,https://api.gdeltproject.org/api/v2/doc/doc?query=domain:www.advocate-news.com&mode=artlist&maxrecords=250&format=json&DATE=202410
www.advocate-news.com,September 2024,https://api.gdeltproject.org/api/v2/doc/doc?query=domain:www.advocate-news.com&mode=artlist&maxrecords=250&format=json&DATE=202409
www.advocate-news.com,August 2024,https://api.gdeltproject.org/api/v2/doc/doc?query=domain:www.advocate-news.com&mode=artlist&maxrecords=250&format=json&DATE=202408
www.advocate-news.com,July 2024,https://api.gdeltproject.org/api/v2/doc/doc?query=domain:www.advocate-news.com&mode=artlist&maxrecords=250&format=json&DATE=202407
www.advocate-news.com,June 2024,https://api.gdeltproject.org/api/v2/doc/doc?query=domain:www.advocate-news.com&mode=artlist&maxrecords=250&format=json&DATE=202406
www.advocate-news.com,May 2024,https://api.gdeltproject.org/api/v2/doc/doc?query=domain:www.advocate-news.com&mode=artlist&maxrecords=250&format=json&DATE=202405
www.advocate-news.com,April 2024,https://api.gdeltproject.org/api/v2/doc/doc?query=domain:www.advocate-news.com&mode=artlist&maxrecords=250&format=json&DATE=202404
www.dailybulletin.com,March 2025,https://api.gdeltproject.org/api/v2/doc/doc?query=domain:www.dailybulletin.com&mode=artlist&maxrecords=250&format=json&DATE=202503
www.dailybulletin.com,February 2025,https://api.gdeltproject.org/api/v2/doc/doc?query=domain:www.dailybulletin.com&mode=artlist&maxrecords=250&format=json&DATE=202502
www.dailybulletin.com,January 2025,https://api.gdeltproject.org/api/v2/doc/doc?query=domain:www.dailybulletin.com&mode=artlist&maxrecords=250&format=json&DATE=202501
www.dailybulletin.com,December 2024,https://api.gdeltproject.org/api/v2/doc/doc?query=domain:www.dailybulletin.com&mode=artlist&maxrecords=250&format=json&DATE=202412
www.dailybulletin.com,November 2024,https://api.gdeltproject.org/api/v2/doc/doc?query=domain:www.dailybulletin.com&mode=artlist&maxrecords=250&format=json&DATE=202411
www.dailybulletin.com,October 2024,https://api.gdeltproject.org/api/v2/doc/doc?query=domain:www.dailybulletin.com&mode=artlist&maxrecords=250&format=json&DATE=202410
www.dailybulletin.com,September 2024,https://api.gdeltproject.org/api/v2/doc/doc?query=domain:www.dailybulletin.com&mode=artlist&maxrecords=250&format=json&DATE=202409
www.dailybulletin.com,August 2024,https://api.gdeltproject.org/api/v2/doc/doc?query=domain:www.dailybulletin.com&mode=artlist&maxrecords=250&format=json&DATE=202408
www.dailybulletin.com,July 2024,https://api.gdeltproject.org/api/v2/doc/doc?query=domain:www.dailybulletin.com&mode=artlist&maxrecords=250&format=json&DATE=202407
www.dailybulletin.com,June 2024,https://api.gdeltproject.org/api/v2/doc/doc?query=domain:www.dailybulletin.com&mode=artlist&maxrecords=250&format=json&DATE=202406
www.dailybulletin.com,May 2024,https://api.gdeltproject.org/api/v2/doc/doc?query=domain:www.dailybulletin.com&mode=artlist&maxrecords=250&format=json&DATE=202405
www.dailybulletin.com,April 2024,https://api.gdeltproject.org/api/v2/doc/doc?query=domain:www.dailybulletin.com&mode=artlist&maxrecords=250&format=json&DATE=202404
www.aspentimes.com,March 2025,https://api.gdeltproject.org/api/v2/doc/doc?query=domain:www.aspentimes.com&mode=artlist&maxrecords=250&format=json&DATE=202503
www.aspentimes.com,February 2025,https://api.gdeltproject.org/api/v2/doc/doc?query=domain:www.aspentimes.com&mode=artlist&maxrecords=250&format=json&DATE=202502
www.aspentimes.com,January 2025,https://api.gdeltproject.org/api/v2/doc/doc?query=domain:www.aspentimes.com&mode=artlist&maxrecords=250&format=json&DATE=202501
www.aspentimes.com,December 2024,https://api.gdeltproject.org/api/v2/doc/doc?query=domain:www.aspentimes.com&mode=artlist&maxrecords=250&format=json&DATE=202412
www.aspentimes.com,November 2024,https://api.gdeltproject.org/api/v2/doc/doc?query=domain:www.aspentimes.com&mode=artlist&maxrecords=250&format=json&DATE=202411
www.aspentimes.com,October 2024,https://api.gdeltproject.org/api/v2/doc/doc?query=domain:www.aspentimes.com&mode=artlist&maxrecords=250&format=json&DATE=202410
www.aspentimes.com,September 2024,https://api.gdeltproject.org/api/v2/doc/doc?query=domain:www.aspentimes.com&mode=artlist&maxrecords=250&format=json&DATE=202409
www.aspentimes.com,August 2024,https://api.gdeltproject.org/api/v2/doc/doc?query=domain:www.aspentimes.com&mode=artlist&maxrecords=250&format=json&DATE=202408
www.aspentimes.com,July 2024,https://api.gdeltproject.org/api/v2/doc/doc?query=domain:www.aspentimes.com&mode=artlist&maxrecords=250&format=json&DATE=202407
www.aspentimes.com,June 2024,https://api.gdeltproject.org/api/v2/doc/doc?query=domain:www.aspentimes.com&mode=artlist&maxrecords=250&format=json&DATE=202406
www.aspentimes.com,May 2024,https://api.gdeltproject.org/api/v2/doc/doc?query=domain:www.aspentimes.com&mode=artlist&maxrecords=250&format=json&DATE=202405
www.aspentimes.com,April 2024,https://api.gdeltproject.org/api/v2/doc/doc?query=domain:www.aspentimes.com&mode=artlist&maxrecords=250&format=json&DATE=202404
www.sentinelcolorado.com,March 2025,https://api.gdeltproject.org/api/v2/doc/doc?query=domain:www.sentinelcolorado.com&mode=artlist&maxrecords=250&format=json&DATE=202503
www.sentinelcolorado.com,February 2025,https://api.gdeltproject.org/api/v2/doc/doc?query=domain:www.sentinelcolorado.com&mode=artlist&maxrecords=250&format=json&DATE=202502
www.sentinelcolorado.com,January 2025,https://api.gdeltproject.org/api/v2/doc/doc?query=domain:www.sentinelcolorado.com&mode=artlist&maxrecords=250&format=json&DATE=202501
www.sentinelcolorado.com,December 2024,https://api.gdeltproject.org/api/v2/doc/doc?query=domain:www.sentinelcolorado.com&mode=artlist&maxrecords=250&format=json&DATE=202412
www.sentinelcolorado.com,November 2024,https://api.gdeltproject.org/api/v2/doc/doc?query=domain:www.sentinelcolorado.com&mode=artlist&maxrecords=250&format=json&DATE=202411
www.sentinelcolorado.com,October 2024,https://api.gdeltproject.org/api/v2/doc/doc?query=domain:www.sentinelcolorado.com&mode=artlist&maxrecords=250&format=json&DATE=202410
www.sentinelcolorado.com,September 2024,https://api.gdeltproject.org/api/v2/doc/doc?query=domain:www.sentinelcolorado.com&mode=artlist&maxrecords=250&format=json&DATE=202409
www.sentinelcolorado.com,August 2024,https://api.gdeltproject.org/api/v2/doc/doc?query=domain:www.sentinelcolorado.com&mode=artlist&maxrecords=250&format=json&DATE=202408
www.sentinelcolorado.com,July 2024,https://api.gdeltproject.org/api/v2/doc/doc?query=domain:www.sentinelcolorado.com&mode=artlist&maxrecords=250&format=json&DATE=202407
www.sentinelcolorado.com,June 2024,https://api.gdeltproject.org/api/v2/doc/doc?query=domain:www.sentinelcolorado.com&mode=artlist&maxrecords=250&format=json&DATE=202406
www.sentinelcolorado.com,May 2024,https://api.gdeltproject.org/api/v2/doc/doc?query=domain:www.sentinelcolorado.com&mode=artlist&maxrecords=250&format=json&DATE=202405
www.sentinelcolorado.com,April 2024,https://api.gdeltproject.org/api/v2/doc/doc?query=domain:www.sentinelcolorado.com&mode=artlist&maxrecords=250&format=json&DATE=202404
www.boulderweekly.com,March 2025,https://api.gdeltproject.org/api/v2/doc/doc?query=domain:www.boulderweekly.com&mode=artlist&maxrecords=250&format=json&DATE=202503
www.boulderweekly.com,February 2025,https://api.gdeltproject.org/api/v2/doc/doc?query=domain:www.boulderweekly.com&mode=artlist&maxrecords=250&format=json&DATE=202502
www.boulderweekly.com,January 2025,https://api.gdeltproject.org/api/v2/doc/doc?query=domain:www.boulderweekly.com&mode=artlist&maxrecords=250&format=json&DATE=202501
www.boulderweekly.com,December 2024,https://api.gdeltproject.org/api/v2/doc/doc?query=domain:www.boulderweekly.com&mode=artlist&maxrecords=250&format=json&DATE=202412
www.boulderweekly.com,November 2024,https://api.gdeltproject.org/api/v2/doc/doc?query=domain:www.boulderweekly.com&mode=artlist&maxrecords=250&format=json&DATE=202411
www.boulderweekly.com,October 2024,https://api.gdeltproject.org/api/v2/doc/doc?query=domain:www.boulderweekly.com&mode=artlist&maxrecords=250&format=json&DATE=202410
www.boulderweekly.com,September 2024,https://api.gdeltproject.org/api/v2/doc/doc?query=domain:www.boulderweekly.com&mode=artlist&maxrecords=250&format=json&DATE=202409
www.boulderweekly.com,August 2024,https://api.gdeltproject.org/api/v2/doc/doc?query=domain:www.boulderweekly.com&mode=artlist&maxrecords=250&format=json&DATE=202408
www.boulderweekly.com,July 2024,https://api.gdeltproject.org/api/v2/doc/doc?query=domain:www.boulderweekly.com&mode=artlist&maxrecords=250&format=json&DATE=202407
www.boulderweekly.com,June 2024,https://api.gdeltproject.org/api/v2/doc/doc?query=domain:www.boulderweekly.com&mode=artlist&maxrecords=250&format=json&DATE=202406
www.boulderweekly.com,May 2024,https://api.gdeltproject.org/api/v2/doc/doc?query=domain:www.boulderweekly.com&mode=artlist&maxrecords=250&format=json&DATE=202405
www.boulderweekly.com,April 2024,https://api.gdeltproject.org/api/v2/doc/doc?query=domain:www.boulderweekly.com&mode=artlist&maxrecords=250&format=json&DATE=202404
www.broomfieldenterprise.com,March 2025,https://api.gdeltproject.org/api/v2/doc/doc?query=domain:www.broomfieldenterprise.com&mode=artlist&maxrecords=250&format=json&DATE=202503
www.broomfieldenterprise.com,February 2025,https://api.gdeltproject.org/api/v2/doc/doc?query=domain:www.broomfieldenterprise.com&mode=artlist&maxrecords=250&format=json&DATE=202502
www.broomfieldenterprise.com,January 2025,https://api.gdeltproject.org/api/v2/doc/doc?query=domain:www.broomfieldenterprise.com&mode=artlist&maxrecords=250&format=json&DATE=202501
www.broomfieldenterprise.com,December 2024,https://api.gdeltproject.org/api/v2/doc/doc?query=domain:www.broomfieldenterprise.com&mode=artlist&maxrecords=250&format=json&DATE=202412
www.broomfieldenterprise.com,November 2024,https://api.gdeltproject.org/api/v2/doc/doc?query=domain:www.broomfieldenterprise.com&mode=artlist&maxrecords=250&format=json&DATE=202411
www.broomfieldenterprise.com,October 2024,https://api.gdeltproject.org/api/v2/doc/doc?query=domain:www.broomfieldenterprise.com&mode=artlist&maxrecords=250&format=json&DATE=202410
www.broomfieldenterprise.com,September 2024,https://api.gdeltproject.org/api/v2/doc/doc?query=domain:www.broomfieldenterprise.com&mode=artlist&maxrecords=250&format=json&DATE=202409
www.broomfieldenterprise.com,August 2024,https://api.gdeltproject.org/api/v2/doc/doc?query=domain:www.broomfieldenterprise.com&mode=artlist&maxrecords=250&format=json&DATE=202408
www.broomfieldenterprise.com,July 2024,https://api.gdeltproject.org/api/v2/doc/doc?query=domain:www.broomfieldenterprise.com&mode=artlist&maxrecords=250&format=json&DATE=202407
www.broomfieldenterprise.com,June 2024,https://api.gdeltproject.org/api/v2/doc/doc?query=domain:www.broomfieldenterprise.com&mode=artlist&maxrecords=250&format=json&DATE=202406
www.broomfieldenterprise.com,May 2024,https://api.gdeltproject.org/api/v2/doc/doc?query=domain:www.broomfieldenterprise.com&mode=artlist&maxrecords=250&format=json&DATE=202405
www.broomfieldenterprise.com,April 2024,https://api.gdeltproject.org/api/v2/doc/doc?query=domain:www.broomfieldenterprise.com&mode=artlist&maxrecords=250&format=json&DATE=202404
www.craigdailypress.com,March 2025,https://api.gdeltproject.org/api/v2/doc/doc?query=domain:www.craigdailypress.com&mode=artlist&maxrecords=250&format=json&DATE=202503
www.craigdailypress.com,February 2025,https://api.gdeltproject.org/api/v2/doc/doc?query=domain:www.craigdailypress.com&mode=artlist&maxrecords=250&format=json&DATE=202502
www.craigdailypress.com,January 2025,https://api.gdeltproject.org/api/v2/doc/doc?query=domain:www.craigdailypress.com&mode=artlist&maxrecords=250&format=json&DATE=202501
www.craigdailypress.com,December 2024,https://api.gdeltproject.org/api/v2/doc/doc?query=domain:www.craigdailypress.com&mode=artlist&maxrecords=250&format=json&DATE=202412
www.craigdailypress.com,November 2024,https://api.gdeltproject.org/api/v2/doc/doc?query=domain:www.craigdailypress.com&mode=artlist&maxrecords=250&format=json&DATE=202411
www.craigdailypress.com,October 2024,https://api.gdeltproject.org/api/v2/doc/doc?query=domain:www.craigdailypress.com&mode=artlist&maxrecords=250&format=json&DATE=202410
www.craigdailypress.com,September 2024,https://api.gdeltproject.org/api/v2/doc/doc?query=domain:www.craigdailypress.com&mode=artlist&maxrecords=250&format=json&DATE=202409
www.craigdailypress.com,August 2024,https://api.gdeltproject.org/api/v2/doc/doc?query=domain:www.craigdailypress.com&mode=artlist&maxrecords=250&format=json&DATE=202408
www.craigdailypress.com,July 2024,https://api.gdeltproject.org/api/v2/doc/doc?query=domain:www.craigdailypress.com&mode=artlist&maxrecords=250&format=json&DATE=202407
www.craigdailypress.com,June 2024,https://api.gdeltproject.org/api/v2/doc/doc?query=domain:www.craigdailypress.com&mode=artlist&maxrecords=250&format=json&DATE=202406
www.craigdailypress.com,May 2024,https://api.gdeltproject.org/api/v2/doc/doc?query=domain:www.craigdailypress.com&mode=artlist&maxrecords=250&format=json&DATE=202405
www.craigdailypress.com,April 2024,https://api.gdeltproject.org/api/v2/doc/doc?query=domain:www.craigdailypress.com&mode=artlist&maxrecords=250&format=json&DATE=202404
www.dailycamera.com,March 2025,https://api.gdeltproject.org/api/v2/doc/doc?query=domain:www.dailycamera.com&mode=artlist&maxrecords=250&format=json&DATE=202503
www.dailycamera.com,February 2025,https://api.gdeltproject.org/api/v2/doc/doc?query=domain:www.dailycamera.com&mode=artlist&maxrecords=250&format=json&DATE=202502
www.dailycamera.com,January 2025,https://api.gdeltproject.org/api/v2/doc/doc?query=domain:www.dailycamera.com&mode=artlist&maxrecords=250&format=json&DATE=202501
www.dailycamera.com,December 2024,https://api.gdeltproject.org/api/v2/doc/doc?query=domain:www.dailycamera.com&mode=artlist&maxrecords=250&format=json&DATE=202412
www.dailycamera.com,November 2024,https://api.gdeltproject.org/api/v2/doc/doc?query=domain:www.dailycamera.com&mode=artlist&maxrecords=250&format=json&DATE=202411
www.dailycamera.com,October 2024,https://api.gdeltproject.org/api/v2/doc/doc?query=domain:www.dailycamera.com&mode=artlist&maxrecords=250&format=json&DATE=202410
www.dailycamera.com,September 2024,https://api.gdeltproject.org/api/v2/doc/doc?query=domain:www.dailycamera.com&mode=artlist&maxrecords=250&format=json&DATE=202409
www.dailycamera.com,August 2024,https://api.gdeltproject.org/api/v2/doc/doc?query=domain:www.dailycamera.com&mode=artlist&maxrecords=250&format=json&DATE=202408
www.dailycamera.com,July 2024,https://api.gdeltproject.org/api/v2/doc/doc?query=domain:www.dailycamera.com&mode=artlist&maxrecords=250&format=json&DATE=202407
www.dailycamera.com,June 2024,https://api.gdeltproject.org/api/v2/doc/doc?query=domain:www.dailycamera.com&mode=artlist&maxrecords=250&format=json&DATE=202406
www.dailycamera.com,May 2024,https://api.gdeltproject.org/api/v2/doc/doc?query=domain:www.dailycamera.com&mode=artlist&maxrecords=250&format=json&DATE=202405
www.dailycamera.com,April 2024,https://api.gdeltproject.org/api/v2/doc/doc?query=domain:www.dailycamera.com&mode=artlist&maxrecords=250&format=json&DATE=202404
www.canoncitydailyrecord.com,March 2025,https://api.gdeltproject.org/api/v2/doc/doc?query=domain:www.canoncitydailyrecord.com&mode=artlist&maxrecords=250&format=json&DATE=202503
www.canoncitydailyrecord.com,February 2025,https://api.gdeltproject.org/api/v2/doc/doc?query=domain:www.canoncitydailyrecord.com&mode=artlist&maxrecords=250&format=json&DATE=202502
www.canoncitydailyrecord.com,January 2025,https://api.gdeltproject.org/api/v2/doc/doc?query=domain:www.canoncitydailyrecord.com&mode=artlist&maxrecords=250&format=json&DATE=202501
www.canoncitydailyrecord.com,December 2024,https://api.gdeltproject.org/api/v2/doc/doc?query=domain:www.canoncitydailyrecord.com&mode=artlist&maxrecords=250&format=json&DATE=202412
www.canoncitydailyrecord.com,November 2024,https://api.gdeltproject.org/api/v2/doc/doc?query=domain:www.canoncitydailyrecord.com&mode=artlist&maxrecords=250&format=json&DATE=202411
www.canoncitydailyrecord.com,October 2024,https://api.gdeltproject.org/api/v2/doc/doc?query=domain:www.canoncitydailyrecord.com&mode=artlist&maxrecords=250&format=json&DATE=202410
www.canoncitydailyrecord.com,September 2024,https://api.gdeltproject.org/api/v2/doc/doc?query=domain:www.canoncitydailyrecord.com&mode=artlist&maxrecords=250&format=json&DATE=202409
www.canoncitydailyrecord.com,August 2024,https://api.gdeltproject.org/api/v2/doc/doc?query=domain:www.canoncitydailyrecord.com&mode=artlist&maxrecords=250&format=json&DATE=202408
www.canoncitydailyrecord.com,July 2024,https://api.gdeltproject.org/api/v2/doc/doc?query=domain:www.canoncitydailyrecord.com&mode=artlist&maxrecords=250&format=json&DATE=202407
www.canoncitydailyrecord.com,June 2024,https://api.gdeltproject.org/api/v2/doc/doc?query=domain:www.canoncitydailyrecord.com&mode=artlist&maxrecords=250&format=json&DATE=202406
www.canoncitydailyrecord.com,May 2024,https://api.gdeltproject.org/api/v2/doc/doc?query=domain:www.canoncitydailyrecord.com&mode=artlist&maxrecords=250&format=json&DATE=202405
www.canoncitydailyrecord.com,April 2024,https://api.gdeltproject.org/api/v2/doc/doc?query=domain:www.canoncitydailyrecord.com&mode=artlist&maxrecords=250&format=json&DATE=202404
www.denverpost.com,March 2025,https://api.gdeltproject.org/api/v2/doc/doc?query=domain:www.denverpost.com&mode=artlist&maxrecords=250&format=json&DATE=202503
www.denverpost.com,February 2025,https://api.gdeltproject.org/api/v2/doc/doc?query=domain:www.denverpost.com&mode=artlist&maxrecords=250&format=json&DATE=202502
www.denverpost.com,January 2025,https://api.gdeltproject.org/api/v2/doc/doc?query=domain:www.denverpost.com&mode=artlist&maxrecords=250&format=json&DATE=202501
www.denverpost.com,December 2024,https://api.gdeltproject.org/api/v2/doc/doc?query=domain:www.denverpost.com&mode=artlist&maxrecords=250&format=json&DATE=202412
www.denverpost.com,November 2024,https://api.gdeltproject.org/api/v2/doc/doc?query=domain:www.denverpost.com&mode=artlist&maxrecords=250&format=json&DATE=202411
www.denverpost.com,October 2024,https://api.gdeltproject.org/api/v2/doc/doc?query=domain:www.denverpost.com&mode=artlist&maxrecords=250&format=json&DATE=202410
www.denverpost.com,September 2024,https://api.gdeltproject.org/api/v2/doc/doc?query=domain:www.denverpost.com&mode=artlist&maxrecords=250&format=json&DATE=202409
www.denverpost.com,August 2024,https://api.gdeltproject.org/api/v2/doc/doc?query=domain:www.denverpost.com&mode=artlist&maxrecords=250&format=json&DATE=202408
www.denverpost.com,July 2024,https://api.gdeltproject.org/api/v2/doc/doc?query=domain:www.denverpost.com&mode=artlist&maxrecords=250&format=json&DATE=202407
www.denverpost.com,June 2024,https://api.gdeltproject.org/api/v2/doc/doc?query=domain:www.denverpost.com&mode=artlist&maxrecords=250&format=json&DATE=202406
www.denverpost.com,May 2024,https://api.gdeltproject.org/api/v2/doc/doc?query=domain:www.denverpost.com&mode=artlist&maxrecords=250&format=json&DATE=202405
www.denverpost.com,April 2024,https://api.gdeltproject.org/api/v2/doc/doc?query=domain:www.denverpost.com&mode=artlist&maxrecords=250&format=json&DATE=202404
www.eptrail.com,March 2025,https://api.gdeltproject.org/api/v2/doc/doc?query=domain:www.eptrail.com&mode=artlist&maxrecords=250&format=json&DATE=202503
www.eptrail.com,February 2025,https://api.gdeltproject.org/api/v2/doc/doc?query=domain:www.eptrail.com&mode=artlist&maxrecords=250&format=json&DATE=202502
www.eptrail.com,January 2025,https://api.gdeltproject.org/api/v2/doc/doc?query=domain:www.eptrail.com&mode=artlist&maxrecords=250&format=json&DATE=202501
www.eptrail.com,December 2024,https://api.gdeltproject.org/api/v2/doc/doc?query=domain:www.eptrail.com&mode=artlist&maxrecords=250&format=json&DATE=202412
www.eptrail.com,November 2024,https://api.gdeltproject.org/api/v2/doc/doc?query=domain:www.eptrail.com&mode=artlist&maxrecords=250&format=json&DATE=202411
www.eptrail.com,October 2024,https://api.gdeltproject.org/api/v2/doc/doc?query=domain:www.eptrail.com&mode=artlist&maxrecords=250&format=json&DATE=202410
www.eptrail.com,September 2024,https://api.gdeltproject.org/api/v2/doc/doc?query=domain:www.eptrail.com&mode=artlist&maxrecords=250&format=json&DATE=202409
www.eptrail.com,August 2024,https://api.gdeltproject.org/api/v2/doc/doc?query=domain:www.eptrail.com&mode=artlist&maxrecords=250&format=json&DATE=202408
www.eptrail.com,July 2024,https://api.gdeltproject.org/api/v2/doc/doc?query=domain:www.eptrail.com&mode=artlist&maxrecords=250&format=json&DATE=202407
www.eptrail.com,June 2024,https://api.gdeltproject.org/api/v2/doc/doc?query=domain:www.eptrail.com&mode=artlist&maxrecords=250&format=json&DATE=202406
www.eptrail.com,May 2024,https://api.gdeltproject.org/api/v2/doc/doc?query=domain:www.eptrail.com&mode=artlist&maxrecords=250&format=json&DATE=202405
www.eptrail.com,April 2024,https://api.gdeltproject.org/api/v2/doc/doc?query=domain:www.eptrail.com&mode=artlist&maxrecords=250&format=json&DATE=202404
www.fortmorgantimes.com,March 2025,https://api.gdeltproject.org/api/v2/doc/doc?query=domain:www.fortmorgantimes.com&mode=artlist&maxrecords=250&format=json&DATE=202503
www.fortmorgantimes.com,February 2025,https://api.gdeltproject.org/api/v2/doc/doc?query=domain:www.fortmorgantimes.com&mode=artlist&maxrecords=250&format=json&DATE=202502
www.fortmorgantimes.com,January 2025,https://api.gdeltproject.org/api/v2/doc/doc?query=domain:www.fortmorgantimes.com&mode=artlist&maxrecords=250&format=json&DATE=202501
www.fortmorgantimes.com,December 2024,https://api.gdeltproject.org/api/v2/doc/doc?query=domain:www.fortmorgantimes.com&mode=artlist&maxrecords=250&format=json&DATE=202412
www.fortmorgantimes.com,November 2024,https://api.gdeltproject.org/api/v2/doc/doc?query=domain:www.fortmorgantimes.com&mode=artlist&maxrecords=250&format=json&DATE=202411
www.fortmorgantimes.com,October 2024,https://api.gdeltproject.org/api/v2/doc/doc?query=domain:www.fortmorgantimes.com&mode=artlist&maxrecords=250&format=json&DATE=202410
www.fortmorgantimes.com,September 2024,https://api.gdeltproject.org/api/v2/doc/doc?query=domain:www.fortmorgantimes.com&mode=artlist&maxrecords=250&format=json&DATE=202409
www.fortmorgantimes.com,August 2024,https://api.gdeltproject.org/api/v2/doc/doc?query=domain:www.fortmorgantimes.com&mode=artlist&maxrecords=250&format=json&DATE=202408
www.fortmorgantimes.com,July 2024,https://api.gdeltproject.org/api/v2/doc/doc?query=domain:www.fortmorgantimes.com&mode=artlist&maxrecords=250&format=json&DATE=202407
www.fortmorgantimes.com,June 2024,https://api.gdeltproject.org/api/v2/doc/doc?query=domain:www.fortmorgantimes.com&mode=artlist&maxrecords=250&format=json&DATE=202406
www.fortmorgantimes.com,May 2024,https://api.gdeltproject.org/api/v2/doc/doc?query=domain:www.fortmorgantimes.com&mode=artlist&maxrecords=250&format=json&DATE=202405
www.fortmorgantimes.com,April 2024,https://api.gdeltproject.org/api/v2/doc/doc?query=domain:www.fortmorgantimes.com&mode=artlist&maxrecords=250&format=json&DATE=202404
www.greeleytribune.com,March 2025,https://api.gdeltproject.org/api/v2/doc/doc?query=domain:www.greeleytribune.com&mode=artlist&maxrecords=250&format=json&DATE=202503
www.greeleytribune.com,February 2025,https://api.gdeltproject.org/api/v2/doc/doc?query=domain:www.greeleytribune.com&mode=artlist&maxrecords=250&format=json&DATE=202502
www.greeleytribune.com,January 2025,https://api.gdeltproject.org/api/v2/doc/doc?query=domain:www.greeleytribune.com&mode=artlist&maxrecords=250&format=json&DATE=202501
www.greeleytribune.com,December 2024,https://api.gdeltproject.org/api/v2/doc/doc?query=domain:www.greeleytribune.com&mode=artlist&maxrecords=250&format=json&DATE=202412
www.greeleytribune.com,November 2024,https://api.gdeltproject.org/api/v2/doc/doc?query=domain:www.greeleytribune.com&mode=artlist&maxrecords=250&format=json&DATE=202411
www.greeleytribune.com,October 2024,https://api.gdeltproject.org/api/v2/doc/doc?query=domain:www.greeleytribune.com&mode=artlist&maxrecords=250&format=json&DATE=202410
www.greeleytribune.com,September 2024,https://api.gdeltproject.org/api/v2/doc/doc?query=domain:www.greeleytribune.com&mode=artlist&maxrecords=250&format=json&DATE=202409
www.greeleytribune.com,August 2024,https://api.gdeltproject.org/api/v2/doc/doc?query=domain:www.greeleytribune.com&mode=artlist&maxrecords=250&format=json&DATE=202408
www.greeleytribune.com,July 2024,https://api.gdeltproject.org/api/v2/doc/doc?query=domain:www.greeleytribune.com&mode=artlist&maxrecords=250&format=json&DATE=202407
www.greeleytribune.com,June 2024,https://api.gdeltproject.org/api/v2/doc/doc?query=domain:www.greeleytribune.com&mode=artlist&maxrecords=250&format=json&DATE=202406
www.greeleytribune.com,May 2024,https://api.gdeltproject.org/api/v2/doc/doc?query=domain:www.greeleytribune.com&mode=artlist&maxrecords=250&format=json&DATE=202405
www.greeleytribune.com,April 2024,https://api.gdeltproject.org/api/v2/doc/doc?query=domain:www.greeleytribune.com&mode=artlist&maxrecords=250&format=json&DATE=202404
www.hfherald.com,March 2025,https://api.gdeltproject.org/api/v2/doc/doc?query=domain:www.hfherald.com&mode=artlist&maxrecords=250&format=json&DATE=202503
www.hfherald.com,February 2025,https://api.gdeltproject.org/api/v2/doc/doc?query=domain:www.hfherald.com&mode=artlist&maxrecords=250&format=json&DATE=202502
www.hfherald.com,January 2025,https://api.gdeltproject.org/api/v2/doc/doc?query=domain:www.hfherald.com&mode=artlist&maxrecords=250&format=json&DATE=202501
www.hfherald.com,December 2024,https://api.gdeltproject.org/api/v2/doc/doc?query=domain:www.hfherald.com&mode=artlist&maxrecords=250&format=json&DATE=202412
www.hfherald.com,November 2024,https://api.gdeltproject.org/api/v2/doc/doc?query=domain:www.hfherald.com&mode=artlist&maxrecords=250&format=json&DATE=202411
www.hfherald.com,October 2024,https://api.gdeltproject.org/api/v2/doc/doc?query=domain:www.hfherald.com&mode=artlist&maxrecords=250&format=json&DATE=202410
www.hfherald.com,September 2024,https://api.gdeltproject.org/api/v2/doc/doc?query=domain:www.hfherald.com&mode=artlist&maxrecords=250&format=json&DATE=202409
www.hfherald.com,August 2024,https://api.gdeltproject.org/api/v2/doc/doc?query=domain:www.hfherald.com&mode=artlist&maxrecords=250&format=json&DATE=202408
www.hfherald.com,July 2024,https://api.gdeltproject.org/api/v2/doc/doc?query=domain:www.hfherald.com&mode=artlist&maxrecords=250&format=json&DATE=202407
www.hfherald.com,June 2024,https://api.gdeltproject.org/api/v2/doc/doc?query=domain:www.hfherald.com&mode=artlist&maxrecords=250&format=json&DATE=202406
www.hfherald.com,May 2024,https://api.gdeltproject.org/api/v2/doc/doc?query=domain:www.hfherald.com&mode=artlist&maxrecords=250&format=json&DATE=202405
www.hfherald.com,April 2024,https://api.gdeltproject.org/api/v2/doc/doc?query=domain:www.hfherald.com&mode=artlist&maxrecords=250&format=json&DATE=202404
www.lamarledger.com,March 2025,https://api.gdeltproject.org/api/v2/doc/doc?query=domain:www.lamarledger.com&mode=artlist&maxrecords=250&format=json&DATE=202503
www.lamarledger.com,February 2025,https://api.gdeltproject.org/api/v2/doc/doc?query=domain:www.lamarledger.com&mode=artlist&maxrecords=250&format=json&DATE=202502
www.lamarledger.com,January 2025,https://api.gdeltproject.org/api/v2/doc/doc?query=domain:www.lamarledger.com&mode=artlist&maxrecords=250&format=json&DATE=202501
www.lamarledger.com,December 2024,https://api.gdeltproject.org/api/v2/doc/doc?query=domain:www.lamarledger.com&mode=artlist&maxrecords=250&format=json&DATE=202412
www.lamarledger.com,November 2024,https://api.gdeltproject.org/api/v2/doc/doc?query=domain:www.lamarledger.com&mode=artlist&maxrecords=250&format=json&DATE=202411
www.lamarledger.com,October 2024,https://api.gdeltproject.org/api/v2/doc/doc?query=domain:www.lamarledger.com&mode=artlist&maxrecords=250&format=json&DATE=202410
www.lamarledger.com,September 2024,https://api.gdeltproject.org/api/v2/doc/doc?query=domain:www.lamarledger.com&mode=artlist&maxrecords=250&format=json&DATE=202409
www.lamarledger.com,August 2024,https://api.gdeltproject.org/api/v2/doc/doc?query=domain:www.lamarledger.com&mode=artlist&maxrecords=250&format=json&DATE=202408
www.lamarledger.com,July 2024,https://api.gdeltproject.org/api/v2/doc/doc?query=domain:www.lamarledger.com&mode=artlist&maxrecords=250&format=json&DATE=202407
www.lamarledger.com,June 2024,https://api.gdeltproject.org/api/v2/doc/doc?query=domain:www.lamarledger.com&mode=artlist&maxrecords=250&format=json&DATE=202406
www.lamarledger.com,May 2024,https://api.gdeltproject.org/api/v2/doc/doc?query=domain:www.lamarledger.com&mode=artlist&maxrecords=250&format=json&DATE=202405
www.lamarledger.com,April 2024,https://api.gdeltproject.org/api/v2/doc/doc?query=domain:www.lamarledger.com&mode=artlist&maxrecords=250&format=json&DATE=202404
northfortynews.com,March 2025,https://api.gdeltproject.org/api/v2/doc/doc?query=domain:northfortynews.com&mode=artlist&maxrecords=250&format=json&DATE=202503
northfortynews.com,February 2025,https://api.gdeltproject.org/api/v2/doc/doc?query=domain:northfortynews.com&mode=artlist&maxrecords=250&format=json&DATE=202502
northfortynews.com,January 2025,https://api.gdeltproject.org/api/v2/doc/doc?query=domain:northfortynews.com&mode=artlist&maxrecords=250&format=json&DATE=202501
northfortynews.com,December 2024,https://api.gdeltproject.org/api/v2/doc/doc?query=domain:northfortynews.com&mode=artlist&maxrecords=250&format=json&DATE=202412
northfortynews.com,November 2024,https://api.gdeltproject.org/api/v2/doc/doc?query=domain:northfortynews.com&mode=artlist&maxrecords=250&format=json&DATE=202411
northfortynews.com,October 2024,https://api.gdeltproject.org/api/v2/doc/doc?query=domain:northfortynews.com&mode=artlist&maxrecords=250&format=json&DATE=202410
northfortynews.com,September 2024,https://api.gdeltproject.org/api/v2/doc/doc?query=domain:northfortynews.com&mode=artlist&maxrecords=250&format=json&DATE=202409
northfortynews.com,August 2024,https://api.gdeltproject.org/api/v2/doc/doc?query=domain:northfortynews.com&mode=artlist&maxrecords=250&format=json&DATE=202408
northfortynews.com,July 2024,https://api.gdeltproject.org/api/v2/doc/doc?query=domain:northfortynews.com&mode=artlist&maxrecords=250&format=json&DATE=202407
northfortynews.com,June 2024,https://api.gdeltproject.org/api/v2/doc/doc?query=domain:northfortynews.com&mode=artlist&maxrecords=250&format=json&DATE=202406
northfortynews.com,May 2024,https://api.gdeltproject.org/api/v2/doc/doc?query=domain:northfortynews.com&mode=artlist&maxrecords=250&format=json&DATE=202405
northfortynews.com,April 2024,https://api.gdeltproject.org/api/v2/doc/doc?query=domain:northfortynews.com&mode=artlist&maxrecords=250&format=json&DATE=202404
www.pagosasun.com,March 2025,https://api.gdeltproject.org/api/v2/doc/doc?query=domain:www.pagosasun.com&mode=artlist&maxrecords=250&format=json&DATE=202503
www.pagosasun.com,February 2025,https://api.gdeltproject.org/api/v2/doc/doc?query=domain:www.pagosasun.com&mode=artlist&maxrecords=250&format=json&DATE=202502
www.pagosasun.com,January 2025,https://api.gdeltproject.org/api/v2/doc/doc?query=domain:www.pagosasun.com&mode=artlist&maxrecords=250&format=json&DATE=202501
www.pagosasun.com,December 2024,https://api.gdeltproject.org/api/v2/doc/doc?query=domain:www.pagosasun.com&mode=artlist&maxrecords=250&format=json&DATE=202412
www.pagosasun.com,November 2024,https://api.gdeltproject.org/api/v2/doc/doc?query=domain:www.pagosasun.com&mode=artlist&maxrecords=250&format=json&DATE=202411
www.pagosasun.com,October 2024,https://api.gdeltproject.org/api/v2/doc/doc?query=domain:www.pagosasun.com&mode=artlist&maxrecords=250&format=json&DATE=202410
www.pagosasun.com,September 2024,https://api.gdeltproject.org/api/v2/doc/doc?query=domain:www.pagosasun.com&mode=artlist&maxrecords=250&format=json&DATE=202409
www.pagosasun.com,August 2024,https://api.gdeltproject.org/api/v2/doc/doc?query=domain:www.pagosasun.com&mode=artlist&maxrecords=250&format=json&DATE=202408
www.pagosasun.com,July 2024,https://api.gdeltproject.org/api/v2/doc/doc?query=domain:www.pagosasun.com&mode=artlist&maxrecords=250&format=json&DATE=202407
www.pagosasun.com,June 2024,https://api.gdeltproject.org/api/v2/doc/doc?query=domain:www.pagosasun.com&mode=artlist&maxrecords=250&format=json&DATE=202406
www.pagosasun.com,May 2024,https://api.gdeltproject.org/api/v2/doc/doc?query=domain:www.pagosasun.com&mode=artlist&maxrecords=250&format=json&DATE=202405
www.pagosasun.com,April 2024,https://api.gdeltproject.org/api/v2/doc/doc?query=domain:www.pagosasun.com&mode=artlist&maxrecords=250&format=json&DATE=202404
www.steamboatpilot.com,March 2025,https://api.gdeltproject.org/api/v2/doc/doc?query=domain:www.steamboatpilot.com&mode=artlist&maxrecords=250&format=json&DATE=202503
www.steamboatpilot.com,February 2025,https://api.gdeltproject.org/api/v2/doc/doc?query=domain:www.steamboatpilot.com&mode=artlist&maxrecords=250&format=json&DATE=202502
www.steamboatpilot.com,January 2025,https://api.gdeltproject.org/api/v2/doc/doc?query=domain:www.steamboatpilot.com&mode=artlist&maxrecords=250&format=json&DATE=202501
www.steamboatpilot.com,December 2024,https://api.gdeltproject.org/api/v2/doc/doc?query=domain:www.steamboatpilot.com&mode=artlist&maxrecords=250&format=json&DATE=202412
www.steamboatpilot.com,November 2024,https://api.gdeltproject.org/api/v2/doc/doc?query=domain:www.steamboatpilot.com&mode=artlist&maxrecords=250&format=json&DATE=202411
www.steamboatpilot.com,October 2024,https://api.gdeltproject.org/api/v2/doc/doc?query=domain:www.steamboatpilot.com&mode=artlist&maxrecords=250&format=json&DATE=202410
www.steamboatpilot.com,September 2024,https://api.gdeltproject.org/api/v2/doc/doc?query=domain:www.steamboatpilot.com&mode=artlist&maxrecords=250&format=json&DATE=202409
www.steamboatpilot.com,August 2024,https://api.gdeltproject.org/api/v2/doc/doc?query=domain:www.steamboatpilot.com&mode=artlist&maxrecords=250&format=json&DATE=202408
www.steamboatpilot.com,July 2024,https://api.gdeltproject.org/api/v2/doc/doc?query=domain:www.steamboatpilot.com&mode=artlist&maxrecords=250&format=json&DATE=202407
www.steamboatpilot.com,June 2024,https://api.gdeltproject.org/api/v2/doc/doc?query=domain:www.steamboatpilot.com&mode=artlist&maxrecords=250&format=json&DATE=202406
www.steamboatpilot.com,May 2024,https://api.gdeltproject.org/api/v2/doc/doc?query=domain:www.steamboatpilot.com&mode=artlist&maxrecords=250&format=json&DATE=202405
www.steamboatpilot.com,April 2024,https://api.gdeltproject.org/api/v2/doc/doc?query=domain:www.steamboatpilot.com&mode=artlist&maxrecords=250&format=json&DATE=202404
www.summitdaily.com,March 2025,https://api.gdeltproject.org/api/v2/doc/doc?query=domain:www.summitdaily.com&mode=artlist&maxrecords=250&format=json&DATE=202503
www.summitdaily.com,February 2025,https://api.gdeltproject.org/api/v2/doc/doc?query=domain:www.summitdaily.com&mode=artlist&maxrecords=250&format=json&DATE=202502
www.summitdaily.com,January 2025,https://api.gdeltproject.org/api/v2/doc/doc?query=domain:www.summitdaily.com&mode=artlist&maxrecords=250&format=json&DATE=202501
www.summitdaily.com,December 2024,https://api.gdeltproject.org/api/v2/doc/doc?query=domain:www.summitdaily.com&mode=artlist&maxrecords=250&format=json&DATE=202412
www.summitdaily.com,November 2024,https://api.gdeltproject.org/api/v2/doc/doc?query=domain:www.summitdaily.com&mode=artlist&maxrecords=250&format=json&DATE=202411
www.summitdaily.com,October 2024,https://api.gdeltproject.org/api/v2/doc/doc?query=domain:www.summitdaily.com&mode=artlist&maxrecords=250&format=json&DATE=202410
www.summitdaily.com,September 2024,https://api.gdeltproject.org/api/v2/doc/doc?query=domain:www.summitdaily.com&mode=artlist&maxrecords=250&format=json&DATE=202409
www.summitdaily.com,August 2024,https://api.gdeltproject.org/api/v2/doc/doc?query=domain:www.summitdaily.com&mode=artlist&maxrecords=250&format=json&DATE=202408
www.summitdaily.com,July 2024,https://api.gdeltproject.org/api/v2/doc/doc?query=domain:www.summitdaily.com&mode=artlist&maxrecords=250&format=json&DATE=202407
www.summitdaily.com,June 2024,https://api.gdeltproject.org/api/v2/doc/doc?query=domain:www.summitdaily.com&mode=artlist&maxrecords=250&format=json&DATE=202406
www.summitdaily.com,May 2024,https://api.gdeltproject.org/api/v2/doc/doc?query=domain:www.summitdaily.com&mode=artlist&maxrecords=250&format=json&DATE=202405
www.summitdaily.com,April 2024,https://api.gdeltproject.org/api/v2/doc/doc?query=domain:www.summitdaily.com&mode=artlist&maxrecords=250&format=json&DATE=202404
www.rep-am.com,March 2025,https://api.gdeltproject.org/api/v2/doc/doc?query=domain:www.rep-am.com&mode=artlist&maxrecords=250&format=json&DATE=202503
www.rep-am.com,February 2025,https://api.gdeltproject.org/api/v2/doc/doc?query=domain:www.rep-am.com&mode=artlist&maxrecords=250&format=json&DATE=202502
www.rep-am.com,January 2025,https://api.gdeltproject.org/api/v2/doc/doc?query=domain:www.rep-am.com&mode=artlist&maxrecords=250&format=json&DATE=202501
www.rep-am.com,December 2024,https://api.gdeltproject.org/api/v2/doc/doc?query=domain:www.rep-am.com&mode=artlist&maxrecords=250&format=json&DATE=202412
www.rep-am.com,November 2024,https://api.gdeltproject.org/api/v2/doc/doc?query=domain:www.rep-am.com&mode=artlist&maxrecords=250&format=json&DATE=202411
www.rep-am.com,October 2024,https://api.gdeltproject.org/api/v2/doc/doc?query=domain:www.rep-am.com&mode=artlist&maxrecords=250&format=json&DATE=202410
www.rep-am.com,September 2024,https://api.gdeltproject.org/api/v2/doc/doc?query=domain:www.rep-am.com&mode=artlist&maxrecords=250&format=json&DATE=202409
www.rep-am.com,August 2024,https://api.gdeltproject.org/api/v2/doc/doc?query=domain:www.rep-am.com&mode=artlist&maxrecords=250&format=json&DATE=202408
www.rep-am.com,July 2024,https://api.gdeltproject.org/api/v2/doc/doc?query=domain:www.rep-am.com&mode=artlist&maxrecords=250&format=json&DATE=202407
www.rep-am.com,June 2024,https://api.gdeltproject.org/api/v2/doc/doc?query=domain:www.rep-am.com&mode=artlist&maxrecords=250&format=json&DATE=202406
www.rep-am.com,May 2024,https://api.gdeltproject.org/api/v2/doc/doc?query=domain:www.rep-am.com&mode=artlist&maxrecords=250&format=json&DATE=202405
www.rep-am.com,April 2024,https://api.gdeltproject.org/api/v2/doc/doc?query=domain:www.rep-am.com&mode=artlist&maxrecords=250&format=json&DATE=202404
bocabeacon.com,March 2025,https://api.gdeltproject.org/api/v2/doc/doc?query=domain:bocabeacon.com&mode=artlist&maxrecords=250&format=json&DATE=202503
bocabeacon.com,February 2025,https://api.gdeltproject.org/api/v2/doc/doc?query=domain:bocabeacon.com&mode=artlist&maxrecords=250&format=json&DATE=202502
bocabeacon.com,January 2025,https://api.gdeltproject.org/api/v2/doc/doc?query=domain:bocabeacon.com&mode=artlist&maxrecords=250&format=json&DATE=202501
bocabeacon.com,December 2024,https://api.gdeltproject.org/api/v2/doc/doc?query=domain:bocabeacon.com&mode=artlist&maxrecords=250&format=json&DATE=202412
bocabeacon.com,November 2024,https://api.gdeltproject.org/api/v2/doc/doc?query=domain:bocabeacon.com&mode=artlist&maxrecords=250&format=json&DATE=202411
bocabeacon.com,October 2024,https://api.gdeltproject.org/api/v2/doc/doc?query=domain:bocabeacon.com&mode=artlist&maxrecords=250&format=json&DATE=202410
bocabeacon.com,September 2024,https://api.gdeltproject.org/api/v2/doc/doc?query=domain:bocabeacon.com&mode=artlist&maxrecords=250&format=json&DATE=202409
bocabeacon.com,August 2024,https://api.gdeltproject.org/api/v2/doc/doc?query=domain:bocabeacon.com&mode=artlist&maxrecords=250&format=json&DATE=202408
bocabeacon.com,July 2024,https://api.gdeltproject.org/api/v2/doc/doc?query=domain:bocabeacon.com&mode=artlist&maxrecords=250&format=json&DATE=202407
bocabeacon.com,June 2024,https://api.gdeltproject.org/api/v2/doc/doc?query=domain:bocabeacon.com&mode=artlist&maxrecords=250&format=json&DATE=202406
bocabeacon.com,May 2024,https://api.gdeltproject.org/api/v2/doc/doc?query=domain:bocabeacon.com&mode=artlist&maxrecords=250&format=json&DATE=202405
bocabeacon.com,April 2024,https://api.gdeltproject.org/api/v2/doc/doc?query=domain:bocabeacon.com&mode=artlist&maxrecords=250&format=json&DATE=202404
keysnews.com,March 2025,https://api.gdeltproject.org/api/v2/doc/doc?query=domain:keysnews.com&mode=artlist&maxrecords=250&format=json&DATE=202503
keysnews.com,February 2025,https://api.gdeltproject.org/api/v2/doc/doc?query=domain:keysnews.com&mode=artlist&maxrecords=250&format=json&DATE=202502
keysnews.com,January 2025,https://api.gdeltproject.org/api/v2/doc/doc?query=domain:keysnews.com&mode=artlist&maxrecords=250&format=json&DATE=202501
keysnews.com,December 2024,https://api.gdeltproject.org/api/v2/doc/doc?query=domain:keysnews.com&mode=artlist&maxrecords=250&format=json&DATE=202412
keysnews.com,November 2024,https://api.gdeltproject.org/api/v2/doc/doc?query=domain:keysnews.com&mode=artlist&maxrecords=250&format=json&DATE=202411
keysnews.com,October 2024,https://api.gdeltproject.org/api/v2/doc/doc?query=domain:keysnews.com&mode=artlist&maxrecords=250&format=json&DATE=202410
keysnews.com,September 2024,https://api.gdeltproject.org/api/v2/doc/doc?query=domain:keysnews.com&mode=artlist&maxrecords=250&format=json&DATE=202409
keysnews.com,August 2024,https://api.gdeltproject.org/api/v2/doc/doc?query=domain:keysnews.com&mode=artlist&maxrecords=250&format=json&DATE=202408
keysnews.com,July 2024,https://api.gdeltproject.org/api/v2/doc/doc?query=domain:keysnews.com&mode=artlist&maxrecords=250&format=json&DATE=202407
keysnews.com,June 2024,https://api.gdeltproject.org/api/v2/doc/doc?query=domain:keysnews.com&mode=artlist&maxrecords=250&format=json&DATE=202406
keysnews.com,May 2024,https://api.gdeltproject.org/api/v2/doc/doc?query=domain:keysnews.com&mode=artlist&maxrecords=250&format=json&DATE=202405
keysnews.com,April 2024,https://api.gdeltproject.org/api/v2/doc/doc?query=domain:keysnews.com&mode=artlist&maxrecords=250&format=json&DATE=202404
www.lakecityreporter.com,March 2025,https://api.gdeltproject.org/api/v2/doc/doc?query=domain:www.lakecityreporter.com&mode=artlist&maxrecords=250&format=json&DATE=202503
www.lakecityreporter.com,February 2025,https://api.gdeltproject.org/api/v2/doc/doc?query=domain:www.lakecityreporter.com&mode=artlist&maxrecords=250&format=json&DATE=202502
www.lakecityreporter.com,January 2025,https://api.gdeltproject.org/api/v2/doc/doc?query=domain:www.lakecityreporter.com&mode=artlist&maxrecords=250&format=json&DATE=202501
www.lakecityreporter.com,December 2024,https://api.gdeltproject.org/api/v2/doc/doc?query=domain:www.lakecityreporter.com&mode=artlist&maxrecords=250&format=json&DATE=202412
www.lakecityreporter.com,November 2024,https://api.gdeltproject.org/api/v2/doc/doc?query=domain:www.lakecityreporter.com&mode=artlist&maxrecords=250&format=json&DATE=202411
www.lakecityreporter.com,October 2024,https://api.gdeltproject.org/api/v2/doc/doc?query=domain:www.lakecityreporter.com&mode=artlist&maxrecords=250&format=json&DATE=202410
www.lakecityreporter.com,September 2024,https://api.gdeltproject.org/api/v2/doc/doc?query=domain:www.lakecityreporter.com&mode=artlist&maxrecords=250&format=json&DATE=202409
www.lakecityreporter.com,August 2024,https://api.gdeltproject.org/api/v2/doc/doc?query=domain:www.lakecityreporter.com&mode=artlist&maxrecords=250&format=json&DATE=202408
www.lakecityreporter.com,July 2024,https://api.gdeltproject.org/api/v2/doc/doc?query=domain:www.lakecityreporter.com&mode=artlist&maxrecords=250&format=json&DATE=202407
www.lakecityreporter.com,June 2024,https://api.gdeltproject.org/api/v2/doc/doc?query=domain:www.lakecityreporter.com&mode=artlist&maxrecords=250&format=json&DATE=202406
www.lakecityreporter.com,May 2024,https://api.gdeltproject.org/api/v2/doc/doc?query=domain:www.lakecityreporter.com&mode=artlist&maxrecords=250&format=json&DATE=202405
www.lakecityreporter.com,April 2024,https://api.gdeltproject.org/api/v2/doc/doc?query=domain:www.lakecityreporter.com&mode=artlist&maxrecords=250&format=json&DATE=202404
www.greenepublishing.com,March 2025,https://api.gdeltproject.org/api/v2/doc/doc?query=domain:www.greenepublishing.com&mode=artlist&maxrecords=250&format=json&DATE=202503
www.greenepublishing.com,February 2025,https://api.gdeltproject.org/api/v2/doc/doc?query=domain:www.greenepublishing.com&mode=artlist&maxrecords=250&format=json&DATE=202502
www.greenepublishing.com,January 2025,https://api.gdeltproject.org/api/v2/doc/doc?query=domain:www.greenepublishing.com&mode=artlist&maxrecords=250&format=json&DATE=202501
www.greenepublishing.com,December 2024,https://api.gdeltproject.org/api/v2/doc/doc?query=domain:www.greenepublishing.com&mode=artlist&maxrecords=250&format=json&DATE=202412
www.greenepublishing.com,November 2024,https://api.gdeltproject.org/api/v2/doc/doc?query=domain:www.greenepublishing.com&mode=artlist&maxrecords=250&format=json&DATE=202411
www.greenepublishing.com,October 2024,https://api.gdeltproject.org/api/v2/doc/doc?query=domain:www.greenepublishing.com&mode=artlist&maxrecords=250&format=json&DATE=202410
www.greenepublishing.com,September 2024,https://api.gdeltproject.org/api/v2/doc/doc?query=domain:www.greenepublishing.com&mode=artlist&maxrecords=250&format=json&DATE=202409
www.greenepublishing.com,August 2024,https://api.gdeltproject.org/api/v2/doc/doc?query=domain:www.greenepublishing.com&mode=artlist&maxrecords=250&format=json&DATE=202408
www.greenepublishing.com,July 2024,https://api.gdeltproject.org/api/v2/doc/doc?query=domain:www.greenepublishing.com&mode=artlist&maxrecords=250&format=json&DATE=202407
www.greenepublishing.com,June 2024,https://api.gdeltproject.org/api/v2/doc/doc?query=domain:www.greenepublishing.com&mode=artlist&maxrecords=250&format=json&DATE=202406
www.greenepublishing.com,May 2024,https://api.gdeltproject.org/api/v2/doc/doc?query=domain:www.greenepublishing.com&mode=artlist&maxrecords=250&format=json&DATE=202405
www.greenepublishing.com,April 2024,https://api.gdeltproject.org/api/v2/doc/doc?query=domain:www.greenepublishing.com&mode=artlist&maxrecords=250&format=json&DATE=202404
communitynewspapers.com,March 2025,https://api.gdeltproject.org/api/v2/doc/doc?query=domain:communitynewspapers.com&mode=artlist&maxrecords=250&format=json&DATE=202503
communitynewspapers.com,February 2025,https://api.gdeltproject.org/api/v2/doc/doc?query=domain:communitynewspapers.com&mode=artlist&maxrecords=250&format=json&DATE=202502
communitynewspapers.com,January 2025,https://api.gdeltproject.org/api/v2/doc/doc?query=domain:communitynewspapers.com&mode=artlist&maxrecords=250&format=json&DATE=202501
communitynewspapers.com,December 2024,https://api.gdeltproject.org/api/v2/doc/doc?query=domain:communitynewspapers.com&mode=artlist&maxrecords=250&format=json&DATE=202412
communitynewspapers.com,November 2024,https://api.gdeltproject.org/api/v2/doc/doc?query=domain:communitynewspapers.com&mode=artlist&maxrecords=250&format=json&DATE=202411
communitynewspapers.com,October 2024,https://api.gdeltproject.org/api/v2/doc/doc?query=domain:communitynewspapers.com&mode=artlist&maxrecords=250&format=json&DATE=202410
communitynewspapers.com,September 2024,https://api.gdeltproject.org/api/v2/doc/doc?query=domain:communitynewspapers.com&mode=artlist&maxrecords=250&format=json&DATE=202409
communitynewspapers.com,August 2024,https://api.gdeltproject.org/api/v2/doc/doc?query=domain:communitynewspapers.com&mode=artlist&maxrecords=250&format=json&DATE=202408
communitynewspapers.com,July 2024,https://api.gdeltproject.org/api/v2/doc/doc?query=domain:communitynewspapers.com&mode=artlist&maxrecords=250&format=json&DATE=202407
communitynewspapers.com,June 2024,https://api.gdeltproject.org/api/v2/doc/doc?query=domain:communitynewspapers.com&mode=artlist&maxrecords=250&format=json&DATE=202406
communitynewspapers.com,May 2024,https://api.gdeltproject.org/api/v2/doc/doc?query=domain:communitynewspapers.com&mode=artlist&maxrecords=250&format=json&DATE=202405
communitynewspapers.com,April 2024,https://api.gdeltproject.org/api/v2/doc/doc?query=domain:communitynewspapers.com&mode=artlist&maxrecords=250&format=json&DATE=202404
www.miamitodaynews.com,March 2025,https://api.gdeltproject.org/api/v2/doc/doc?query=domain:www.miamitodaynews.com&mode=artlist&maxrecords=250&format=json&DATE=202503
www.miamitodaynews.com,February 2025,https://api.gdeltproject.org/api/v2/doc/doc?query=domain:www.miamitodaynews.com&mode=artlist&maxrecords=250&format=json&DATE=202502
www.miamitodaynews.com,January 2025,https://api.gdeltproject.org/api/v2/doc/doc?query=domain:www.miamitodaynews.com&mode=artlist&maxrecords=250&format=json&DATE=202501
www.miamitodaynews.com,December 2024,https://api.gdeltproject.org/api/v2/doc/doc?query=domain:www.miamitodaynews.com&mode=artlist&maxrecords=250&format=json&DATE=202412
www.miamitodaynews.com,November 2024,https://api.gdeltproject.org/api/v2/doc/doc?query=domain:www.miamitodaynews.com&mode=artlist&maxrecords=250&format=json&DATE=202411
www.miamitodaynews.com,October 2024,https://api.gdeltproject.org/api/v2/doc/doc?query=domain:www.miamitodaynews.com&mode=artlist&maxrecords=250&format=json&DATE=202410
www.miamitodaynews.com,September 2024,https://api.gdeltproject.org/api/v2/doc/doc?query=domain:www.miamitodaynews.com&mode=artlist&maxrecords=250&format=json&DATE=202409
www.miamitodaynews.com,August 2024,https://api.gdeltproject.org/api/v2/doc/doc?query=domain:www.miamitodaynews.com&mode=artlist&maxrecords=250&format=json&DATE=202408
www.miamitodaynews.com,July 2024,https://api.gdeltproject.org/api/v2/doc/doc?query=domain:www.miamitodaynews.com&mode=artlist&maxrecords=250&format=json&DATE=202407
www.miamitodaynews.com,June 2024,https://api.gdeltproject.org/api/v2/doc/doc?query=domain:www.miamitodaynews.com&mode=artlist&maxrecords=250&format=json&DATE=202406
www.miamitodaynews.com,May 2024,https://api.gdeltproject.org/api/v2/doc/doc?query=domain:www.miamitodaynews.com&mode=artlist&maxrecords=250&format=json&DATE=202405
www.miamitodaynews.com,April 2024,https://api.gdeltproject.org/api/v2/doc/doc?query=domain:www.miamitodaynews.com&mode=artlist&maxrecords=250&format=json&DATE=202404
www.fbnewsleader.com,March 2025,https://api.gdeltproject.org/api/v2/doc/doc?query=domain:www.fbnewsleader.com&mode=artlist&maxrecords=250&format=json&DATE=202503
www.fbnewsleader.com,February 2025,https://api.gdeltproject.org/api/v2/doc/doc?query=domain:www.fbnewsleader.com&mode=artlist&maxrecords=250&format=json&DATE=202502
www.fbnewsleader.com,January 2025,https://api.gdeltproject.org/api/v2/doc/doc?query=domain:www.fbnewsleader.com&mode=artlist&maxrecords=250&format=json&DATE=202501
www.fbnewsleader.com,December 2024,https://api.gdeltproject.org/api/v2/doc/doc?query=domain:www.fbnewsleader.com&mode=artlist&maxrecords=250&format=json&DATE=202412
www.fbnewsleader.com,November 2024,https://api.gdeltproject.org/api/v2/doc/doc?query=domain:www.fbnewsleader.com&mode=artlist&maxrecords=250&format=json&DATE=202411
www.fbnewsleader.com,October 2024,https://api.gdeltproject.org/api/v2/doc/doc?query=domain:www.fbnewsleader.com&mode=artlist&maxrecords=250&format=json&DATE=202410
www.fbnewsleader.com,September 2024,https://api.gdeltproject.org/api/v2/doc/doc?query=domain:www.fbnewsleader.com&mode=artlist&maxrecords=250&format=json&DATE=202409
www.fbnewsleader.com,August 2024,https://api.gdeltproject.org/api/v2/doc/doc?query=domain:www.fbnewsleader.com&mode=artlist&maxrecords=250&format=json&DATE=202408
www.fbnewsleader.com,July 2024,https://api.gdeltproject.org/api/v2/doc/doc?query=domain:www.fbnewsleader.com&mode=artlist&maxrecords=250&format=json&DATE=202407
www.fbnewsleader.com,June 2024,https://api.gdeltproject.org/api/v2/doc/doc?query=domain:www.fbnewsleader.com&mode=artlist&maxrecords=250&format=json&DATE=202406
www.fbnewsleader.com,May 2024,https://api.gdeltproject.org/api/v2/doc/doc?query=domain:www.fbnewsleader.com&mode=artlist&maxrecords=250&format=json&DATE=202405
www.fbnewsleader.com,April 2024,https://api.gdeltproject.org/api/v2/doc/doc?query=domain:www.fbnewsleader.com&mode=artlist&maxrecords=250&format=json&DATE=202404
www.palatkadailynews.com,March 2025,https://api.gdeltproject.org/api/v2/doc/doc?query=domain:www.palatkadailynews.com&mode=artlist&maxrecords=250&format=json&DATE=202503
www.palatkadailynews.com,February 2025,https://api.gdeltproject.org/api/v2/doc/doc?query=domain:www.palatkadailynews.com&mode=artlist&maxrecords=250&format=json&DATE=202502
www.palatkadailynews.com,January 2025,https://api.gdeltproject.org/api/v2/doc/doc?query=domain:www.palatkadailynews.com&mode=artlist&maxrecords=250&format=json&DATE=202501
www.palatkadailynews.com,December 2024,https://api.gdeltproject.org/api/v2/doc/doc?query=domain:www.palatkadailynews.com&mode=artlist&maxrecords=250&format=json&DATE=202412
www.palatkadailynews.com,November 2024,https://api.gdeltproject.org/api/v2/doc/doc?query=domain:www.palatkadailynews.com&mode=artlist&maxrecords=250&format=json&DATE=202411
www.palatkadailynews.com,October 2024,https://api.gdeltproject.org/api/v2/doc/doc?query=domain:www.palatkadailynews.com&mode=artlist&maxrecords=250&format=json&DATE=202410
www.palatkadailynews.com,September 2024,https://api.gdeltproject.org/api/v2/doc/doc?query=domain:www.palatkadailynews.com&mode=artlist&maxrecords=250&format=json&DATE=202409
www.palatkadailynews.com,August 2024,https://api.gdeltproject.org/api/v2/doc/doc?query=domain:www.palatkadailynews.com&mode=artlist&maxrecords=250&format=json&DATE=202408
www.palatkadailynews.com,July 2024,https://api.gdeltproject.org/api/v2/doc/doc?query=domain:www.palatkadailynews.com&mode=artlist&maxrecords=250&format=json&DATE=202407
www.palatkadailynews.com,June 2024,https://api.gdeltproject.org/api/v2/doc/doc?query=domain:www.palatkadailynews.com&mode=artlist&maxrecords=250&format=json&DATE=202406
www.palatkadailynews.com,May 2024,https://api.gdeltproject.org/api/v2/doc/doc?query=domain:www.palatkadailynews.com&mode=artlist&maxrecords=250&format=json&DATE=202405
www.palatkadailynews.com,April 2024,https://api.gdeltproject.org/api/v2/doc/doc?query=domain:www.palatkadailynews.com&mode=artlist&maxrecords=250&format=json&DATE=202404
gotowncrier.com,March 2025,https://api.gdeltproject.org/api/v2/doc/doc?query=domain:gotowncrier.com&mode=artlist&maxrecords=250&format=json&DATE=202503
gotowncrier.com,February 2025,https://api.gdeltproject.org/api/v2/doc/doc?query=domain:gotowncrier.com&mode=artlist&maxrecords=250&format=json&DATE=202502
gotowncrier.com,January 2025,https://api.gdeltproject.org/api/v2/doc/doc?query=domain:gotowncrier.com&mode=artlist&maxrecords=250&format=json&DATE=202501
gotowncrier.com,December 2024,https://api.gdeltproject.org/api/v2/doc/doc?query=domain:gotowncrier.com&mode=artlist&maxrecords=250&format=json&DATE=202412
gotowncrier.com,November 2024,https://api.gdeltproject.org/api/v2/doc/doc?query=domain:gotowncrier.com&mode=artlist&maxrecords=250&format=json&DATE=202411
gotowncrier.com,October 2024,https://api.gdeltproject.org/api/v2/doc/doc?query=domain:gotowncrier.com&mode=artlist&maxrecords=250&format=json&DATE=202410
gotowncrier.com,September 2024,https://api.gdeltproject.org/api/v2/doc/doc?query=domain:gotowncrier.com&mode=artlist&maxrecords=250&format=json&DATE=202409
gotowncrier.com,August 2024,https://api.gdeltproject.org/api/v2/doc/doc?query=domain:gotowncrier.com&mode=artlist&maxrecords=250&format=json&DATE=202408
gotowncrier.com,July 2024,https://api.gdeltproject.org/api/v2/doc/doc?query=domain:gotowncrier.com&mode=artlist&maxrecords=250&format=json&DATE=202407
gotowncrier.com,June 2024,https://api.gdeltproject.org/api/v2/doc/doc?query=domain:gotowncrier.com&mode=artlist&maxrecords=250&format=json&DATE=202406
gotowncrier.com,May 2024,https://api.gdeltproject.org/api/v2/doc/doc?query=domain:gotowncrier.com&mode=artlist&maxrecords=250&format=json&DATE=202405
gotowncrier.com,April 2024,https://api.gdeltproject.org/api/v2/doc/doc?query=domain:gotowncrier.com&mode=artlist&maxrecords=250&format=json&DATE=202404
atlantadailyworld.com,March 2025,https://api.gdeltproject.org/api/v2/doc/doc?query=domain:atlantadailyworld.com&mode=artlist&maxrecords=250&format=json&DATE=202503
atlantadailyworld.com,February 2025,https://api.gdeltproject.org/api/v2/doc/doc?query=domain:atlantadailyworld.com&mode=artlist&maxrecords=250&format=json&DATE=202502
atlantadailyworld.com,January 2025,https://api.gdeltproject.org/api/v2/doc/doc?query=domain:atlantadailyworld.com&mode=artlist&maxrecords=250&format=json&DATE=202501
atlantadailyworld.com,December 2024,https://api.gdeltproject.org/api/v2/doc/doc?query=domain:atlantadailyworld.com&mode=artlist&maxrecords=250&format=json&DATE=202412
atlantadailyworld.com,November 2024,https://api.gdeltproject.org/api/v2/doc/doc?query=domain:atlantadailyworld.com&mode=artlist&maxrecords=250&format=json&DATE=202411
atlantadailyworld.com,October 2024,https://api.gdeltproject.org/api/v2/doc/doc?query=domain:atlantadailyworld.com&mode=artlist&maxrecords=250&format=json&DATE=202410
atlantadailyworld.com,September 2024,https://api.gdeltproject.org/api/v2/doc/doc?query=domain:atlantadailyworld.com&mode=artlist&maxrecords=250&format=json&DATE=202409
atlantadailyworld.com,August 2024,https://api.gdeltproject.org/api/v2/doc/doc?query=domain:atlantadailyworld.com&mode=artlist&maxrecords=250&format=json&DATE=202408
atlantadailyworld.com,July 2024,https://api.gdeltproject.org/api/v2/doc/doc?query=domain:atlantadailyworld.com&mode=artlist&maxrecords=250&format=json&DATE=202407
atlantadailyworld.com,June 2024,https://api.gdeltproject.org/api/v2/doc/doc?query=domain:atlantadailyworld.com&mode=artlist&maxrecords=250&format=json&DATE=202406
atlantadailyworld.com,May 2024,https://api.gdeltproject.org/api/v2/doc/doc?query=domain:atlantadailyworld.com&mode=artlist&maxrecords=250&format=json&DATE=202405
atlantadailyworld.com,April 2024,https://api.gdeltproject.org/api/v2/doc/doc?query=domain:atlantadailyworld.com&mode=artlist&maxrecords=250&format=json&DATE=202404
www.theclaytontribune.com,March 2025,https://api.gdeltproject.org/api/v2/doc/doc?query=domain:www.theclaytontribune.com&mode=artlist&maxrecords=250&format=json&DATE=202503
www.theclaytontribune.com,February 2025,https://api.gdeltproject.org/api/v2/doc/doc?query=domain:www.theclaytontribune.com&mode=artlist&maxrecords=250&format=json&DATE=202502
www.theclaytontribune.com,January 2025,https://api.gdeltproject.org/api/v2/doc/doc?query=domain:www.theclaytontribune.com&mode=artlist&maxrecords=250&format=json&DATE=202501
www.theclaytontribune.com,December 2024,https://api.gdeltproject.org/api/v2/doc/doc?query=domain:www.theclaytontribune.com&mode=artlist&maxrecords=250&format=json&DATE=202412
www.theclaytontribune.com,November 2024,https://api.gdeltproject.org/api/v2/doc/doc?query=domain:www.theclaytontribune.com&mode=artlist&maxrecords=250&format=json&DATE=202411
www.theclaytontribune.com,October 2024,https://api.gdeltproject.org/api/v2/doc/doc?query=domain:www.theclaytontribune.com&mode=artlist&maxrecords=250&format=json&DATE=202410
www.theclaytontribune.com,September 2024,https://api.gdeltproject.org/api/v2/doc/doc?query=domain:www.theclaytontribune.com&mode=artlist&maxrecords=250&format=json&DATE=202409
www.theclaytontribune.com,August 2024,https://api.gdeltproject.org/api/v2/doc/doc?query=domain:www.theclaytontribune.com&mode=artlist&maxrecords=250&format=json&DATE=202408
www.theclaytontribune.com,July 2024,https://api.gdeltproject.org/api/v2/doc/doc?query=domain:www.theclaytontribune.com&mode=artlist&maxrecords=250&format=json&DATE=202407
www.theclaytontribune.com,June 2024,https://api.gdeltproject.org/api/v2/doc/doc?query=domain:www.theclaytontribune.com&mode=artlist&maxrecords=250&format=json&DATE=202406
www.theclaytontribune.com,May 2024,https://api.gdeltproject.org/api/v2/doc/doc?query=domain:www.theclaytontribune.com&mode=artlist&maxrecords=250&format=json&DATE=202405
www.theclaytontribune.com,April 2024,https://api.gdeltproject.org/api/v2/doc/doc?query=domain:www.theclaytontribune.com&mode=artlist&maxrecords=250&format=json&DATE=202404
coastalcourier.com,March 2025,https://api.gdeltproject.org/api/v2/doc/doc?query=domain:coastalcourier.com&mode=artlist&maxrecords=250&format=json&DATE=202503
coastalcourier.com,February 2025,https://api.gdeltproject.org/api/v2/doc/doc?query=domain:coastalcourier.com&mode=artlist&maxrecords=250&format=json&DATE=202502
coastalcourier.com,January 2025,https://api.gdeltproject.org/api/v2/doc/doc?query=domain:coastalcourier.com&mode=artlist&maxrecords=250&format=json&DATE=202501
coastalcourier.com,December 2024,https://api.gdeltproject.org/api/v2/doc/doc?query=domain:coastalcourier.com&mode=artlist&maxrecords=250&format=json&DATE=202412
coastalcourier.com,November 2024,https://api.gdeltproject.org/api/v2/doc/doc?query=domain:coastalcourier.com&mode=artlist&maxrecords=250&format=json&DATE=202411
coastalcourier.com,October 2024,https://api.gdeltproject.org/api/v2/doc/doc?query=domain:coastalcourier.com&mode=artlist&maxrecords=250&format=json&DATE=202410
coastalcourier.com,September 2024,https://api.gdeltproject.org/api/v2/doc/doc?query=domain:coastalcourier.com&mode=artlist&maxrecords=250&format=json&DATE=202409
coastalcourier.com,August 2024,https://api.gdeltproject.org/api/v2/doc/doc?query=domain:coastalcourier.com&mode=artlist&maxrecords=250&format=json&DATE=202408
coastalcourier.com,July 2024,https://api.gdeltproject.org/api/v2/doc/doc?query=domain:coastalcourier.com&mode=artlist&maxrecords=250&format=json&DATE=202407
coastalcourier.com,June 2024,https://api.gdeltproject.org/api/v2/doc/doc?query=domain:coastalcourier.com&mode=artlist&maxrecords=250&format=json&DATE=202406
coastalcourier.com,May 2024,https://api.gdeltproject.org/api/v2/doc/doc?query=domain:coastalcourier.com&mode=artlist&maxrecords=250&format=json&DATE=202405
coastalcourier.com,April 2024,https://api.gdeltproject.org/api/v2/doc/doc?query=domain:coastalcourier.com&mode=artlist&maxrecords=250&format=json&DATE=202404
www.dawsonnews.com,March 2025,https://api.gdeltproject.org/api/v2/doc/doc?query=domain:www.dawsonnews.com&mode=artlist&maxrecords=250&format=json&DATE=202503
www.dawsonnews.com,February 2025,https://api.gdeltproject.org/api/v2/doc/doc?query=domain:www.dawsonnews.com&mode=artlist&maxrecords=250&format=json&DATE=202502
www.dawsonnews.com,January 2025,https://api.gdeltproject.org/api/v2/doc/doc?query=domain:www.dawsonnews.com&mode=artlist&maxrecords=250&format=json&DATE=202501
www.dawsonnews.com,December 2024,https://api.gdeltproject.org/api/v2/doc/doc?query=domain:www.dawsonnews.com&mode=artlist&maxrecords=250&format=json&DATE=202412
www.dawsonnews.com,November 2024,https://api.gdeltproject.org/api/v2/doc/doc?query=domain:www.dawsonnews.com&mode=artlist&maxrecords=250&format=json&DATE=202411
www.dawsonnews.com,October 2024,https://api.gdeltproject.org/api/v2/doc/doc?query=domain:www.dawsonnews.com&mode=artlist&maxrecords=250&format=json&DATE=202410
www.dawsonnews.com,September 2024,https://api.gdeltproject.org/api/v2/doc/doc?query=domain:www.dawsonnews.com&mode=artlist&maxrecords=250&format=json&DATE=202409
www.dawsonnews.com,August 2024,https://api.gdeltproject.org/api/v2/doc/doc?query=domain:www.dawsonnews.com&mode=artlist&maxrecords=250&format=json&DATE=202408
www.dawsonnews.com,July 2024,https://api.gdeltproject.org/api/v2/doc/doc?query=domain:www.dawsonnews.com&mode=artlist&maxrecords=250&format=json&DATE=202407
www.dawsonnews.com,June 2024,https://api.gdeltproject.org/api/v2/doc/doc?query=domain:www.dawsonnews.com&mode=artlist&maxrecords=250&format=json&DATE=202406
www.dawsonnews.com,May 2024,https://api.gdeltproject.org/api/v2/doc/doc?query=domain:www.dawsonnews.com&mode=artlist&maxrecords=250&format=json&DATE=202405
www.dawsonnews.com,April 2024,https://api.gdeltproject.org/api/v2/doc/doc?query=domain:www.dawsonnews.com&mode=artlist&maxrecords=250&format=json&DATE=202404
www.lagrangenews.com,March 2025,https://api.gdeltproject.org/api/v2/doc/doc?query=domain:www.lagrangenews.com&mode=artlist&maxrecords=250&format=json&DATE=202503
www.lagrangenews.com,February 2025,https://api.gdeltproject.org/api/v2/doc/doc?query=domain:www.lagrangenews.com&mode=artlist&maxrecords=250&format=json&DATE=202502
www.lagrangenews.com,January 2025,https://api.gdeltproject.org/api/v2/doc/doc?query=domain:www.lagrangenews.com&mode=artlist&maxrecords=250&format=json&DATE=202501
www.lagrangenews.com,December 2024,https://api.gdeltproject.org/api/v2/doc/doc?query=domain:www.lagrangenews.com&mode=artlist&maxrecords=250&format=json&DATE=202412
www.lagrangenews.com,November 2024,https://api.gdeltproject.org/api/v2/doc/doc?query=domain:www.lagrangenews.com&mode=artlist&maxrecords=250&format=json&DATE=202411
www.lagrangenews.com,October 2024,https://api.gdeltproject.org/api/v2/doc/doc?query=domain:www.lagrangenews.com&mode=artlist&maxrecords=250&format=json&DATE=202410
www.lagrangenews.com,September 2024,https://api.gdeltproject.org/api/v2/doc/doc?query=domain:www.lagrangenews.com&mode=artlist&maxrecords=250&format=json&DATE=202409
www.lagrangenews.com,August 2024,https://api.gdeltproject.org/api/v2/doc/doc?query=domain:www.lagrangenews.com&mode=artlist&maxrecords=250&format=json&DATE=202408
www.lagrangenews.com,July 2024,https://api.gdeltproject.org/api/v2/doc/doc?query=domain:www.lagrangenews.com&mode=artlist&maxrecords=250&format=json&DATE=202407
www.lagrangenews.com,June 2024,https://api.gdeltproject.org/api/v2/doc/doc?query=domain:www.lagrangenews.com&mode=artlist&maxrecords=250&format=json&DATE=202406
www.lagrangenews.com,May 2024,https://api.gdeltproject.org/api/v2/doc/doc?query=domain:www.lagrangenews.com&mode=artlist&maxrecords=250&format=json&DATE=202405
www.lagrangenews.com,April 2024,https://api.gdeltproject.org/api/v2/doc/doc?query=domain:www.lagrangenews.com&mode=artlist&maxrecords=250&format=json&DATE=202404
www.thepostsearchlight.com,March 2025,https://api.gdeltproject.org/api/v2/doc/doc?query=domain:www.thepostsearchlight.com&mode=artlist&maxrecords=250&format=json&DATE=202503
www.thepostsearchlight.com,February 2025,https://api.gdeltproject.org/api/v2/doc/doc?query=domain:www.thepostsearchlight.com&mode=artlist&maxrecords=250&format=json&DATE=202502
www.thepostsearchlight.com,January 2025,https://api.gdeltproject.org/api/v2/doc/doc?query=domain:www.thepostsearchlight.com&mode=artlist&maxrecords=250&format=json&DATE=202501
www.thepostsearchlight.com,December 2024,https://api.gdeltproject.org/api/v2/doc/doc?query=domain:www.thepostsearchlight.com&mode=artlist&maxrecords=250&format=json&DATE=202412
www.thepostsearchlight.com,November 2024,https://api.gdeltproject.org/api/v2/doc/doc?query=domain:www.thepostsearchlight.com&mode=artlist&maxrecords=250&format=json&DATE=202411
www.thepostsearchlight.com,October 2024,https://api.gdeltproject.org/api/v2/doc/doc?query=domain:www.thepostsearchlight.com&mode=artlist&maxrecords=250&format=json&DATE=202410
www.thepostsearchlight.com,September 2024,https://api.gdeltproject.org/api/v2/doc/doc?query=domain:www.thepostsearchlight.com&mode=artlist&maxrecords=250&format=json&DATE=202409
www.thepostsearchlight.com,August 2024,https://api.gdeltproject.org/api/v2/doc/doc?query=domain:www.thepostsearchlight.com&mode=artlist&maxrecords=250&format=json&DATE=202408
www.thepostsearchlight.com,July 2024,https://api.gdeltproject.org/api/v2/doc/doc?query=domain:www.thepostsearchlight.com&mode=artlist&maxrecords=250&format=json&DATE=202407
www.thepostsearchlight.com,June 2024,https://api.gdeltproject.org/api/v2/doc/doc?query=domain:www.thepostsearchlight.com&mode=artlist&maxrecords=250&format=json&DATE=202406
www.thepostsearchlight.com,May 2024,https://api.gdeltproject.org/api/v2/doc/doc?query=domain:www.thepostsearchlight.com&mode=artlist&maxrecords=250&format=json&DATE=202405
www.thepostsearchlight.com,April 2024,https://api.gdeltproject.org/api/v2/doc/doc?query=domain:www.thepostsearchlight.com&mode=artlist&maxrecords=250&format=json&DATE=202404
www.statesboroherald.com,March 2025,https://api.gdeltproject.org/api/v2/doc/doc?query=domain:www.statesboroherald.com&mode=artlist&maxrecords=250&format=json&DATE=202503
www.statesboroherald.com,February 2025,https://api.gdeltproject.org/api/v2/doc/doc?query=domain:www.statesboroherald.com&mode=artlist&maxrecords=250&format=json&DATE=202502
www.statesboroherald.com,January 2025,https://api.gdeltproject.org/api/v2/doc/doc?query=domain:www.statesboroherald.com&mode=artlist&maxrecords=250&format=json&DATE=202501
www.statesboroherald.com,December 2024,https://api.gdeltproject.org/api/v2/doc/doc?query=domain:www.statesboroherald.com&mode=artlist&maxrecords=250&format=json&DATE=202412
www.statesboroherald.com,November 2024,https://api.gdeltproject.org/api/v2/doc/doc?query=domain:www.statesboroherald.com&mode=artlist&maxrecords=250&format=json&DATE=202411
www.statesboroherald.com,October 2024,https://api.gdeltproject.org/api/v2/doc/doc?query=domain:www.statesboroherald.com&mode=artlist&maxrecords=250&format=json&DATE=202410
www.statesboroherald.com,September 2024,https://api.gdeltproject.org/api/v2/doc/doc?query=domain:www.statesboroherald.com&mode=artlist&maxrecords=250&format=json&DATE=202409
www.statesboroherald.com,August 2024,https://api.gdeltproject.org/api/v2/doc/doc?query=domain:www.statesboroherald.com&mode=artlist&maxrecords=250&format=json&DATE=202408
www.statesboroherald.com,July 2024,https://api.gdeltproject.org/api/v2/doc/doc?query=domain:www.statesboroherald.com&mode=artlist&maxrecords=250&format=json&DATE=202407
www.statesboroherald.com,June 2024,https://api.gdeltproject.org/api/v2/doc/doc?query=domain:www.statesboroherald.com&mode=artlist&maxrecords=250&format=json&DATE=202406
www.statesboroherald.com,May 2024,https://api.gdeltproject.org/api/v2/doc/doc?query=domain:www.statesboroherald.com&mode=artlist&maxrecords=250&format=json&DATE=202405
www.statesboroherald.com,April 2024,https://api.gdeltproject.org/api/v2/doc/doc?query=domain:www.statesboroherald.com&mode=artlist&maxrecords=250&format=json&DATE=202404
www.timescourier.com,March 2025,https://api.gdeltproject.org/api/v2/doc/doc?query=domain:www.timescourier.com&mode=artlist&maxrecords=250&format=json&DATE=202503
www.timescourier.com,February 2025,https://api.gdeltproject.org/api/v2/doc/doc?query=domain:www.timescourier.com&mode=artlist&maxrecords=250&format=json&DATE=202502
www.timescourier.com,January 2025,https://api.gdeltproject.org/api/v2/doc/doc?query=domain:www.timescourier.com&mode=artlist&maxrecords=250&format=json&DATE=202501
www.timescourier.com,December 2024,https://api.gdeltproject.org/api/v2/doc/doc?query=domain:www.timescourier.com&mode=artlist&maxrecords=250&format=json&DATE=202412
www.timescourier.com,November 2024,https://api.gdeltproject.org/api/v2/doc/doc?query=domain:www.timescourier.com&mode=artlist&maxrecords=250&format=json&DATE=202411
www.timescourier.com,October 2024,https://api.gdeltproject.org/api/v2/doc/doc?query=domain:www.timescourier.com&mode=artlist&maxrecords=250&format=json&DATE=202410
www.timescourier.com,September 2024,https://api.gdeltproject.org/api/v2/doc/doc?query=domain:www.timescourier.com&mode=artlist&maxrecords=250&format=json&DATE=202409
www.timescourier.com,August 2024,https://api.gdeltproject.org/api/v2/doc/doc?query=domain:www.timescourier.com&mode=artlist&maxrecords=250&format=json&DATE=202408
www.timescourier.com,July 2024,https://api.gdeltproject.org/api/v2/doc/doc?query=domain:www.timescourier.com&mode=artlist&maxrecords=250&format=json&DATE=202407
www.timescourier.com,June 2024,https://api.gdeltproject.org/api/v2/doc/doc?query=domain:www.timescourier.com&mode=artlist&maxrecords=250&format=json&DATE=202406
www.timescourier.com,May 2024,https://api.gdeltproject.org/api/v2/doc/doc?query=domain:www.timescourier.com&mode=artlist&maxrecords=250&format=json&DATE=202405
www.timescourier.com,April 2024,https://api.gdeltproject.org/api/v2/doc/doc?query=domain:www.timescourier.com&mode=artlist&maxrecords=250&format=json&DATE=202404
www.tribune-georgian.com,March 2025,https://api.gdeltproject.org/api/v2/doc/doc?query=domain:www.tribune-georgian.com&mode=artlist&maxrecords=250&format=json&DATE=202503
www.tribune-georgian.com,February 2025,https://api.gdeltproject.org/api/v2/doc/doc?query=domain:www.tribune-georgian.com&mode=artlist&maxrecords=250&format=json&DATE=202502
www.tribune-georgian.com,January 2025,https://api.gdeltproject.org/api/v2/doc/doc?query=domain:www.tribune-georgian.com&mode=artlist&maxrecords=250&format=json&DATE=202501
www.tribune-georgian.com,December 2024,https://api.gdeltproject.org/api/v2/doc/doc?query=domain:www.tribune-georgian.com&mode=artlist&maxrecords=250&format=json&DATE=202412
www.tribune-georgian.com,November 2024,https://api.gdeltproject.org/api/v2/doc/doc?query=domain:www.tribune-georgian.com&mode=artlist&maxrecords=250&format=json&DATE=202411
www.tribune-georgian.com,October 2024,https://api.gdeltproject.org/api/v2/doc/doc?query=domain:www.tribune-georgian.com&mode=artlist&maxrecords=250&format=json&DATE=202410
www.tribune-georgian.com,September 2024,https://api.gdeltproject.org/api/v2/doc/doc?query=domain:www.tribune-georgian.com&mode=artlist&maxrecords=250&format=json&DATE=202409
www.tribune-georgian.com,August 2024,https://api.gdeltproject.org/api/v2/doc/doc?query=domain:www.tribune-georgian.com&mode=artlist&maxrecords=250&format=json&DATE=202408
www.tribune-georgian.com,July 2024,https://api.gdeltproject.org/api/v2/doc/doc?query=domain:www.tribune-georgian.com&mode=artlist&maxrecords=250&format=json&DATE=202407
www.tribune-georgian.com,June 2024,https://api.gdeltproject.org/api/v2/doc/doc?query=domain:www.tribune-georgian.com&mode=artlist&maxrecords=250&format=json&DATE=202406
www.tribune-georgian.com,May 2024,https://api.gdeltproject.org/api/v2/doc/doc?query=domain:www.tribune-georgian.com&mode=artlist&maxrecords=250&format=json&DATE=202405
www.tribune-georgian.com,April 2024,https://api.gdeltproject.org/api/v2/doc/doc?query=domain:www.tribune-georgian.com&mode=artlist&maxrecords=250&format=json&DATE=202404
www.westhawaiitoday.com,March 2025,https://api.gdeltproject.org/api/v2/doc/doc?query=domain:www.westhawaiitoday.com&mode=artlist&maxrecords=250&format=json&DATE=202503
www.westhawaiitoday.com,February 2025,https://api.gdeltproject.org/api/v2/doc/doc?query=domain:www.westhawaiitoday.com&mode=artlist&maxrecords=250&format=json&DATE=202502
www.westhawaiitoday.com,January 2025,https://api.gdeltproject.org/api/v2/doc/doc?query=domain:www.westhawaiitoday.com&mode=artlist&maxrecords=250&format=json&DATE=202501
www.westhawaiitoday.com,December 2024,https://api.gdeltproject.org/api/v2/doc/doc?query=domain:www.westhawaiitoday.com&mode=artlist&maxrecords=250&format=json&DATE=202412
www.westhawaiitoday.com,November 2024,https://api.gdeltproject.org/api/v2/doc/doc?query=domain:www.westhawaiitoday.com&mode=artlist&maxrecords=250&format=json&DATE=202411
www.westhawaiitoday.com,October 2024,https://api.gdeltproject.org/api/v2/doc/doc?query=domain:www.westhawaiitoday.com&mode=artlist&maxrecords=250&format=json&DATE=202410
www.westhawaiitoday.com,September 2024,https://api.gdeltproject.org/api/v2/doc/doc?query=domain:www.westhawaiitoday.com&mode=artlist&maxrecords=250&format=json&DATE=202409
www.westhawaiitoday.com,August 2024,https://api.gdeltproject.org/api/v2/doc/doc?query=domain:www.westhawaiitoday.com&mode=artlist&maxrecords=250&format=json&DATE=202408
www.westhawaiitoday.com,July 2024,https://api.gdeltproject.org/api/v2/doc/doc?query=domain:www.westhawaiitoday.com&mode=artlist&maxrecords=250&format=json&DATE=202407
www.westhawaiitoday.com,June 2024,https://api.gdeltproject.org/api/v2/doc/doc?query=domain:www.westhawaiitoday.com&mode=artlist&maxrecords=250&format=json&DATE=202406
www.westhawaiitoday.com,May 2024,https://api.gdeltproject.org/api/v2/doc/doc?query=domain:www.westhawaiitoday.com&mode=artlist&maxrecords=250&format=json&DATE=202405
www.westhawaiitoday.com,April 2024,https://api.gdeltproject.org/api/v2/doc/doc?query=domain:www.westhawaiitoday.com&mode=artlist&maxrecords=250&format=json&DATE=202404
chicago.suntimes.com,March 2025,https://api.gdeltproject.org/api/v2/doc/doc?query=domain:chicago.suntimes.com&mode=artlist&maxrecords=250&format=json&DATE=202503
chicago.suntimes.com,February 2025,https://api.gdeltproject.org/api/v2/doc/doc?query=domain:chicago.suntimes.com&mode=artlist&maxrecords=250&format=json&DATE=202502
chicago.suntimes.com,January 2025,https://api.gdeltproject.org/api/v2/doc/doc?query=domain:chicago.suntimes.com&mode=artlist&maxrecords=250&format=json&DATE=202501
chicago.suntimes.com,December 2024,https://api.gdeltproject.org/api/v2/doc/doc?query=domain:chicago.suntimes.com&mode=artlist&maxrecords=250&format=json&DATE=202412
chicago.suntimes.com,November 2024,https://api.gdeltproject.org/api/v2/doc/doc?query=domain:chicago.suntimes.com&mode=artlist&maxrecords=250&format=json&DATE=202411
chicago.suntimes.com,October 2024,https://api.gdeltproject.org/api/v2/doc/doc?query=domain:chicago.suntimes.com&mode=artlist&maxrecords=250&format=json&DATE=202410
chicago.suntimes.com,September 2024,https://api.gdeltproject.org/api/v2/doc/doc?query=domain:chicago.suntimes.com&mode=artlist&maxrecords=250&format=json&DATE=202409
chicago.suntimes.com,August 2024,https://api.gdeltproject.org/api/v2/doc/doc?query=domain:chicago.suntimes.com&mode=artlist&maxrecords=250&format=json&DATE=202408
chicago.suntimes.com,July 2024,https://api.gdeltproject.org/api/v2/doc/doc?query=domain:chicago.suntimes.com&mode=artlist&maxrecords=250&format=json&DATE=202407
chicago.suntimes.com,June 2024,https://api.gdeltproject.org/api/v2/doc/doc?query=domain:chicago.suntimes.com&mode=artlist&maxrecords=250&format=json&DATE=202406
chicago.suntimes.com,May 2024,https://api.gdeltproject.org/api/v2/doc/doc?query=domain:chicago.suntimes.com&mode=artlist&maxrecords=250&format=json&DATE=202405
chicago.suntimes.com,April 2024,https://api.gdeltproject.org/api/v2/doc/doc?query=domain:chicago.suntimes.com&mode=artlist&maxrecords=250&format=json&DATE=202404
www.dailyherald.com,March 2025,https://api.gdeltproject.org/api/v2/doc/doc?query=domain:www.dailyherald.com&mode=artlist&maxrecords=250&format=json&DATE=202503
www.dailyherald.com,February 2025,https://api.gdeltproject.org/api/v2/doc/doc?query=domain:www.dailyherald.com&mode=artlist&maxrecords=250&format=json&DATE=202502
www.dailyherald.com,January 2025,https://api.gdeltproject.org/api/v2/doc/doc?query=domain:www.dailyherald.com&mode=artlist&maxrecords=250&format=json&DATE=202501
www.dailyherald.com,December 2024,https://api.gdeltproject.org/api/v2/doc/doc?query=domain:www.dailyherald.com&mode=artlist&maxrecords=250&format=json&DATE=202412
www.dailyherald.com,November 2024,https://api.gdeltproject.org/api/v2/doc/doc?query=domain:www.dailyherald.com&mode=artlist&maxrecords=250&format=json&DATE=202411
www.dailyherald.com,October 2024,https://api.gdeltproject.org/api/v2/doc/doc?query=domain:www.dailyherald.com&mode=artlist&maxrecords=250&format=json&DATE=202410
www.dailyherald.com,September 2024,https://api.gdeltproject.org/api/v2/doc/doc?query=domain:www.dailyherald.com&mode=artlist&maxrecords=250&format=json&DATE=202409
www.dailyherald.com,August 2024,https://api.gdeltproject.org/api/v2/doc/doc?query=domain:www.dailyherald.com&mode=artlist&maxrecords=250&format=json&DATE=202408
www.dailyherald.com,July 2024,https://api.gdeltproject.org/api/v2/doc/doc?query=domain:www.dailyherald.com&mode=artlist&maxrecords=250&format=json&DATE=202407
www.dailyherald.com,June 2024,https://api.gdeltproject.org/api/v2/doc/doc?query=domain:www.dailyherald.com&mode=artlist&maxrecords=250&format=json&DATE=202406
www.dailyherald.com,May 2024,https://api.gdeltproject.org/api/v2/doc/doc?query=domain:www.dailyherald.com&mode=artlist&maxrecords=250&format=json&DATE=202405
www.dailyherald.com,April 2024,https://api.gdeltproject.org/api/v2/doc/doc?query=domain:www.dailyherald.com&mode=artlist&maxrecords=250&format=json&DATE=202404
www.reviewatlas.com,March 2025,https://api.gdeltproject.org/api/v2/doc/doc?query=domain:www.reviewatlas.com&mode=artlist&maxrecords=250&format=json&DATE=202503
www.reviewatlas.com,February 2025,https://api.gdeltproject.org/api/v2/doc/doc?query=domain:www.reviewatlas.com&mode=artlist&maxrecords=250&format=json&DATE=202502
www.reviewatlas.com,January 2025,https://api.gdeltproject.org/api/v2/doc/doc?query=domain:www.reviewatlas.com&mode=artlist&maxrecords=250&format=json&DATE=202501
www.reviewatlas.com,December 2024,https://api.gdeltproject.org/api/v2/doc/doc?query=domain:www.reviewatlas.com&mode=artlist&maxrecords=250&format=json&DATE=202412
www.reviewatlas.com,November 2024,https://api.gdeltproject.org/api/v2/doc/doc?query=domain:www.reviewatlas.com&mode=artlist&maxrecords=250&format=json&DATE=202411
www.reviewatlas.com,October 2024,https://api.gdeltproject.org/api/v2/doc/doc?query=domain:www.reviewatlas.com&mode=artlist&maxrecords=250&format=json&DATE=202410
www.reviewatlas.com,September 2024,https://api.gdeltproject.org/api/v2/doc/doc?query=domain:www.reviewatlas.com&mode=artlist&maxrecords=250&format=json&DATE=202409
www.reviewatlas.com,August 2024,https://api.gdeltproject.org/api/v2/doc/doc?query=domain:www.reviewatlas.com&mode=artlist&maxrecords=250&format=json&DATE=202408
www.reviewatlas.com,July 2024,https://api.gdeltproject.org/api/v2/doc/doc?query=domain:www.reviewatlas.com&mode=artlist&maxrecords=250&format=json&DATE=202407
www.reviewatlas.com,June 2024,https://api.gdeltproject.org/api/v2/doc/doc?query=domain:www.reviewatlas.com&mode=artlist&maxrecords=250&format=json&DATE=202406
www.reviewatlas.com,May 2024,https://api.gdeltproject.org/api/v2/doc/doc?query=domain:www.reviewatlas.com&mode=artlist&maxrecords=250&format=json&DATE=202405
www.reviewatlas.com,April 2024,https://api.gdeltproject.org/api/v2/doc/doc?query=domain:www.reviewatlas.com&mode=artlist&maxrecords=250&format=json&DATE=202404
www.pjstar.com,March 2025,https://api.gdeltproject.org/api/v2/doc/doc?query=domain:www.pjstar.com&mode=artlist&maxrecords=250&format=json&DATE=202503
www.pjstar.com,February 2025,https://api.gdeltproject.org/api/v2/doc/doc?query=domain:www.pjstar.com&mode=artlist&maxrecords=250&format=json&DATE=202502
www.pjstar.com,January 2025,https://api.gdeltproject.org/api/v2/doc/doc?query=domain:www.pjstar.com&mode=artlist&maxrecords=250&format=json&DATE=202501
www.pjstar.com,December 2024,https://api.gdeltproject.org/api/v2/doc/doc?query=domain:www.pjstar.com&mode=artlist&maxrecords=250&format=json&DATE=202412
www.pjstar.com,November 2024,https://api.gdeltproject.org/api/v2/doc/doc?query=domain:www.pjstar.com&mode=artlist&maxrecords=250&format=json&DATE=202411
www.pjstar.com,October 2024,https://api.gdeltproject.org/api/v2/doc/doc?query=domain:www.pjstar.com&mode=artlist&maxrecords=250&format=json&DATE=202410
www.pjstar.com,September 2024,https://api.gdeltproject.org/api/v2/doc/doc?query=domain:www.pjstar.com&mode=artlist&maxrecords=250&format=json&DATE=202409
www.pjstar.com,August 2024,https://api.gdeltproject.org/api/v2/doc/doc?query=domain:www.pjstar.com&mode=artlist&maxrecords=250&format=json&DATE=202408
www.pjstar.com,July 2024,https://api.gdeltproject.org/api/v2/doc/doc?query=domain:www.pjstar.com&mode=artlist&maxrecords=250&format=json&DATE=202407
www.pjstar.com,June 2024,https://api.gdeltproject.org/api/v2/doc/doc?query=domain:www.pjstar.com&mode=artlist&maxrecords=250&format=json&DATE=202406
www.pjstar.com,May 2024,https://api.gdeltproject.org/api/v2/doc/doc?query=domain:www.pjstar.com&mode=artlist&maxrecords=250&format=json&DATE=202405
www.pjstar.com,April 2024,https://api.gdeltproject.org/api/v2/doc/doc?query=domain:www.pjstar.com&mode=artlist&maxrecords=250&format=json&DATE=202404
www.journalstandard.com,March 2025,https://api.gdeltproject.org/api/v2/doc/doc?query=domain:www.journalstandard.com&mode=artlist&maxrecords=250&format=json&DATE=202503
www.journalstandard.com,February 2025,https://api.gdeltproject.org/api/v2/doc/doc?query=domain:www.journalstandard.com&mode=artlist&maxrecords=250&format=json&DATE=202502
www.journalstandard.com,January 2025,https://api.gdeltproject.org/api/v2/doc/doc?query=domain:www.journalstandard.com&mode=artlist&maxrecords=250&format=json&DATE=202501
www.journalstandard.com,December 2024,https://api.gdeltproject.org/api/v2/doc/doc?query=domain:www.journalstandard.com&mode=artlist&maxrecords=250&format=json&DATE=202412
www.journalstandard.com,November 2024,https://api.gdeltproject.org/api/v2/doc/doc?query=domain:www.journalstandard.com&mode=artlist&maxrecords=250&format=json&DATE=202411
www.journalstandard.com,October 2024,https://api.gdeltproject.org/api/v2/doc/doc?query=domain:www.journalstandard.com&mode=artlist&maxrecords=250&format=json&DATE=202410
www.journalstandard.com,September 2024,https://api.gdeltproject.org/api/v2/doc/doc?query=domain:www.journalstandard.com&mode=artlist&maxrecords=250&format=json&DATE=202409
www.journalstandard.com,August 2024,https://api.gdeltproject.org/api/v2/doc/doc?query=domain:www.journalstandard.com&mode=artlist&maxrecords=250&format=json&DATE=202408
www.journalstandard.com,July 2024,https://api.gdeltproject.org/api/v2/doc/doc?query=domain:www.journalstandard.com&mode=artlist&maxrecords=250&format=json&DATE=202407
www.journalstandard.com,June 2024,https://api.gdeltproject.org/api/v2/doc/doc?query=domain:www.journalstandard.com&mode=artlist&maxrecords=250&format=json&DATE=202406
www.journalstandard.com,May 2024,https://api.gdeltproject.org/api/v2/doc/doc?query=domain:www.journalstandard.com&mode=artlist&maxrecords=250&format=json&DATE=202405
www.journalstandard.com,April 2024,https://api.gdeltproject.org/api/v2/doc/doc?query=domain:www.journalstandard.com&mode=artlist&maxrecords=250&format=json&DATE=202404
www.laraza.com,March 2025,https://api.gdeltproject.org/api/v2/doc/doc?query=domain:www.laraza.com&mode=artlist&maxrecords=250&format=json&DATE=202503
www.laraza.com,February 2025,https://api.gdeltproject.org/api/v2/doc/doc?query=domain:www.laraza.com&mode=artlist&maxrecords=250&format=json&DATE=202502
www.laraza.com,January 2025,https://api.gdeltproject.org/api/v2/doc/doc?query=domain:www.laraza.com&mode=artlist&maxrecords=250&format=json&DATE=202501
www.laraza.com,December 2024,https://api.gdeltproject.org/api/v2/doc/doc?query=domain:www.laraza.com&mode=artlist&maxrecords=250&format=json&DATE=202412
www.laraza.com,November 2024,https://api.gdeltproject.org/api/v2/doc/doc?query=domain:www.laraza.com&mode=artlist&maxrecords=250&format=json&DATE=202411
www.laraza.com,October 2024,https://api.gdeltproject.org/api/v2/doc/doc?query=domain:www.laraza.com&mode=artlist&maxrecords=250&format=json&DATE=202410
www.laraza.com,September 2024,https://api.gdeltproject.org/api/v2/doc/doc?query=domain:www.laraza.com&mode=artlist&maxrecords=250&format=json&DATE=202409
www.laraza.com,August 2024,https://api.gdeltproject.org/api/v2/doc/doc?query=domain:www.laraza.com&mode=artlist&maxrecords=250&format=json&DATE=202408
www.laraza.com,July 2024,https://api.gdeltproject.org/api/v2/doc/doc?query=domain:www.laraza.com&mode=artlist&maxrecords=250&format=json&DATE=202407
www.laraza.com,June 2024,https://api.gdeltproject.org/api/v2/doc/doc?query=domain:www.laraza.com&mode=artlist&maxrecords=250&format=json&DATE=202406
www.laraza.com,May 2024,https://api.gdeltproject.org/api/v2/doc/doc?query=domain:www.laraza.com&mode=artlist&maxrecords=250&format=json&DATE=202405
www.laraza.com,April 2024,https://api.gdeltproject.org/api/v2/doc/doc?query=domain:www.laraza.com&mode=artlist&maxrecords=250&format=json&DATE=202404
newsprogress.com,March 2025,https://api.gdeltproject.org/api/v2/doc/doc?query=domain:newsprogress.com&mode=artlist&maxrecords=250&format=json&DATE=202503
newsprogress.com,February 2025,https://api.gdeltproject.org/api/v2/doc/doc?query=domain:newsprogress.com&mode=artlist&maxrecords=250&format=json&DATE=202502
newsprogress.com,January 2025,https://api.gdeltproject.org/api/v2/doc/doc?query=domain:newsprogress.com&mode=artlist&maxrecords=250&format=json&DATE=202501
newsprogress.com,December 2024,https://api.gdeltproject.org/api/v2/doc/doc?query=domain:newsprogress.com&mode=artlist&maxrecords=250&format=json&DATE=202412
newsprogress.com,November 2024,https://api.gdeltproject.org/api/v2/doc/doc?query=domain:newsprogress.com&mode=artlist&maxrecords=250&format=json&DATE=202411
newsprogress.com,October 2024,https://api.gdeltproject.org/api/v2/doc/doc?query=domain:newsprogress.com&mode=artlist&maxrecords=250&format=json&DATE=202410
newsprogress.com,September 2024,https://api.gdeltproject.org/api/v2/doc/doc?query=domain:newsprogress.com&mode=artlist&maxrecords=250&format=json&DATE=202409
newsprogress.com,August 2024,https://api.gdeltproject.org/api/v2/doc/doc?query=domain:newsprogress.com&mode=artlist&maxrecords=250&format=json&DATE=202408
newsprogress.com,July 2024,https://api.gdeltproject.org/api/v2/doc/doc?query=domain:newsprogress.com&mode=artlist&maxrecords=250&format=json&DATE=202407
newsprogress.com,June 2024,https://api.gdeltproject.org/api/v2/doc/doc?query=domain:newsprogress.com&mode=artlist&maxrecords=250&format=json&DATE=202406
newsprogress.com,May 2024,https://api.gdeltproject.org/api/v2/doc/doc?query=domain:newsprogress.com&mode=artlist&maxrecords=250&format=json&DATE=202405
newsprogress.com,April 2024,https://api.gdeltproject.org/api/v2/doc/doc?query=domain:newsprogress.com&mode=artlist&maxrecords=250&format=json&DATE=202404
www.pekintimes.com,March 2025,https://api.gdeltproject.org/api/v2/doc/doc?query=domain:www.pekintimes.com&mode=artlist&maxrecords=250&format=json&DATE=202503
www.pekintimes.com,February 2025,https://api.gdeltproject.org/api/v2/doc/doc?query=domain:www.pekintimes.com&mode=artlist&maxrecords=250&format=json&DATE=202502
www.pekintimes.com,January 2025,https://api.gdeltproject.org/api/v2/doc/doc?query=domain:www.pekintimes.com&mode=artlist&maxrecords=250&format=json&DATE=202501
www.pekintimes.com,December 2024,https://api.gdeltproject.org/api/v2/doc/doc?query=domain:www.pekintimes.com&mode=artlist&maxrecords=250&format=json&DATE=202412
www.pekintimes.com,November 2024,https://api.gdeltproject.org/api/v2/doc/doc?query=domain:www.pekintimes.com&mode=artlist&maxrecords=250&format=json&DATE=202411
www.pekintimes.com,October 2024,https://api.gdeltproject.org/api/v2/doc/doc?query=domain:www.pekintimes.com&mode=artlist&maxrecords=250&format=json&DATE=202410
www.pekintimes.com,September 2024,https://api.gdeltproject.org/api/v2/doc/doc?query=domain:www.pekintimes.com&mode=artlist&maxrecords=250&format=json&DATE=202409
www.pekintimes.com,August 2024,https://api.gdeltproject.org/api/v2/doc/doc?query=domain:www.pekintimes.com&mode=artlist&maxrecords=250&format=json&DATE=202408
www.pekintimes.com,July 2024,https://api.gdeltproject.org/api/v2/doc/doc?query=domain:www.pekintimes.com&mode=artlist&maxrecords=250&format=json&DATE=202407
www.pekintimes.com,June 2024,https://api.gdeltproject.org/api/v2/doc/doc?query=domain:www.pekintimes.com&mode=artlist&maxrecords=250&format=json&DATE=202406
www.pekintimes.com,May 2024,https://api.gdeltproject.org/api/v2/doc/doc?query=domain:www.pekintimes.com&mode=artlist&maxrecords=250&format=json&DATE=202405
www.pekintimes.com,April 2024,https://api.gdeltproject.org/api/v2/doc/doc?query=domain:www.pekintimes.com&mode=artlist&maxrecords=250&format=json&DATE=202404
www.rrstar.com,March 2025,https://api.gdeltproject.org/api/v2/doc/doc?query=domain:www.rrstar.com&mode=artlist&maxrecords=250&format=json&DATE=202503
www.rrstar.com,February 2025,https://api.gdeltproject.org/api/v2/doc/doc?query=domain:www.rrstar.com&mode=artlist&maxrecords=250&format=json&DATE=202502
www.rrstar.com,January 2025,https://api.gdeltproject.org/api/v2/doc/doc?query=domain:www.rrstar.com&mode=artlist&maxrecords=250&format=json&DATE=202501
www.rrstar.com,December 2024,https://api.gdeltproject.org/api/v2/doc/doc?query=domain:www.rrstar.com&mode=artlist&maxrecords=250&format=json&DATE=202412
www.rrstar.com,November 2024,https://api.gdeltproject.org/api/v2/doc/doc?query=domain:www.rrstar.com&mode=artlist&maxrecords=250&format=json&DATE=202411
www.rrstar.com,October 2024,https://api.gdeltproject.org/api/v2/doc/doc?query=domain:www.rrstar.com&mode=artlist&maxrecords=250&format=json&DATE=202410
www.rrstar.com,September 2024,https://api.gdeltproject.org/api/v2/doc/doc?query=domain:www.rrstar.com&mode=artlist&maxrecords=250&format=json&DATE=202409
www.rrstar.com,August 2024,https://api.gdeltproject.org/api/v2/doc/doc?query=domain:www.rrstar.com&mode=artlist&maxrecords=250&format=json&DATE=202408
www.rrstar.com,July 2024,https://api.gdeltproject.org/api/v2/doc/doc?query=domain:www.rrstar.com&mode=artlist&maxrecords=250&format=json&DATE=202407
www.rrstar.com,June 2024,https://api.gdeltproject.org/api/v2/doc/doc?query=domain:www.rrstar.com&mode=artlist&maxrecords=250&format=json&DATE=202406
www.rrstar.com,May 2024,https://api.gdeltproject.org/api/v2/doc/doc?query=domain:www.rrstar.com&mode=artlist&maxrecords=250&format=json&DATE=202405
www.rrstar.com,April 2024,https://api.gdeltproject.org/api/v2/doc/doc?query=domain:www.rrstar.com&mode=artlist&maxrecords=250&format=json&DATE=202404
www.sj-r.com,March 2025,https://api.gdeltproject.org/api/v2/doc/doc?query=domain:www.sj-r.com&mode=artlist&maxrecords=250&format=json&DATE=202503
www.sj-r.com,February 2025,https://api.gdeltproject.org/api/v2/doc/doc?query=domain:www.sj-r.com&mode=artlist&maxrecords=250&format=json&DATE=202502
www.sj-r.com,January 2025,https://api.gdeltproject.org/api/v2/doc/doc?query=domain:www.sj-r.com&mode=artlist&maxrecords=250&format=json&DATE=202501
www.sj-r.com,December 2024,https://api.gdeltproject.org/api/v2/doc/doc?query=domain:www.sj-r.com&mode=artlist&maxrecords=250&format=json&DATE=202412
www.sj-r.com,November 2024,https://api.gdeltproject.org/api/v2/doc/doc?query=domain:www.sj-r.com&mode=artlist&maxrecords=250&format=json&DATE=202411
www.sj-r.com,October 2024,https://api.gdeltproject.org/api/v2/doc/doc?query=domain:www.sj-r.com&mode=artlist&maxrecords=250&format=json&DATE=202410
www.sj-r.com,September 2024,https://api.gdeltproject.org/api/v2/doc/doc?query=domain:www.sj-r.com&mode=artlist&maxrecords=250&format=json&DATE=202409
www.sj-r.com,August 2024,https://api.gdeltproject.org/api/v2/doc/doc?query=domain:www.sj-r.com&mode=artlist&maxrecords=250&format=json&DATE=202408
www.sj-r.com,July 2024,https://api.gdeltproject.org/api/v2/doc/doc?query=domain:www.sj-r.com&mode=artlist&maxrecords=250&format=json&DATE=202407
www.sj-r.com,June 2024,https://api.gdeltproject.org/api/v2/doc/doc?query=domain:www.sj-r.com&mode=artlist&maxrecords=250&format=json&DATE=202406
www.sj-r.com,May 2024,https://api.gdeltproject.org/api/v2/doc/doc?query=domain:www.sj-r.com&mode=artlist&maxrecords=250&format=json&DATE=202405
www.sj-r.com,April 2024,https://api.gdeltproject.org/api/v2/doc/doc?query=domain:www.sj-r.com&mode=artlist&maxrecords=250&format=json&DATE=202404
www.therepublic.com,March 2025,https://api.gdeltproject.org/api/v2/doc/doc?query=domain:www.therepublic.com&mode=artlist&maxrecords=250&format=json&DATE=202503
www.therepublic.com,February 2025,https://api.gdeltproject.org/api/v2/doc/doc?query=domain:www.therepublic.com&mode=artlist&maxrecords=250&format=json&DATE=202502
www.therepublic.com,January 2025,https://api.gdeltproject.org/api/v2/doc/doc?query=domain:www.therepublic.com&mode=artlist&maxrecords=250&format=json&DATE=202501
www.therepublic.com,December 2024,https://api.gdeltproject.org/api/v2/doc/doc?query=domain:www.therepublic.com&mode=artlist&maxrecords=250&format=json&DATE=202412
www.therepublic.com,November 2024,https://api.gdeltproject.org/api/v2/doc/doc?query=domain:www.therepublic.com&mode=artlist&maxrecords=250&format=json&DATE=202411
www.therepublic.com,October 2024,https://api.gdeltproject.org/api/v2/doc/doc?query=domain:www.therepublic.com&mode=artlist&maxrecords=250&format=json&DATE=202410
www.therepublic.com,September 2024,https://api.gdeltproject.org/api/v2/doc/doc?query=domain:www.therepublic.com&mode=artlist&maxrecords=250&format=json&DATE=202409
www.therepublic.com,August 2024,https://api.gdeltproject.org/api/v2/doc/doc?query=domain:www.therepublic.com&mode=artlist&maxrecords=250&format=json&DATE=202408
www.therepublic.com,July 2024,https://api.gdeltproject.org/api/v2/doc/doc?query=domain:www.therepublic.com&mode=artlist&maxrecords=250&format=json&DATE=202407
www.therepublic.com,June 2024,https://api.gdeltproject.org/api/v2/doc/doc?query=domain:www.therepublic.com&mode=artlist&maxrecords=250&format=json&DATE=202406
www.therepublic.com,May 2024,https://api.gdeltproject.org/api/v2/doc/doc?query=domain:www.therepublic.com&mode=artlist&maxrecords=250&format=json&DATE=202405
www.therepublic.com,April 2024,https://api.gdeltproject.org/api/v2/doc/doc?query=domain:www.therepublic.com&mode=artlist&maxrecords=250&format=json&DATE=202404
www.clreporter.com,March 2025,https://api.gdeltproject.org/api/v2/doc/doc?query=domain:www.clreporter.com&mode=artlist&maxrecords=250&format=json&DATE=202503
www.clreporter.com,February 2025,https://api.gdeltproject.org/api/v2/doc/doc?query=domain:www.clreporter.com&mode=artlist&maxrecords=250&format=json&DATE=202502
www.clreporter.com,January 2025,https://api.gdeltproject.org/api/v2/doc/doc?query=domain:www.clreporter.com&mode=artlist&maxrecords=250&format=json&DATE=202501
www.clreporter.com,December 2024,https://api.gdeltproject.org/api/v2/doc/doc?query=domain:www.clreporter.com&mode=artlist&maxrecords=250&format=json&DATE=202412
www.clreporter.com,November 2024,https://api.gdeltproject.org/api/v2/doc/doc?query=domain:www.clreporter.com&mode=artlist&maxrecords=250&format=json&DATE=202411
www.clreporter.com,October 2024,https://api.gdeltproject.org/api/v2/doc/doc?query=domain:www.clreporter.com&mode=artlist&maxrecords=250&format=json&DATE=202410
www.clreporter.com,September 2024,https://api.gdeltproject.org/api/v2/doc/doc?query=domain:www.clreporter.com&mode=artlist&maxrecords=250&format=json&DATE=202409
www.clreporter.com,August 2024,https://api.gdeltproject.org/api/v2/doc/doc?query=domain:www.clreporter.com&mode=artlist&maxrecords=250&format=json&DATE=202408
www.clreporter.com,July 2024,https://api.gdeltproject.org/api/v2/doc/doc?query=domain:www.clreporter.com&mode=artlist&maxrecords=250&format=json&DATE=202407
www.clreporter.com,June 2024,https://api.gdeltproject.org/api/v2/doc/doc?query=domain:www.clreporter.com&mode=artlist&maxrecords=250&format=json&DATE=202406
www.clreporter.com,May 2024,https://api.gdeltproject.org/api/v2/doc/doc?query=domain:www.clreporter.com&mode=artlist&maxrecords=250&format=json&DATE=202405
www.clreporter.com,April 2024,https://api.gdeltproject.org/api/v2/doc/doc?query=domain:www.clreporter.com&mode=artlist&maxrecords=250&format=json&DATE=202404
www.harlanonline.com,March 2025,https://api.gdeltproject.org/api/v2/doc/doc?query=domain:www.harlanonline.com&mode=artlist&maxrecords=250&format=json&DATE=202503
www.harlanonline.com,February 2025,https://api.gdeltproject.org/api/v2/doc/doc?query=domain:www.harlanonline.com&mode=artlist&maxrecords=250&format=json&DATE=202502
www.harlanonline.com,January 2025,https://api.gdeltproject.org/api/v2/doc/doc?query=domain:www.harlanonline.com&mode=artlist&maxrecords=250&format=json&DATE=202501
www.harlanonline.com,December 2024,https://api.gdeltproject.org/api/v2/doc/doc?query=domain:www.harlanonline.com&mode=artlist&maxrecords=250&format=json&DATE=202412
www.harlanonline.com,November 2024,https://api.gdeltproject.org/api/v2/doc/doc?query=domain:www.harlanonline.com&mode=artlist&maxrecords=250&format=json&DATE=202411
www.harlanonline.com,October 2024,https://api.gdeltproject.org/api/v2/doc/doc?query=domain:www.harlanonline.com&mode=artlist&maxrecords=250&format=json&DATE=202410
www.harlanonline.com,September 2024,https://api.gdeltproject.org/api/v2/doc/doc?query=domain:www.harlanonline.com&mode=artlist&maxrecords=250&format=json&DATE=202409
www.harlanonline.com,August 2024,https://api.gdeltproject.org/api/v2/doc/doc?query=domain:www.harlanonline.com&mode=artlist&maxrecords=250&format=json&DATE=202408
www.harlanonline.com,July 2024,https://api.gdeltproject.org/api/v2/doc/doc?query=domain:www.harlanonline.com&mode=artlist&maxrecords=250&format=json&DATE=202407
www.harlanonline.com,June 2024,https://api.gdeltproject.org/api/v2/doc/doc?query=domain:www.harlanonline.com&mode=artlist&maxrecords=250&format=json&DATE=202406
www.harlanonline.com,May 2024,https://api.gdeltproject.org/api/v2/doc/doc?query=domain:www.harlanonline.com&mode=artlist&maxrecords=250&format=json&DATE=202405
www.harlanonline.com,April 2024,https://api.gdeltproject.org/api/v2/doc/doc?query=domain:www.harlanonline.com&mode=artlist&maxrecords=250&format=json&DATE=202404
www.timesrepublican.com,March 2025,https://api.gdeltproject.org/api/v2/doc/doc?query=domain:www.timesrepublican.com&mode=artlist&maxrecords=250&format=json&DATE=202503
www.timesrepublican.com,February 2025,https://api.gdeltproject.org/api/v2/doc/doc?query=domain:www.timesrepublican.com&mode=artlist&maxrecords=250&format=json&DATE=202502
www.timesrepublican.com,January 2025,https://api.gdeltproject.org/api/v2/doc/doc?query=domain:www.timesrepublican.com&mode=artlist&maxrecords=250&format=json&DATE=202501
www.timesrepublican.com,December 2024,https://api.gdeltproject.org/api/v2/doc/doc?query=domain:www.timesrepublican.com&mode=artlist&maxrecords=250&format=json&DATE=202412
www.timesrepublican.com,November 2024,https://api.gdeltproject.org/api/v2/doc/doc?query=domain:www.timesrepublican.com&mode=artlist&maxrecords=250&format=json&DATE=202411
www.timesrepublican.com,October 2024,https://api.gdeltproject.org/api/v2/doc/doc?query=domain:www.timesrepublican.com&mode=artlist&maxrecords=250&format=json&DATE=202410
www.timesrepublican.com,September 2024,https://api.gdeltproject.org/api/v2/doc/doc?query=domain:www.timesrepublican.com&mode=artlist&maxrecords=250&format=json&DATE=202409
www.timesrepublican.com,August 2024,https://api.gdeltproject.org/api/v2/doc/doc?query=domain:www.timesrepublican.com&mode=artlist&maxrecords=250&format=json&DATE=202408
www.timesrepublican.com,July 2024,https://api.gdeltproject.org/api/v2/doc/doc?query=domain:www.timesrepublican.com&mode=artlist&maxrecords=250&format=json&DATE=202407
www.timesrepublican.com,June 2024,https://api.gdeltproject.org/api/v2/doc/doc?query=domain:www.timesrepublican.com&mode=artlist&maxrecords=250&format=json&DATE=202406
www.timesrepublican.com,May 2024,https://api.gdeltproject.org/api/v2/doc/doc?query=domain:www.timesrepublican.com&mode=artlist&maxrecords=250&format=json&DATE=202405
www.timesrepublican.com,April 2024,https://api.gdeltproject.org/api/v2/doc/doc?query=domain:www.timesrepublican.com&mode=artlist&maxrecords=250&format=json&DATE=202404
www.rcreader.com,March 2025,https://api.gdeltproject.org/api/v2/doc/doc?query=domain:www.rcreader.com&mode=artlist&maxrecords=250&format=json&DATE=202503
www.rcreader.com,February 2025,https://api.gdeltproject.org/api/v2/doc/doc?query=domain:www.rcreader.com&mode=artlist&maxrecords=250&format=json&DATE=202502
www.rcreader.com,January 2025,https://api.gdeltproject.org/api/v2/doc/doc?query=domain:www.rcreader.com&mode=artlist&maxrecords=250&format=json&DATE=202501
www.rcreader.com,December 2024,https://api.gdeltproject.org/api/v2/doc/doc?query=domain:www.rcreader.com&mode=artlist&maxrecords=250&format=json&DATE=202412
www.rcreader.com,November 2024,https://api.gdeltproject.org/api/v2/doc/doc?query=domain:www.rcreader.com&mode=artlist&maxrecords=250&format=json&DATE=202411
www.rcreader.com,October 2024,https://api.gdeltproject.org/api/v2/doc/doc?query=domain:www.rcreader.com&mode=artlist&maxrecords=250&format=json&DATE=202410
www.rcreader.com,September 2024,https://api.gdeltproject.org/api/v2/doc/doc?query=domain:www.rcreader.com&mode=artlist&maxrecords=250&format=json&DATE=202409
www.rcreader.com,August 2024,https://api.gdeltproject.org/api/v2/doc/doc?query=domain:www.rcreader.com&mode=artlist&maxrecords=250&format=json&DATE=202408
www.rcreader.com,July 2024,https://api.gdeltproject.org/api/v2/doc/doc?query=domain:www.rcreader.com&mode=artlist&maxrecords=250&format=json&DATE=202407
www.rcreader.com,June 2024,https://api.gdeltproject.org/api/v2/doc/doc?query=domain:www.rcreader.com&mode=artlist&maxrecords=250&format=json&DATE=202406
www.rcreader.com,May 2024,https://api.gdeltproject.org/api/v2/doc/doc?query=domain:www.rcreader.com&mode=artlist&maxrecords=250&format=json&DATE=202405
www.rcreader.com,April 2024,https://api.gdeltproject.org/api/v2/doc/doc?query=domain:www.rcreader.com&mode=artlist&maxrecords=250&format=json&DATE=202404
www.gbtribune.com,March 2025,https://api.gdeltproject.org/api/v2/doc/doc?query=domain:www.gbtribune.com&mode=artlist&maxrecords=250&format=json&DATE=202503
www.gbtribune.com,February 2025,https://api.gdeltproject.org/api/v2/doc/doc?query=domain:www.gbtribune.com&mode=artlist&maxrecords=250&format=json&DATE=202502
www.gbtribune.com,January 2025,https://api.gdeltproject.org/api/v2/doc/doc?query=domain:www.gbtribune.com&mode=artlist&maxrecords=250&format=json&DATE=202501
www.gbtribune.com,December 2024,https://api.gdeltproject.org/api/v2/doc/doc?query=domain:www.gbtribune.com&mode=artlist&maxrecords=250&format=json&DATE=202412
www.gbtribune.com,November 2024,https://api.gdeltproject.org/api/v2/doc/doc?query=domain:www.gbtribune.com&mode=artlist&maxrecords=250&format=json&DATE=202411
www.gbtribune.com,October 2024,https://api.gdeltproject.org/api/v2/doc/doc?query=domain:www.gbtribune.com&mode=artlist&maxrecords=250&format=json&DATE=202410
www.gbtribune.com,September 2024,https://api.gdeltproject.org/api/v2/doc/doc?query=domain:www.gbtribune.com&mode=artlist&maxrecords=250&format=json&DATE=202409
www.gbtribune.com,August 2024,https://api.gdeltproject.org/api/v2/doc/doc?query=domain:www.gbtribune.com&mode=artlist&maxrecords=250&format=json&DATE=202408
www.gbtribune.com,July 2024,https://api.gdeltproject.org/api/v2/doc/doc?query=domain:www.gbtribune.com&mode=artlist&maxrecords=250&format=json&DATE=202407
www.gbtribune.com,June 2024,https://api.gdeltproject.org/api/v2/doc/doc?query=domain:www.gbtribune.com&mode=artlist&maxrecords=250&format=json&DATE=202406
www.gbtribune.com,May 2024,https://api.gdeltproject.org/api/v2/doc/doc?query=domain:www.gbtribune.com&mode=artlist&maxrecords=250&format=json&DATE=202405
www.gbtribune.com,April 2024,https://api.gdeltproject.org/api/v2/doc/doc?query=domain:www.gbtribune.com&mode=artlist&maxrecords=250&format=json&DATE=202404
www.hillsborofreepress.com,March 2025,https://api.gdeltproject.org/api/v2/doc/doc?query=domain:www.hillsborofreepress.com&mode=artlist&maxrecords=250&format=json&DATE=202503
www.hillsborofreepress.com,February 2025,https://api.gdeltproject.org/api/v2/doc/doc?query=domain:www.hillsborofreepress.com&mode=artlist&maxrecords=250&format=json&DATE=202502
www.hillsborofreepress.com,January 2025,https://api.gdeltproject.org/api/v2/doc/doc?query=domain:www.hillsborofreepress.com&mode=artlist&maxrecords=250&format=json&DATE=202501
www.hillsborofreepress.com,December 2024,https://api.gdeltproject.org/api/v2/doc/doc?query=domain:www.hillsborofreepress.com&mode=artlist&maxrecords=250&format=json&DATE=202412
www.hillsborofreepress.com,November 2024,https://api.gdeltproject.org/api/v2/doc/doc?query=domain:www.hillsborofreepress.com&mode=artlist&maxrecords=250&format=json&DATE=202411
www.hillsborofreepress.com,October 2024,https://api.gdeltproject.org/api/v2/doc/doc?query=domain:www.hillsborofreepress.com&mode=artlist&maxrecords=250&format=json&DATE=202410
www.hillsborofreepress.com,September 2024,https://api.gdeltproject.org/api/v2/doc/doc?query=domain:www.hillsborofreepress.com&mode=artlist&maxrecords=250&format=json&DATE=202409
www.hillsborofreepress.com,August 2024,https://api.gdeltproject.org/api/v2/doc/doc?query=domain:www.hillsborofreepress.com&mode=artlist&maxrecords=250&format=json&DATE=202408
www.hillsborofreepress.com,July 2024,https://api.gdeltproject.org/api/v2/doc/doc?query=domain:www.hillsborofreepress.com&mode=artlist&maxrecords=250&format=json&DATE=202407
www.hillsborofreepress.com,June 2024,https://api.gdeltproject.org/api/v2/doc/doc?query=domain:www.hillsborofreepress.com&mode=artlist&maxrecords=250&format=json&DATE=202406
www.hillsborofreepress.com,May 2024,https://api.gdeltproject.org/api/v2/doc/doc?query=domain:www.hillsborofreepress.com&mode=artlist&maxrecords=250&format=json&DATE=202405
www.hillsborofreepress.com,April 2024,https://api.gdeltproject.org/api/v2/doc/doc?query=domain:www.hillsborofreepress.com&mode=artlist&maxrecords=250&format=json&DATE=202404
www.morningsun.net,March 2025,https://api.gdeltproject.org/api/v2/doc/doc?query=domain:www.morningsun.net&mode=artlist&maxrecords=250&format=json&DATE=202503
www.morningsun.net,February 2025,https://api.gdeltproject.org/api/v2/doc/doc?query=domain:www.morningsun.net&mode=artlist&maxrecords=250&format=json&DATE=202502
www.morningsun.net,January 2025,https://api.gdeltproject.org/api/v2/doc/doc?query=domain:www.morningsun.net&mode=artlist&maxrecords=250&format=json&DATE=202501
www.morningsun.net,December 2024,https://api.gdeltproject.org/api/v2/doc/doc?query=domain:www.morningsun.net&mode=artlist&maxrecords=250&format=json&DATE=202412
www.morningsun.net,November 2024,https://api.gdeltproject.org/api/v2/doc/doc?query=domain:www.morningsun.net&mode=artlist&maxrecords=250&format=json&DATE=202411
www.morningsun.net,October 2024,https://api.gdeltproject.org/api/v2/doc/doc?query=domain:www.morningsun.net&mode=artlist&maxrecords=250&format=json&DATE=202410
www.morningsun.net,September 2024,https://api.gdeltproject.org/api/v2/doc/doc?query=domain:www.morningsun.net&mode=artlist&maxrecords=250&format=json&DATE=202409
www.morningsun.net,August 2024,https://api.gdeltproject.org/api/v2/doc/doc?query=domain:www.morningsun.net&mode=artlist&maxrecords=250&format=json&DATE=202408
www.morningsun.net,July 2024,https://api.gdeltproject.org/api/v2/doc/doc?query=domain:www.morningsun.net&mode=artlist&maxrecords=250&format=json&DATE=202407
www.morningsun.net,June 2024,https://api.gdeltproject.org/api/v2/doc/doc?query=domain:www.morningsun.net&mode=artlist&maxrecords=250&format=json&DATE=202406
www.morningsun.net,May 2024,https://api.gdeltproject.org/api/v2/doc/doc?query=domain:www.morningsun.net&mode=artlist&maxrecords=250&format=json&DATE=202405
www.morningsun.net,April 2024,https://api.gdeltproject.org/api/v2/doc/doc?query=domain:www.morningsun.net&mode=artlist&maxrecords=250&format=json&DATE=202404
www.amnews.com,March 2025,https://api.gdeltproject.org/api/v2/doc/doc?query=domain:www.amnews.com&mode=artlist&maxrecords=250&format=json&DATE=202503
www.amnews.com,February 2025,https://api.gdeltproject.org/api/v2/doc/doc?query=domain:www.amnews.com&mode=artlist&maxrecords=250&format=json&DATE=202502
www.amnews.com,January 2025,https://api.gdeltproject.org/api/v2/doc/doc?query=domain:www.amnews.com&mode=artlist&maxrecords=250&format=json&DATE=202501
www.amnews.com,December 2024,https://api.gdeltproject.org/api/v2/doc/doc?query=domain:www.amnews.com&mode=artlist&maxrecords=250&format=json&DATE=202412
www.amnews.com,November 2024,https://api.gdeltproject.org/api/v2/doc/doc?query=domain:www.amnews.com&mode=artlist&maxrecords=250&format=json&DATE=202411
www.amnews.com,October 2024,https://api.gdeltproject.org/api/v2/doc/doc?query=domain:www.amnews.com&mode=artlist&maxrecords=250&format=json&DATE=202410
www.amnews.com,September 2024,https://api.gdeltproject.org/api/v2/doc/doc?query=domain:www.amnews.com&mode=artlist&maxrecords=250&format=json&DATE=202409
www.amnews.com,August 2024,https://api.gdeltproject.org/api/v2/doc/doc?query=domain:www.amnews.com&mode=artlist&maxrecords=250&format=json&DATE=202408
www.amnews.com,July 2024,https://api.gdeltproject.org/api/v2/doc/doc?query=domain:www.amnews.com&mode=artlist&maxrecords=250&format=json&DATE=202407
www.amnews.com,June 2024,https://api.gdeltproject.org/api/v2/doc/doc?query=domain:www.amnews.com&mode=artlist&maxrecords=250&format=json&DATE=202406
www.amnews.com,May 2024,https://api.gdeltproject.org/api/v2/doc/doc?query=domain:www.amnews.com&mode=artlist&maxrecords=250&format=json&DATE=202405
www.amnews.com,April 2024,https://api.gdeltproject.org/api/v2/doc/doc?query=domain:www.amnews.com&mode=artlist&maxrecords=250&format=json&DATE=202404
www.hancockclarion.com,March 2025,https://api.gdeltproject.org/api/v2/doc/doc?query=domain:www.hancockclarion.com&mode=artlist&maxrecords=250&format=json&DATE=202503
www.hancockclarion.com,February 2025,https://api.gdeltproject.org/api/v2/doc/doc?query=domain:www.hancockclarion.com&mode=artlist&maxrecords=250&format=json&DATE=202502
www.hancockclarion.com,January 2025,https://api.gdeltproject.org/api/v2/doc/doc?query=domain:www.hancockclarion.com&mode=artlist&maxrecords=250&format=json&DATE=202501
www.hancockclarion.com,December 2024,https://api.gdeltproject.org/api/v2/doc/doc?query=domain:www.hancockclarion.com&mode=artlist&maxrecords=250&format=json&DATE=202412
www.hancockclarion.com,November 2024,https://api.gdeltproject.org/api/v2/doc/doc?query=domain:www.hancockclarion.com&mode=artlist&maxrecords=250&format=json&DATE=202411
www.hancockclarion.com,October 2024,https://api.gdeltproject.org/api/v2/doc/doc?query=domain:www.hancockclarion.com&mode=artlist&maxrecords=250&format=json&DATE=202410
www.hancockclarion.com,September 2024,https://api.gdeltproject.org/api/v2/doc/doc?query=domain:www.hancockclarion.com&mode=artlist&maxrecords=250&format=json&DATE=202409
www.hancockclarion.com,August 2024,https://api.gdeltproject.org/api/v2/doc/doc?query=domain:www.hancockclarion.com&mode=artlist&maxrecords=250&format=json&DATE=202408
www.hancockclarion.com,July 2024,https://api.gdeltproject.org/api/v2/doc/doc?query=domain:www.hancockclarion.com&mode=artlist&maxrecords=250&format=json&DATE=202407
www.hancockclarion.com,June 2024,https://api.gdeltproject.org/api/v2/doc/doc?query=domain:www.hancockclarion.com&mode=artlist&maxrecords=250&format=json&DATE=202406
www.hancockclarion.com,May 2024,https://api.gdeltproject.org/api/v2/doc/doc?query=domain:www.hancockclarion.com&mode=artlist&maxrecords=250&format=json&DATE=202405
www.hancockclarion.com,April 2024,https://api.gdeltproject.org/api/v2/doc/doc?query=domain:www.hancockclarion.com&mode=artlist&maxrecords=250&format=json&DATE=202404
www.harrodsburgherald.com,March 2025,https://api.gdeltproject.org/api/v2/doc/doc?query=domain:www.harrodsburgherald.com&mode=artlist&maxrecords=250&format=json&DATE=202503
www.harrodsburgherald.com,February 2025,https://api.gdeltproject.org/api/v2/doc/doc?query=domain:www.harrodsburgherald.com&mode=artlist&maxrecords=250&format=json&DATE=202502
www.harrodsburgherald.com,January 2025,https://api.gdeltproject.org/api/v2/doc/doc?query=domain:www.harrodsburgherald.com&mode=artlist&maxrecords=250&format=json&DATE=202501
www.harrodsburgherald.com,December 2024,https://api.gdeltproject.org/api/v2/doc/doc?query=domain:www.harrodsburgherald.com&mode=artlist&maxrecords=250&format=json&DATE=202412
www.harrodsburgherald.com,November 2024,https://api.gdeltproject.org/api/v2/doc/doc?query=domain:www.harrodsburgherald.com&mode=artlist&maxrecords=250&format=json&DATE=202411
www.harrodsburgherald.com,October 2024,https://api.gdeltproject.org/api/v2/doc/doc?query=domain:www.harrodsburgherald.com&mode=artlist&maxrecords=250&format=json&DATE=202410
www.harrodsburgherald.com,September 2024,https://api.gdeltproject.org/api/v2/doc/doc?query=domain:www.harrodsburgherald.com&mode=artlist&maxrecords=250&format=json&DATE=202409
www.harrodsburgherald.com,August 2024,https://api.gdeltproject.org/api/v2/doc/doc?query=domain:www.harrodsburgherald.com&mode=artlist&maxrecords=250&format=json&DATE=202408
www.harrodsburgherald.com,July 2024,https://api.gdeltproject.org/api/v2/doc/doc?query=domain:www.harrodsburgherald.com&mode=artlist&maxrecords=250&format=json&DATE=202407
www.harrodsburgherald.com,June 2024,https://api.gdeltproject.org/api/v2/doc/doc?query=domain:www.harrodsburgherald.com&mode=artlist&maxrecords=250&format=json&DATE=202406
www.harrodsburgherald.com,May 2024,https://api.gdeltproject.org/api/v2/doc/doc?query=domain:www.harrodsburgherald.com&mode=artlist&maxrecords=250&format=json&DATE=202405
www.harrodsburgherald.com,April 2024,https://api.gdeltproject.org/api/v2/doc/doc?query=domain:www.harrodsburgherald.com&mode=artlist&maxrecords=250&format=json&DATE=202404
maysville-online.com,March 2025,https://api.gdeltproject.org/api/v2/doc/doc?query=domain:maysville-online.com&mode=artlist&maxrecords=250&format=json&DATE=202503
maysville-online.com,February 2025,https://api.gdeltproject.org/api/v2/doc/doc?query=domain:maysville-online.com&mode=artlist&maxrecords=250&format=json&DATE=202502
maysville-online.com,January 2025,https://api.gdeltproject.org/api/v2/doc/doc?query=domain:maysville-online.com&mode=artlist&maxrecords=250&format=json&DATE=202501
maysville-online.com,December 2024,https://api.gdeltproject.org/api/v2/doc/doc?query=domain:maysville-online.com&mode=artlist&maxrecords=250&format=json&DATE=202412
maysville-online.com,November 2024,https://api.gdeltproject.org/api/v2/doc/doc?query=domain:maysville-online.com&mode=artlist&maxrecords=250&format=json&DATE=202411
maysville-online.com,October 2024,https://api.gdeltproject.org/api/v2/doc/doc?query=domain:maysville-online.com&mode=artlist&maxrecords=250&format=json&DATE=202410
maysville-online.com,September 2024,https://api.gdeltproject.org/api/v2/doc/doc?query=domain:maysville-online.com&mode=artlist&maxrecords=250&format=json&DATE=202409
maysville-online.com,August 2024,https://api.gdeltproject.org/api/v2/doc/doc?query=domain:maysville-online.com&mode=artlist&maxrecords=250&format=json&DATE=202408
maysville-online.com,July 2024,https://api.gdeltproject.org/api/v2/doc/doc?query=domain:maysville-online.com&mode=artlist&maxrecords=250&format=json&DATE=202407
maysville-online.com,June 2024,https://api.gdeltproject.org/api/v2/doc/doc?query=domain:maysville-online.com&mode=artlist&maxrecords=250&format=json&DATE=202406
maysville-online.com,May 2024,https://api.gdeltproject.org/api/v2/doc/doc?query=domain:maysville-online.com&mode=artlist&maxrecords=250&format=json&DATE=202405
maysville-online.com,April 2024,https://api.gdeltproject.org/api/v2/doc/doc?query=domain:maysville-online.com&mode=artlist&maxrecords=250&format=json&DATE=202404
www.lewiscountyherald.com,March 2025,https://api.gdeltproject.org/api/v2/doc/doc?query=domain:www.lewiscountyherald.com&mode=artlist&maxrecords=250&format=json&DATE=202503
www.lewiscountyherald.com,February 2025,https://api.gdeltproject.org/api/v2/doc/doc?query=domain:www.lewiscountyherald.com&mode=artlist&maxrecords=250&format=json&DATE=202502
www.lewiscountyherald.com,January 2025,https://api.gdeltproject.org/api/v2/doc/doc?query=domain:www.lewiscountyherald.com&mode=artlist&maxrecords=250&format=json&DATE=202501
www.lewiscountyherald.com,December 2024,https://api.gdeltproject.org/api/v2/doc/doc?query=domain:www.lewiscountyherald.com&mode=artlist&maxrecords=250&format=json&DATE=202412
www.lewiscountyherald.com,November 2024,https://api.gdeltproject.org/api/v2/doc/doc?query=domain:www.lewiscountyherald.com&mode=artlist&maxrecords=250&format=json&DATE=202411
www.lewiscountyherald.com,October 2024,https://api.gdeltproject.org/api/v2/doc/doc?query=domain:www.lewiscountyherald.com&mode=artlist&maxrecords=250&format=json&DATE=202410
www.lewiscountyherald.com,September 2024,https://api.gdeltproject.org/api/v2/doc/doc?query=domain:www.lewiscountyherald.com&mode=artlist&maxrecords=250&format=json&DATE=202409
www.lewiscountyherald.com,August 2024,https://api.gdeltproject.org/api/v2/doc/doc?query=domain:www.lewiscountyherald.com&mode=artlist&maxrecords=250&format=json&DATE=202408
www.lewiscountyherald.com,July 2024,https://api.gdeltproject.org/api/v2/doc/doc?query=domain:www.lewiscountyherald.com&mode=artlist&maxrecords=250&format=json&DATE=202407
www.lewiscountyherald.com,June 2024,https://api.gdeltproject.org/api/v2/doc/doc?query=domain:www.lewiscountyherald.com&mode=artlist&maxrecords=250&format=json&DATE=202406
www.lewiscountyherald.com,May 2024,https://api.gdeltproject.org/api/v2/doc/doc?query=domain:www.lewiscountyherald.com&mode=artlist&maxrecords=250&format=json&DATE=202405
www.lewiscountyherald.com,April 2024,https://api.gdeltproject.org/api/v2/doc/doc?query=domain:www.lewiscountyherald.com&mode=artlist&maxrecords=250&format=json&DATE=202404
www.winchestersun.com,March 2025,https://api.gdeltproject.org/api/v2/doc/doc?query=domain:www.winchestersun.com&mode=artlist&maxrecords=250&format=json&DATE=202503
www.winchestersun.com,February 2025,https://api.gdeltproject.org/api/v2/doc/doc?query=domain:www.winchestersun.com&mode=artlist&maxrecords=250&format=json&DATE=202502
www.winchestersun.com,January 2025,https://api.gdeltproject.org/api/v2/doc/doc?query=domain:www.winchestersun.com&mode=artlist&maxrecords=250&format=json&DATE=202501
www.winchestersun.com,December 2024,https://api.gdeltproject.org/api/v2/doc/doc?query=domain:www.winchestersun.com&mode=artlist&maxrecords=250&format=json&DATE=202412
www.winchestersun.com,November 2024,https://api.gdeltproject.org/api/v2/doc/doc?query=domain:www.winchestersun.com&mode=artlist&maxrecords=250&format=json&DATE=202411
www.winchestersun.com,October 2024,https://api.gdeltproject.org/api/v2/doc/doc?query=domain:www.winchestersun.com&mode=artlist&maxrecords=250&format=json&DATE=202410
www.winchestersun.com,September 2024,https://api.gdeltproject.org/api/v2/doc/doc?query=domain:www.winchestersun.com&mode=artlist&maxrecords=250&format=json&DATE=202409
www.winchestersun.com,August 2024,https://api.gdeltproject.org/api/v2/doc/doc?query=domain:www.winchestersun.com&mode=artlist&maxrecords=250&format=json&DATE=202408
www.winchestersun.com,July 2024,https://api.gdeltproject.org/api/v2/doc/doc?query=domain:www.winchestersun.com&mode=artlist&maxrecords=250&format=json&DATE=202407
www.winchestersun.com,June 2024,https://api.gdeltproject.org/api/v2/doc/doc?query=domain:www.winchestersun.com&mode=artlist&maxrecords=250&format=json&DATE=202406
www.winchestersun.com,May 2024,https://api.gdeltproject.org/api/v2/doc/doc?query=domain:www.winchestersun.com&mode=artlist&maxrecords=250&format=json&DATE=202405
www.winchestersun.com,April 2024,https://api.gdeltproject.org/api/v2/doc/doc?query=domain:www.winchestersun.com&mode=artlist&maxrecords=250&format=json&DATE=202404
bossierpress.com,March 2025,https://api.gdeltproject.org/api/v2/doc/doc?query=domain:bossierpress.com&mode=artlist&maxrecords=250&format=json&DATE=202503
bossierpress.com,February 2025,https://api.gdeltproject.org/api/v2/doc/doc?query=domain:bossierpress.com&mode=artlist&maxrecords=250&format=json&DATE=202502
bossierpress.com,January 2025,https://api.gdeltproject.org/api/v2/doc/doc?query=domain:bossierpress.com&mode=artlist&maxrecords=250&format=json&DATE=202501
bossierpress.com,December 2024,https://api.gdeltproject.org/api/v2/doc/doc?query=domain:bossierpress.com&mode=artlist&maxrecords=250&format=json&DATE=202412
bossierpress.com,November 2024,https://api.gdeltproject.org/api/v2/doc/doc?query=domain:bossierpress.com&mode=artlist&maxrecords=250&format=json&DATE=202411
bossierpress.com,October 2024,https://api.gdeltproject.org/api/v2/doc/doc?query=domain:bossierpress.com&mode=artlist&maxrecords=250&format=json&DATE=202410
bossierpress.com,September 2024,https://api.gdeltproject.org/api/v2/doc/doc?query=domain:bossierpress.com&mode=artlist&maxrecords=250&format=json&DATE=202409
bossierpress.com,August 2024,https://api.gdeltproject.org/api/v2/doc/doc?query=domain:bossierpress.com&mode=artlist&maxrecords=250&format=json&DATE=202408
bossierpress.com,July 2024,https://api.gdeltproject.org/api/v2/doc/doc?query=domain:bossierpress.com&mode=artlist&maxrecords=250&format=json&DATE=202407
bossierpress.com,June 2024,https://api.gdeltproject.org/api/v2/doc/doc?query=domain:bossierpress.com&mode=artlist&maxrecords=250&format=json&DATE=202406
bossierpress.com,May 2024,https://api.gdeltproject.org/api/v2/doc/doc?query=domain:bossierpress.com&mode=artlist&maxrecords=250&format=json&DATE=202405
bossierpress.com,April 2024,https://api.gdeltproject.org/api/v2/doc/doc?query=domain:bossierpress.com&mode=artlist&maxrecords=250&format=json&DATE=202404
www.businessreport.com,March 2025,https://api.gdeltproject.org/api/v2/doc/doc?query=domain:www.businessreport.com&mode=artlist&maxrecords=250&format=json&DATE=202503
www.businessreport.com,February 2025,https://api.gdeltproject.org/api/v2/doc/doc?query=domain:www.businessreport.com&mode=artlist&maxrecords=250&format=json&DATE=202502
www.businessreport.com,January 2025,https://api.gdeltproject.org/api/v2/doc/doc?query=domain:www.businessreport.com&mode=artlist&maxrecords=250&format=json&DATE=202501
www.businessreport.com,December 2024,https://api.gdeltproject.org/api/v2/doc/doc?query=domain:www.businessreport.com&mode=artlist&maxrecords=250&format=json&DATE=202412
www.businessreport.com,November 2024,https://api.gdeltproject.org/api/v2/doc/doc?query=domain:www.businessreport.com&mode=artlist&maxrecords=250&format=json&DATE=202411
www.businessreport.com,October 2024,https://api.gdeltproject.org/api/v2/doc/doc?query=domain:www.businessreport.com&mode=artlist&maxrecords=250&format=json&DATE=202410
www.businessreport.com,September 2024,https://api.gdeltproject.org/api/v2/doc/doc?query=domain:www.businessreport.com&mode=artlist&maxrecords=250&format=json&DATE=202409
www.businessreport.com,August 2024,https://api.gdeltproject.org/api/v2/doc/doc?query=domain:www.businessreport.com&mode=artlist&maxrecords=250&format=json&DATE=202408
www.businessreport.com,July 2024,https://api.gdeltproject.org/api/v2/doc/doc?query=domain:www.businessreport.com&mode=artlist&maxrecords=250&format=json&DATE=202407
www.businessreport.com,June 2024,https://api.gdeltproject.org/api/v2/doc/doc?query=domain:www.businessreport.com&mode=artlist&maxrecords=250&format=json&DATE=202406
www.businessreport.com,May 2024,https://api.gdeltproject.org/api/v2/doc/doc?query=domain:www.businessreport.com&mode=artlist&maxrecords=250&format=json&DATE=202405
www.businessreport.com,April 2024,https://api.gdeltproject.org/api/v2/doc/doc?query=domain:www.businessreport.com&mode=artlist&maxrecords=250&format=json&DATE=202404
neworleanscitybusiness.com,March 2025,https://api.gdeltproject.org/api/v2/doc/doc?query=domain:neworleanscitybusiness.com&mode=artlist&maxrecords=250&format=json&DATE=202503
neworleanscitybusiness.com,February 2025,https://api.gdeltproject.org/api/v2/doc/doc?query=domain:neworleanscitybusiness.com&mode=artlist&maxrecords=250&format=json&DATE=202502
neworleanscitybusiness.com,January 2025,https://api.gdeltproject.org/api/v2/doc/doc?query=domain:neworleanscitybusiness.com&mode=artlist&maxrecords=250&format=json&DATE=202501
neworleanscitybusiness.com,December 2024,https://api.gdeltproject.org/api/v2/doc/doc?query=domain:neworleanscitybusiness.com&mode=artlist&maxrecords=250&format=json&DATE=202412
neworleanscitybusiness.com,November 2024,https://api.gdeltproject.org/api/v2/doc/doc?query=domain:neworleanscitybusiness.com&mode=artlist&maxrecords=250&format=json&DATE=202411
neworleanscitybusiness.com,October 2024,https://api.gdeltproject.org/api/v2/doc/doc?query=domain:neworleanscitybusiness.com&mode=artlist&maxrecords=250&format=json&DATE=202410
neworleanscitybusiness.com,September 2024,https://api.gdeltproject.org/api/v2/doc/doc?query=domain:neworleanscitybusiness.com&mode=artlist&maxrecords=250&format=json&DATE=202409
neworleanscitybusiness.com,August 2024,https://api.gdeltproject.org/api/v2/doc/doc?query=domain:neworleanscitybusiness.com&mode=artlist&maxrecords=250&format=json&DATE=202408
neworleanscitybusiness.com,July 2024,https://api.gdeltproject.org/api/v2/doc/doc?query=domain:neworleanscitybusiness.com&mode=artlist&maxrecords=250&format=json&DATE=202407
neworleanscitybusiness.com,June 2024,https://api.gdeltproject.org/api/v2/doc/doc?query=domain:neworleanscitybusiness.com&mode=artlist&maxrecords=250&format=json&DATE=202406
neworleanscitybusiness.com,May 2024,https://api.gdeltproject.org/api/v2/doc/doc?query=domain:neworleanscitybusiness.com&mode=artlist&maxrecords=250&format=json&DATE=202405
neworleanscitybusiness.com,April 2024,https://api.gdeltproject.org/api/v2/doc/doc?query=domain:neworleanscitybusiness.com&mode=artlist&maxrecords=250&format=json&DATE=202404
www.crowleypostsignal.com,March 2025,https://api.gdeltproject.org/api/v2/doc/doc?query=domain:www.crowleypostsignal.com&mode=artlist&maxrecords=250&format=json&DATE=202503
www.crowleypostsignal.com,February 2025,https://api.gdeltproject.org/api/v2/doc/doc?query=domain:www.crowleypostsignal.com&mode=artlist&maxrecords=250&format=json&DATE=202502
www.crowleypostsignal.com,January 2025,https://api.gdeltproject.org/api/v2/doc/doc?query=domain:www.crowleypostsignal.com&mode=artlist&maxrecords=250&format=json&DATE=202501
www.crowleypostsignal.com,December 2024,https://api.gdeltproject.org/api/v2/doc/doc?query=domain:www.crowleypostsignal.com&mode=artlist&maxrecords=250&format=json&DATE=202412
www.crowleypostsignal.com,November 2024,https://api.gdeltproject.org/api/v2/doc/doc?query=domain:www.crowleypostsignal.com&mode=artlist&maxrecords=250&format=json&DATE=202411
www.crowleypostsignal.com,October 2024,https://api.gdeltproject.org/api/v2/doc/doc?query=domain:www.crowleypostsignal.com&mode=artlist&maxrecords=250&format=json&DATE=202410
www.crowleypostsignal.com,September 2024,https://api.gdeltproject.org/api/v2/doc/doc?query=domain:www.crowleypostsignal.com&mode=artlist&maxrecords=250&format=json&DATE=202409
www.crowleypostsignal.com,August 2024,https://api.gdeltproject.org/api/v2/doc/doc?query=domain:www.crowleypostsignal.com&mode=artlist&maxrecords=250&format=json&DATE=202408
www.crowleypostsignal.com,July 2024,https://api.gdeltproject.org/api/v2/doc/doc?query=domain:www.crowleypostsignal.com&mode=artlist&maxrecords=250&format=json&DATE=202407
www.crowleypostsignal.com,June 2024,https://api.gdeltproject.org/api/v2/doc/doc?query=domain:www.crowleypostsignal.com&mode=artlist&maxrecords=250&format=json&DATE=202406
www.crowleypostsignal.com,May 2024,https://api.gdeltproject.org/api/v2/doc/doc?query=domain:www.crowleypostsignal.com&mode=artlist&maxrecords=250&format=json&DATE=202405
www.crowleypostsignal.com,April 2024,https://api.gdeltproject.org/api/v2/doc/doc?query=domain:www.crowleypostsignal.com&mode=artlist&maxrecords=250&format=json&DATE=202404
www.daily-review.com,March 2025,https://api.gdeltproject.org/api/v2/doc/doc?query=domain:www.daily-review.com&mode=artlist&maxrecords=250&format=json&DATE=202503
www.daily-review.com,February 2025,https://api.gdeltproject.org/api/v2/doc/doc?query=domain:www.daily-review.com&mode=artlist&maxrecords=250&format=json&DATE=202502
www.daily-review.com,January 2025,https://api.gdeltproject.org/api/v2/doc/doc?query=domain:www.daily-review.com&mode=artlist&maxrecords=250&format=json&DATE=202501
www.daily-review.com,December 2024,https://api.gdeltproject.org/api/v2/doc/doc?query=domain:www.daily-review.com&mode=artlist&maxrecords=250&format=json&DATE=202412
www.daily-review.com,November 2024,https://api.gdeltproject.org/api/v2/doc/doc?query=domain:www.daily-review.com&mode=artlist&maxrecords=250&format=json&DATE=202411
www.daily-review.com,October 2024,https://api.gdeltproject.org/api/v2/doc/doc?query=domain:www.daily-review.com&mode=artlist&maxrecords=250&format=json&DATE=202410
www.daily-review.com,September 2024,https://api.gdeltproject.org/api/v2/doc/doc?query=domain:www.daily-review.com&mode=artlist&maxrecords=250&format=json&DATE=202409
www.daily-review.com,August 2024,https://api.gdeltproject.org/api/v2/doc/doc?query=domain:www.daily-review.com&mode=artlist&maxrecords=250&format=json&DATE=202408
www.daily-review.com,July 2024,https://api.gdeltproject.org/api/v2/doc/doc?query=domain:www.daily-review.com&mode=artlist&maxrecords=250&format=json&DATE=202407
www.daily-review.com,June 2024,https://api.gdeltproject.org/api/v2/doc/doc?query=domain:www.daily-review.com&mode=artlist&maxrecords=250&format=json&DATE=202406
www.daily-review.com,May 2024,https://api.gdeltproject.org/api/v2/doc/doc?query=domain:www.daily-review.com&mode=artlist&maxrecords=250&format=json&DATE=202405
www.daily-review.com,April 2024,https://api.gdeltproject.org/api/v2/doc/doc?query=domain:www.daily-review.com&mode=artlist&maxrecords=250&format=json&DATE=202404
www.banner-tribune.com,March 2025,https://api.gdeltproject.org/api/v2/doc/doc?query=domain:www.banner-tribune.com&mode=artlist&maxrecords=250&format=json&DATE=202503
www.banner-tribune.com,February 2025,https://api.gdeltproject.org/api/v2/doc/doc?query=domain:www.banner-tribune.com&mode=artlist&maxrecords=250&format=json&DATE=202502
www.banner-tribune.com,January 2025,https://api.gdeltproject.org/api/v2/doc/doc?query=domain:www.banner-tribune.com&mode=artlist&maxrecords=250&format=json&DATE=202501
www.banner-tribune.com,December 2024,https://api.gdeltproject.org/api/v2/doc/doc?query=domain:www.banner-tribune.com&mode=artlist&maxrecords=250&format=json&DATE=202412
www.banner-tribune.com,November 2024,https://api.gdeltproject.org/api/v2/doc/doc?query=domain:www.banner-tribune.com&mode=artlist&maxrecords=250&format=json&DATE=202411
www.banner-tribune.com,October 2024,https://api.gdeltproject.org/api/v2/doc/doc?query=domain:www.banner-tribune.com&mode=artlist&maxrecords=250&format=json&DATE=202410
www.banner-tribune.com,September 2024,https://api.gdeltproject.org/api/v2/doc/doc?query=domain:www.banner-tribune.com&mode=artlist&maxrecords=250&format=json&DATE=202409
www.banner-tribune.com,August 2024,https://api.gdeltproject.org/api/v2/doc/doc?query=domain:www.banner-tribune.com&mode=artlist&maxrecords=250&format=json&DATE=202408
www.banner-tribune.com,July 2024,https://api.gdeltproject.org/api/v2/doc/doc?query=domain:www.banner-tribune.com&mode=artlist&maxrecords=250&format=json&DATE=202407
www.banner-tribune.com,June 2024,https://api.gdeltproject.org/api/v2/doc/doc?query=domain:www.banner-tribune.com&mode=artlist&maxrecords=250&format=json&DATE=202406
www.banner-tribune.com,May 2024,https://api.gdeltproject.org/api/v2/doc/doc?query=domain:www.banner-tribune.com&mode=artlist&maxrecords=250&format=json&DATE=202405
www.banner-tribune.com,April 2024,https://api.gdeltproject.org/api/v2/doc/doc?query=domain:www.banner-tribune.com&mode=artlist&maxrecords=250&format=json&DATE=202404
www.lobservateur.com,March 2025,https://api.gdeltproject.org/api/v2/doc/doc?query=domain:www.lobservateur.com&mode=artlist&maxrecords=250&format=json&DATE=202503
www.lobservateur.com,February 2025,https://api.gdeltproject.org/api/v2/doc/doc?query=domain:www.lobservateur.com&mode=artlist&maxrecords=250&format=json&DATE=202502
www.lobservateur.com,January 2025,https://api.gdeltproject.org/api/v2/doc/doc?query=domain:www.lobservateur.com&mode=artlist&maxrecords=250&format=json&DATE=202501
www.lobservateur.com,December 2024,https://api.gdeltproject.org/api/v2/doc/doc?query=domain:www.lobservateur.com&mode=artlist&maxrecords=250&format=json&DATE=202412
www.lobservateur.com,November 2024,https://api.gdeltproject.org/api/v2/doc/doc?query=domain:www.lobservateur.com&mode=artlist&maxrecords=250&format=json&DATE=202411
www.lobservateur.com,October 2024,https://api.gdeltproject.org/api/v2/doc/doc?query=domain:www.lobservateur.com&mode=artlist&maxrecords=250&format=json&DATE=202410
www.lobservateur.com,September 2024,https://api.gdeltproject.org/api/v2/doc/doc?query=domain:www.lobservateur.com&mode=artlist&maxrecords=250&format=json&DATE=202409
www.lobservateur.com,August 2024,https://api.gdeltproject.org/api/v2/doc/doc?query=domain:www.lobservateur.com&mode=artlist&maxrecords=250&format=json&DATE=202408
www.lobservateur.com,July 2024,https://api.gdeltproject.org/api/v2/doc/doc?query=domain:www.lobservateur.com&mode=artlist&maxrecords=250&format=json&DATE=202407
www.lobservateur.com,June 2024,https://api.gdeltproject.org/api/v2/doc/doc?query=domain:www.lobservateur.com&mode=artlist&maxrecords=250&format=json&DATE=202406
www.lobservateur.com,May 2024,https://api.gdeltproject.org/api/v2/doc/doc?query=domain:www.lobservateur.com&mode=artlist&maxrecords=250&format=json&DATE=202405
www.lobservateur.com,April 2024,https://api.gdeltproject.org/api/v2/doc/doc?query=domain:www.lobservateur.com&mode=artlist&maxrecords=250&format=json&DATE=202404
press-herald.com,March 2025,https://api.gdeltproject.org/api/v2/doc/doc?query=domain:press-herald.com&mode=artlist&maxrecords=250&format=json&DATE=202503
press-herald.com,February 2025,https://api.gdeltproject.org/api/v2/doc/doc?query=domain:press-herald.com&mode=artlist&maxrecords=250&format=json&DATE=202502
press-herald.com,January 2025,https://api.gdeltproject.org/api/v2/doc/doc?query=domain:press-herald.com&mode=artlist&maxrecords=250&format=json&DATE=202501
press-herald.com,December 2024,https://api.gdeltproject.org/api/v2/doc/doc?query=domain:press-herald.com&mode=artlist&maxrecords=250&format=json&DATE=202412
press-herald.com,November 2024,https://api.gdeltproject.org/api/v2/doc/doc?query=domain:press-herald.com&mode=artlist&maxrecords=250&format=json&DATE=202411
press-herald.com,October 2024,https://api.gdeltproject.org/api/v2/doc/doc?query=domain:press-herald.com&mode=artlist&maxrecords=250&format=json&DATE=202410
press-herald.com,September 2024,https://api.gdeltproject.org/api/v2/doc/doc?query=domain:press-herald.com&mode=artlist&maxrecords=250&format=json&DATE=202409
press-herald.com,August 2024,https://api.gdeltproject.org/api/v2/doc/doc?query=domain:press-herald.com&mode=artlist&maxrecords=250&format=json&DATE=202408
press-herald.com,July 2024,https://api.gdeltproject.org/api/v2/doc/doc?query=domain:press-herald.com&mode=artlist&maxrecords=250&format=json&DATE=202407
press-herald.com,June 2024,https://api.gdeltproject.org/api/v2/doc/doc?query=domain:press-herald.com&mode=artlist&maxrecords=250&format=json&DATE=202406
press-herald.com,May 2024,https://api.gdeltproject.org/api/v2/doc/doc?query=domain:press-herald.com&mode=artlist&maxrecords=250&format=json&DATE=202405
press-herald.com,April 2024,https://api.gdeltproject.org/api/v2/doc/doc?query=domain:press-herald.com&mode=artlist&maxrecords=250&format=json&DATE=202404
www.sunjournal.com/advertiser-democrat,March 2025,https://api.gdeltproject.org/api/v2/doc/doc?query=domain:www.sunjournal.com/advertiser-democrat&mode=artlist&maxrecords=250&format=json&DATE=202503
www.sunjournal.com/advertiser-democrat,February 2025,https://api.gdeltproject.org/api/v2/doc/doc?query=domain:www.sunjournal.com/advertiser-democrat&mode=artlist&maxrecords=250&format=json&DATE=202502
www.sunjournal.com/advertiser-democrat,January 2025,https://api.gdeltproject.org/api/v2/doc/doc?query=domain:www.sunjournal.com/advertiser-democrat&mode=artlist&maxrecords=250&format=json&DATE=202501
www.sunjournal.com/advertiser-democrat,December 2024,https://api.gdeltproject.org/api/v2/doc/doc?query=domain:www.sunjournal.com/advertiser-democrat&mode=artlist&maxrecords=250&format=json&DATE=202412
www.sunjournal.com/advertiser-democrat,November 2024,https://api.gdeltproject.org/api/v2/doc/doc?query=domain:www.sunjournal.com/advertiser-democrat&mode=artlist&maxrecords=250&format=json&DATE=202411
www.sunjournal.com/advertiser-democrat,October 2024,https://api.gdeltproject.org/api/v2/doc/doc?query=domain:www.sunjournal.com/advertiser-democrat&mode=artlist&maxrecords=250&format=json&DATE=202410
www.sunjournal.com/advertiser-democrat,September 2024,https://api.gdeltproject.org/api/v2/doc/doc?query=domain:www.sunjournal.com/advertiser-democrat&mode=artlist&maxrecords=250&format=json&DATE=202409
www.sunjournal.com/advertiser-democrat,August 2024,https://api.gdeltproject.org/api/v2/doc/doc?query=domain:www.sunjournal.com/advertiser-democrat&mode=artlist&maxrecords=250&format=json&DATE=202408
www.sunjournal.com/advertiser-democrat,July 2024,https://api.gdeltproject.org/api/v2/doc/doc?query=domain:www.sunjournal.com/advertiser-democrat&mode=artlist&maxrecords=250&format=json&DATE=202407
www.sunjournal.com/advertiser-democrat,June 2024,https://api.gdeltproject.org/api/v2/doc/doc?query=domain:www.sunjournal.com/advertiser-democrat&mode=artlist&maxrecords=250&format=json&DATE=202406
www.sunjournal.com/advertiser-democrat,May 2024,https://api.gdeltproject.org/api/v2/doc/doc?query=domain:www.sunjournal.com/advertiser-democrat&mode=artlist&maxrecords=250&format=json&DATE=202405
www.sunjournal.com/advertiser-democrat,April 2024,https://api.gdeltproject.org/api/v2/doc/doc?query=domain:www.sunjournal.com/advertiser-democrat&mode=artlist&maxrecords=250&format=json&DATE=202404
www.ellsworthamerican.com,March 2025,https://api.gdeltproject.org/api/v2/doc/doc?query=domain:www.ellsworthamerican.com&mode=artlist&maxrecords=250&format=json&DATE=202503
www.ellsworthamerican.com,February 2025,https://api.gdeltproject.org/api/v2/doc/doc?query=domain:www.ellsworthamerican.com&mode=artlist&maxrecords=250&format=json&DATE=202502
www.ellsworthamerican.com,January 2025,https://api.gdeltproject.org/api/v2/doc/doc?query=domain:www.ellsworthamerican.com&mode=artlist&maxrecords=250&format=json&DATE=202501
www.ellsworthamerican.com,December 2024,https://api.gdeltproject.org/api/v2/doc/doc?query=domain:www.ellsworthamerican.com&mode=artlist&maxrecords=250&format=json&DATE=202412
www.ellsworthamerican.com,November 2024,https://api.gdeltproject.org/api/v2/doc/doc?query=domain:www.ellsworthamerican.com&mode=artlist&maxrecords=250&format=json&DATE=202411
www.ellsworthamerican.com,October 2024,https://api.gdeltproject.org/api/v2/doc/doc?query=domain:www.ellsworthamerican.com&mode=artlist&maxrecords=250&format=json&DATE=202410
www.ellsworthamerican.com,September 2024,https://api.gdeltproject.org/api/v2/doc/doc?query=domain:www.ellsworthamerican.com&mode=artlist&maxrecords=250&format=json&DATE=202409
www.ellsworthamerican.com,August 2024,https://api.gdeltproject.org/api/v2/doc/doc?query=domain:www.ellsworthamerican.com&mode=artlist&maxrecords=250&format=json&DATE=202408
www.ellsworthamerican.com,July 2024,https://api.gdeltproject.org/api/v2/doc/doc?query=domain:www.ellsworthamerican.com&mode=artlist&maxrecords=250&format=json&DATE=202407
www.ellsworthamerican.com,June 2024,https://api.gdeltproject.org/api/v2/doc/doc?query=domain:www.ellsworthamerican.com&mode=artlist&maxrecords=250&format=json&DATE=202406
www.ellsworthamerican.com,May 2024,https://api.gdeltproject.org/api/v2/doc/doc?query=domain:www.ellsworthamerican.com&mode=artlist&maxrecords=250&format=json&DATE=202405
www.ellsworthamerican.com,April 2024,https://api.gdeltproject.org/api/v2/doc/doc?query=domain:www.ellsworthamerican.com&mode=artlist&maxrecords=250&format=json&DATE=202404
www.centralmaine.com,March 2025,https://api.gdeltproject.org/api/v2/doc/doc?query=domain:www.centralmaine.com&mode=artlist&maxrecords=250&format=json&DATE=202503
www.centralmaine.com,February 2025,https://api.gdeltproject.org/api/v2/doc/doc?query=domain:www.centralmaine.com&mode=artlist&maxrecords=250&format=json&DATE=202502
www.centralmaine.com,January 2025,https://api.gdeltproject.org/api/v2/doc/doc?query=domain:www.centralmaine.com&mode=artlist&maxrecords=250&format=json&DATE=202501
www.centralmaine.com,December 2024,https://api.gdeltproject.org/api/v2/doc/doc?query=domain:www.centralmaine.com&mode=artlist&maxrecords=250&format=json&DATE=202412
www.centralmaine.com,November 2024,https://api.gdeltproject.org/api/v2/doc/doc?query=domain:www.centralmaine.com&mode=artlist&maxrecords=250&format=json&DATE=202411
www.centralmaine.com,October 2024,https://api.gdeltproject.org/api/v2/doc/doc?query=domain:www.centralmaine.com&mode=artlist&maxrecords=250&format=json&DATE=202410
www.centralmaine.com,September 2024,https://api.gdeltproject.org/api/v2/doc/doc?query=domain:www.centralmaine.com&mode=artlist&maxrecords=250&format=json&DATE=202409
www.centralmaine.com,August 2024,https://api.gdeltproject.org/api/v2/doc/doc?query=domain:www.centralmaine.com&mode=artlist&maxrecords=250&format=json&DATE=202408
www.centralmaine.com,July 2024,https://api.gdeltproject.org/api/v2/doc/doc?query=domain:www.centralmaine.com&mode=artlist&maxrecords=250&format=json&DATE=202407
www.centralmaine.com,June 2024,https://api.gdeltproject.org/api/v2/doc/doc?query=domain:www.centralmaine.com&mode=artlist&maxrecords=250&format=json&DATE=202406
www.centralmaine.com,May 2024,https://api.gdeltproject.org/api/v2/doc/doc?query=domain:www.centralmaine.com&mode=artlist&maxrecords=250&format=json&DATE=202405
www.centralmaine.com,April 2024,https://api.gdeltproject.org/api/v2/doc/doc?query=domain:www.centralmaine.com&mode=artlist&maxrecords=250&format=json&DATE=202404
www.sunjournal.com,March 2025,https://api.gdeltproject.org/api/v2/doc/doc?query=domain:www.sunjournal.com&mode=artlist&maxrecords=250&format=json&DATE=202503
www.sunjournal.com,February 2025,https://api.gdeltproject.org/api/v2/doc/doc?query=domain:www.sunjournal.com&mode=artlist&maxrecords=250&format=json&DATE=202502
www.sunjournal.com,January 2025,https://api.gdeltproject.org/api/v2/doc/doc?query=domain:www.sunjournal.com&mode=artlist&maxrecords=250&format=json&DATE=202501
www.sunjournal.com,December 2024,https://api.gdeltproject.org/api/v2/doc/doc?query=domain:www.sunjournal.com&mode=artlist&maxrecords=250&format=json&DATE=202412
www.sunjournal.com,November 2024,https://api.gdeltproject.org/api/v2/doc/doc?query=domain:www.sunjournal.com&mode=artlist&maxrecords=250&format=json&DATE=202411
www.sunjournal.com,October 2024,https://api.gdeltproject.org/api/v2/doc/doc?query=domain:www.sunjournal.com&mode=artlist&maxrecords=250&format=json&DATE=202410
www.sunjournal.com,September 2024,https://api.gdeltproject.org/api/v2/doc/doc?query=domain:www.sunjournal.com&mode=artlist&maxrecords=250&format=json&DATE=202409
www.sunjournal.com,August 2024,https://api.gdeltproject.org/api/v2/doc/doc?query=domain:www.sunjournal.com&mode=artlist&maxrecords=250&format=json&DATE=202408
www.sunjournal.com,July 2024,https://api.gdeltproject.org/api/v2/doc/doc?query=domain:www.sunjournal.com&mode=artlist&maxrecords=250&format=json&DATE=202407
www.sunjournal.com,June 2024,https://api.gdeltproject.org/api/v2/doc/doc?query=domain:www.sunjournal.com&mode=artlist&maxrecords=250&format=json&DATE=202406
www.sunjournal.com,May 2024,https://api.gdeltproject.org/api/v2/doc/doc?query=domain:www.sunjournal.com&mode=artlist&maxrecords=250&format=json&DATE=202405
www.sunjournal.com,April 2024,https://api.gdeltproject.org/api/v2/doc/doc?query=domain:www.sunjournal.com&mode=artlist&maxrecords=250&format=json&DATE=202404
www.timesrecord.com,March 2025,https://api.gdeltproject.org/api/v2/doc/doc?query=domain:www.timesrecord.com&mode=artlist&maxrecords=250&format=json&DATE=202503
www.timesrecord.com,February 2025,https://api.gdeltproject.org/api/v2/doc/doc?query=domain:www.timesrecord.com&mode=artlist&maxrecords=250&format=json&DATE=202502
www.timesrecord.com,January 2025,https://api.gdeltproject.org/api/v2/doc/doc?query=domain:www.timesrecord.com&mode=artlist&maxrecords=250&format=json&DATE=202501
www.timesrecord.com,December 2024,https://api.gdeltproject.org/api/v2/doc/doc?query=domain:www.timesrecord.com&mode=artlist&maxrecords=250&format=json&DATE=202412
www.timesrecord.com,November 2024,https://api.gdeltproject.org/api/v2/doc/doc?query=domain:www.timesrecord.com&mode=artlist&maxrecords=250&format=json&DATE=202411
www.timesrecord.com,October 2024,https://api.gdeltproject.org/api/v2/doc/doc?query=domain:www.timesrecord.com&mode=artlist&maxrecords=250&format=json&DATE=202410
www.timesrecord.com,September 2024,https://api.gdeltproject.org/api/v2/doc/doc?query=domain:www.timesrecord.com&mode=artlist&maxrecords=250&format=json&DATE=202409
www.timesrecord.com,August 2024,https://api.gdeltproject.org/api/v2/doc/doc?query=domain:www.timesrecord.com&mode=artlist&maxrecords=250&format=json&DATE=202408
www.timesrecord.com,July 2024,https://api.gdeltproject.org/api/v2/doc/doc?query=domain:www.timesrecord.com&mode=artlist&maxrecords=250&format=json&DATE=202407
www.timesrecord.com,June 2024,https://api.gdeltproject.org/api/v2/doc/doc?query=domain:www.timesrecord.com&mode=artlist&maxrecords=250&format=json&DATE=202406
www.timesrecord.com,May 2024,https://api.gdeltproject.org/api/v2/doc/doc?query=domain:www.timesrecord.com&mode=artlist&maxrecords=250&format=json&DATE=202405
www.timesrecord.com,April 2024,https://api.gdeltproject.org/api/v2/doc/doc?query=domain:www.timesrecord.com&mode=artlist&maxrecords=250&format=json&DATE=202404
arlington.wickedlocal.com,March 2025,https://api.gdeltproject.org/api/v2/doc/doc?query=domain:arlington.wickedlocal.com&mode=artlist&maxrecords=250&format=json&DATE=202503
arlington.wickedlocal.com,February 2025,https://api.gdeltproject.org/api/v2/doc/doc?query=domain:arlington.wickedlocal.com&mode=artlist&maxrecords=250&format=json&DATE=202502
arlington.wickedlocal.com,January 2025,https://api.gdeltproject.org/api/v2/doc/doc?query=domain:arlington.wickedlocal.com&mode=artlist&maxrecords=250&format=json&DATE=202501
arlington.wickedlocal.com,December 2024,https://api.gdeltproject.org/api/v2/doc/doc?query=domain:arlington.wickedlocal.com&mode=artlist&maxrecords=250&format=json&DATE=202412
arlington.wickedlocal.com,November 2024,https://api.gdeltproject.org/api/v2/doc/doc?query=domain:arlington.wickedlocal.com&mode=artlist&maxrecords=250&format=json&DATE=202411
arlington.wickedlocal.com,October 2024,https://api.gdeltproject.org/api/v2/doc/doc?query=domain:arlington.wickedlocal.com&mode=artlist&maxrecords=250&format=json&DATE=202410
arlington.wickedlocal.com,September 2024,https://api.gdeltproject.org/api/v2/doc/doc?query=domain:arlington.wickedlocal.com&mode=artlist&maxrecords=250&format=json&DATE=202409
arlington.wickedlocal.com,August 2024,https://api.gdeltproject.org/api/v2/doc/doc?query=domain:arlington.wickedlocal.com&mode=artlist&maxrecords=250&format=json&DATE=202408
arlington.wickedlocal.com,July 2024,https://api.gdeltproject.org/api/v2/doc/doc?query=domain:arlington.wickedlocal.com&mode=artlist&maxrecords=250&format=json&DATE=202407
arlington.wickedlocal.com,June 2024,https://api.gdeltproject.org/api/v2/doc/doc?query=domain:arlington.wickedlocal.com&mode=artlist&maxrecords=250&format=json&DATE=202406
arlington.wickedlocal.com,May 2024,https://api.gdeltproject.org/api/v2/doc/doc?query=domain:arlington.wickedlocal.com&mode=artlist&maxrecords=250&format=json&DATE=202405
arlington.wickedlocal.com,April 2024,https://api.gdeltproject.org/api/v2/doc/doc?query=domain:arlington.wickedlocal.com&mode=artlist&maxrecords=250&format=json&DATE=202404
belmont.wickedlocal.com,March 2025,https://api.gdeltproject.org/api/v2/doc/doc?query=domain:belmont.wickedlocal.com&mode=artlist&maxrecords=250&format=json&DATE=202503
belmont.wickedlocal.com,February 2025,https://api.gdeltproject.org/api/v2/doc/doc?query=domain:belmont.wickedlocal.com&mode=artlist&maxrecords=250&format=json&DATE=202502
belmont.wickedlocal.com,January 2025,https://api.gdeltproject.org/api/v2/doc/doc?query=domain:belmont.wickedlocal.com&mode=artlist&maxrecords=250&format=json&DATE=202501
belmont.wickedlocal.com,December 2024,https://api.gdeltproject.org/api/v2/doc/doc?query=domain:belmont.wickedlocal.com&mode=artlist&maxrecords=250&format=json&DATE=202412
belmont.wickedlocal.com,November 2024,https://api.gdeltproject.org/api/v2/doc/doc?query=domain:belmont.wickedlocal.com&mode=artlist&maxrecords=250&format=json&DATE=202411
belmont.wickedlocal.com,October 2024,https://api.gdeltproject.org/api/v2/doc/doc?query=domain:belmont.wickedlocal.com&mode=artlist&maxrecords=250&format=json&DATE=202410
belmont.wickedlocal.com,September 2024,https://api.gdeltproject.org/api/v2/doc/doc?query=domain:belmont.wickedlocal.com&mode=artlist&maxrecords=250&format=json&DATE=202409
belmont.wickedlocal.com,August 2024,https://api.gdeltproject.org/api/v2/doc/doc?query=domain:belmont.wickedlocal.com&mode=artlist&maxrecords=250&format=json&DATE=202408
belmont.wickedlocal.com,July 2024,https://api.gdeltproject.org/api/v2/doc/doc?query=domain:belmont.wickedlocal.com&mode=artlist&maxrecords=250&format=json&DATE=202407
belmont.wickedlocal.com,June 2024,https://api.gdeltproject.org/api/v2/doc/doc?query=domain:belmont.wickedlocal.com&mode=artlist&maxrecords=250&format=json&DATE=202406
belmont.wickedlocal.com,May 2024,https://api.gdeltproject.org/api/v2/doc/doc?query=domain:belmont.wickedlocal.com&mode=artlist&maxrecords=250&format=json&DATE=202405
belmont.wickedlocal.com,April 2024,https://api.gdeltproject.org/api/v2/doc/doc?query=domain:belmont.wickedlocal.com&mode=artlist&maxrecords=250&format=json&DATE=202404
beverly.wickedlocal.com,March 2025,https://api.gdeltproject.org/api/v2/doc/doc?query=domain:beverly.wickedlocal.com&mode=artlist&maxrecords=250&format=json&DATE=202503
beverly.wickedlocal.com,February 2025,https://api.gdeltproject.org/api/v2/doc/doc?query=domain:beverly.wickedlocal.com&mode=artlist&maxrecords=250&format=json&DATE=202502
beverly.wickedlocal.com,January 2025,https://api.gdeltproject.org/api/v2/doc/doc?query=domain:beverly.wickedlocal.com&mode=artlist&maxrecords=250&format=json&DATE=202501
beverly.wickedlocal.com,December 2024,https://api.gdeltproject.org/api/v2/doc/doc?query=domain:beverly.wickedlocal.com&mode=artlist&maxrecords=250&format=json&DATE=202412
beverly.wickedlocal.com,November 2024,https://api.gdeltproject.org/api/v2/doc/doc?query=domain:beverly.wickedlocal.com&mode=artlist&maxrecords=250&format=json&DATE=202411
beverly.wickedlocal.com,October 2024,https://api.gdeltproject.org/api/v2/doc/doc?query=domain:beverly.wickedlocal.com&mode=artlist&maxrecords=250&format=json&DATE=202410
beverly.wickedlocal.com,September 2024,https://api.gdeltproject.org/api/v2/doc/doc?query=domain:beverly.wickedlocal.com&mode=artlist&maxrecords=250&format=json&DATE=202409
beverly.wickedlocal.com,August 2024,https://api.gdeltproject.org/api/v2/doc/doc?query=domain:beverly.wickedlocal.com&mode=artlist&maxrecords=250&format=json&DATE=202408
beverly.wickedlocal.com,July 2024,https://api.gdeltproject.org/api/v2/doc/doc?query=domain:beverly.wickedlocal.com&mode=artlist&maxrecords=250&format=json&DATE=202407
beverly.wickedlocal.com,June 2024,https://api.gdeltproject.org/api/v2/doc/doc?query=domain:beverly.wickedlocal.com&mode=artlist&maxrecords=250&format=json&DATE=202406
beverly.wickedlocal.com,May 2024,https://api.gdeltproject.org/api/v2/doc/doc?query=domain:beverly.wickedlocal.com&mode=artlist&maxrecords=250&format=json&DATE=202405
beverly.wickedlocal.com,April 2024,https://api.gdeltproject.org/api/v2/doc/doc?query=domain:beverly.wickedlocal.com&mode=artlist&maxrecords=250&format=json&DATE=202404
www.bostonherald.com,March 2025,https://api.gdeltproject.org/api/v2/doc/doc?query=domain:www.bostonherald.com&mode=artlist&maxrecords=250&format=json&DATE=202503
www.bostonherald.com,February 2025,https://api.gdeltproject.org/api/v2/doc/doc?query=domain:www.bostonherald.com&mode=artlist&maxrecords=250&format=json&DATE=202502
www.bostonherald.com,January 2025,https://api.gdeltproject.org/api/v2/doc/doc?query=domain:www.bostonherald.com&mode=artlist&maxrecords=250&format=json&DATE=202501
www.bostonherald.com,December 2024,https://api.gdeltproject.org/api/v2/doc/doc?query=domain:www.bostonherald.com&mode=artlist&maxrecords=250&format=json&DATE=202412
www.bostonherald.com,November 2024,https://api.gdeltproject.org/api/v2/doc/doc?query=domain:www.bostonherald.com&mode=artlist&maxrecords=250&format=json&DATE=202411
www.bostonherald.com,October 2024,https://api.gdeltproject.org/api/v2/doc/doc?query=domain:www.bostonherald.com&mode=artlist&maxrecords=250&format=json&DATE=202410
www.bostonherald.com,September 2024,https://api.gdeltproject.org/api/v2/doc/doc?query=domain:www.bostonherald.com&mode=artlist&maxrecords=250&format=json&DATE=202409
www.bostonherald.com,August 2024,https://api.gdeltproject.org/api/v2/doc/doc?query=domain:www.bostonherald.com&mode=artlist&maxrecords=250&format=json&DATE=202408
www.bostonherald.com,July 2024,https://api.gdeltproject.org/api/v2/doc/doc?query=domain:www.bostonherald.com&mode=artlist&maxrecords=250&format=json&DATE=202407
www.bostonherald.com,June 2024,https://api.gdeltproject.org/api/v2/doc/doc?query=domain:www.bostonherald.com&mode=artlist&maxrecords=250&format=json&DATE=202406
www.bostonherald.com,May 2024,https://api.gdeltproject.org/api/v2/doc/doc?query=domain:www.bostonherald.com&mode=artlist&maxrecords=250&format=json&DATE=202405
www.bostonherald.com,April 2024,https://api.gdeltproject.org/api/v2/doc/doc?query=domain:www.bostonherald.com&mode=artlist&maxrecords=250&format=json&DATE=202404
brookline.wickedlocal.com,March 2025,https://api.gdeltproject.org/api/v2/doc/doc?query=domain:brookline.wickedlocal.com&mode=artlist&maxrecords=250&format=json&DATE=202503
brookline.wickedlocal.com,February 2025,https://api.gdeltproject.org/api/v2/doc/doc?query=domain:brookline.wickedlocal.com&mode=artlist&maxrecords=250&format=json&DATE=202502
brookline.wickedlocal.com,January 2025,https://api.gdeltproject.org/api/v2/doc/doc?query=domain:brookline.wickedlocal.com&mode=artlist&maxrecords=250&format=json&DATE=202501
brookline.wickedlocal.com,December 2024,https://api.gdeltproject.org/api/v2/doc/doc?query=domain:brookline.wickedlocal.com&mode=artlist&maxrecords=250&format=json&DATE=202412
brookline.wickedlocal.com,November 2024,https://api.gdeltproject.org/api/v2/doc/doc?query=domain:brookline.wickedlocal.com&mode=artlist&maxrecords=250&format=json&DATE=202411
brookline.wickedlocal.com,October 2024,https://api.gdeltproject.org/api/v2/doc/doc?query=domain:brookline.wickedlocal.com&mode=artlist&maxrecords=250&format=json&DATE=202410
brookline.wickedlocal.com,September 2024,https://api.gdeltproject.org/api/v2/doc/doc?query=domain:brookline.wickedlocal.com&mode=artlist&maxrecords=250&format=json&DATE=202409
brookline.wickedlocal.com,August 2024,https://api.gdeltproject.org/api/v2/doc/doc?query=domain:brookline.wickedlocal.com&mode=artlist&maxrecords=250&format=json&DATE=202408
brookline.wickedlocal.com,July 2024,https://api.gdeltproject.org/api/v2/doc/doc?query=domain:brookline.wickedlocal.com&mode=artlist&maxrecords=250&format=json&DATE=202407
brookline.wickedlocal.com,June 2024,https://api.gdeltproject.org/api/v2/doc/doc?query=domain:brookline.wickedlocal.com&mode=artlist&maxrecords=250&format=json&DATE=202406
brookline.wickedlocal.com,May 2024,https://api.gdeltproject.org/api/v2/doc/doc?query=domain:brookline.wickedlocal.com&mode=artlist&maxrecords=250&format=json&DATE=202405
brookline.wickedlocal.com,April 2024,https://api.gdeltproject.org/api/v2/doc/doc?query=domain:brookline.wickedlocal.com&mode=artlist&maxrecords=250&format=json&DATE=202404
cambridge.wickedlocal.com,March 2025,https://api.gdeltproject.org/api/v2/doc/doc?query=domain:cambridge.wickedlocal.com&mode=artlist&maxrecords=250&format=json&DATE=202503
cambridge.wickedlocal.com,February 2025,https://api.gdeltproject.org/api/v2/doc/doc?query=domain:cambridge.wickedlocal.com&mode=artlist&maxrecords=250&format=json&DATE=202502
cambridge.wickedlocal.com,January 2025,https://api.gdeltproject.org/api/v2/doc/doc?query=domain:cambridge.wickedlocal.com&mode=artlist&maxrecords=250&format=json&DATE=202501
cambridge.wickedlocal.com,December 2024,https://api.gdeltproject.org/api/v2/doc/doc?query=domain:cambridge.wickedlocal.com&mode=artlist&maxrecords=250&format=json&DATE=202412
cambridge.wickedlocal.com,November 2024,https://api.gdeltproject.org/api/v2/doc/doc?query=domain:cambridge.wickedlocal.com&mode=artlist&maxrecords=250&format=json&DATE=202411
cambridge.wickedlocal.com,October 2024,https://api.gdeltproject.org/api/v2/doc/doc?query=domain:cambridge.wickedlocal.com&mode=artlist&maxrecords=250&format=json&DATE=202410
cambridge.wickedlocal.com,September 2024,https://api.gdeltproject.org/api/v2/doc/doc?query=domain:cambridge.wickedlocal.com&mode=artlist&maxrecords=250&format=json&DATE=202409
cambridge.wickedlocal.com,August 2024,https://api.gdeltproject.org/api/v2/doc/doc?query=domain:cambridge.wickedlocal.com&mode=artlist&maxrecords=250&format=json&DATE=202408
cambridge.wickedlocal.com,July 2024,https://api.gdeltproject.org/api/v2/doc/doc?query=domain:cambridge.wickedlocal.com&mode=artlist&maxrecords=250&format=json&DATE=202407
cambridge.wickedlocal.com,June 2024,https://api.gdeltproject.org/api/v2/doc/doc?query=domain:cambridge.wickedlocal.com&mode=artlist&maxrecords=250&format=json&DATE=202406
cambridge.wickedlocal.com,May 2024,https://api.gdeltproject.org/api/v2/doc/doc?query=domain:cambridge.wickedlocal.com&mode=artlist&maxrecords=250&format=json&DATE=202405
cambridge.wickedlocal.com,April 2024,https://api.gdeltproject.org/api/v2/doc/doc?query=domain:cambridge.wickedlocal.com&mode=artlist&maxrecords=250&format=json&DATE=202404
www.communityadvocate.com,March 2025,https://api.gdeltproject.org/api/v2/doc/doc?query=domain:www.communityadvocate.com&mode=artlist&maxrecords=250&format=json&DATE=202503
www.communityadvocate.com,February 2025,https://api.gdeltproject.org/api/v2/doc/doc?query=domain:www.communityadvocate.com&mode=artlist&maxrecords=250&format=json&DATE=202502
www.communityadvocate.com,January 2025,https://api.gdeltproject.org/api/v2/doc/doc?query=domain:www.communityadvocate.com&mode=artlist&maxrecords=250&format=json&DATE=202501
www.communityadvocate.com,December 2024,https://api.gdeltproject.org/api/v2/doc/doc?query=domain:www.communityadvocate.com&mode=artlist&maxrecords=250&format=json&DATE=202412
www.communityadvocate.com,November 2024,https://api.gdeltproject.org/api/v2/doc/doc?query=domain:www.communityadvocate.com&mode=artlist&maxrecords=250&format=json&DATE=202411
www.communityadvocate.com,October 2024,https://api.gdeltproject.org/api/v2/doc/doc?query=domain:www.communityadvocate.com&mode=artlist&maxrecords=250&format=json&DATE=202410
www.communityadvocate.com,September 2024,https://api.gdeltproject.org/api/v2/doc/doc?query=domain:www.communityadvocate.com&mode=artlist&maxrecords=250&format=json&DATE=202409
www.communityadvocate.com,August 2024,https://api.gdeltproject.org/api/v2/doc/doc?query=domain:www.communityadvocate.com&mode=artlist&maxrecords=250&format=json&DATE=202408
www.communityadvocate.com,July 2024,https://api.gdeltproject.org/api/v2/doc/doc?query=domain:www.communityadvocate.com&mode=artlist&maxrecords=250&format=json&DATE=202407
www.communityadvocate.com,June 2024,https://api.gdeltproject.org/api/v2/doc/doc?query=domain:www.communityadvocate.com&mode=artlist&maxrecords=250&format=json&DATE=202406
www.communityadvocate.com,May 2024,https://api.gdeltproject.org/api/v2/doc/doc?query=domain:www.communityadvocate.com&mode=artlist&maxrecords=250&format=json&DATE=202405
www.communityadvocate.com,April 2024,https://api.gdeltproject.org/api/v2/doc/doc?query=domain:www.communityadvocate.com&mode=artlist&maxrecords=250&format=json&DATE=202404
concord.wickedlocal.com,March 2025,https://api.gdeltproject.org/api/v2/doc/doc?query=domain:concord.wickedlocal.com&mode=artlist&maxrecords=250&format=json&DATE=202503
concord.wickedlocal.com,February 2025,https://api.gdeltproject.org/api/v2/doc/doc?query=domain:concord.wickedlocal.com&mode=artlist&maxrecords=250&format=json&DATE=202502
concord.wickedlocal.com,January 2025,https://api.gdeltproject.org/api/v2/doc/doc?query=domain:concord.wickedlocal.com&mode=artlist&maxrecords=250&format=json&DATE=202501
concord.wickedlocal.com,December 2024,https://api.gdeltproject.org/api/v2/doc/doc?query=domain:concord.wickedlocal.com&mode=artlist&maxrecords=250&format=json&DATE=202412
concord.wickedlocal.com,November 2024,https://api.gdeltproject.org/api/v2/doc/doc?query=domain:concord.wickedlocal.com&mode=artlist&maxrecords=250&format=json&DATE=202411
concord.wickedlocal.com,October 2024,https://api.gdeltproject.org/api/v2/doc/doc?query=domain:concord.wickedlocal.com&mode=artlist&maxrecords=250&format=json&DATE=202410
concord.wickedlocal.com,September 2024,https://api.gdeltproject.org/api/v2/doc/doc?query=domain:concord.wickedlocal.com&mode=artlist&maxrecords=250&format=json&DATE=202409
concord.wickedlocal.com,August 2024,https://api.gdeltproject.org/api/v2/doc/doc?query=domain:concord.wickedlocal.com&mode=artlist&maxrecords=250&format=json&DATE=202408
concord.wickedlocal.com,July 2024,https://api.gdeltproject.org/api/v2/doc/doc?query=domain:concord.wickedlocal.com&mode=artlist&maxrecords=250&format=json&DATE=202407
concord.wickedlocal.com,June 2024,https://api.gdeltproject.org/api/v2/doc/doc?query=domain:concord.wickedlocal.com&mode=artlist&maxrecords=250&format=json&DATE=202406
concord.wickedlocal.com,May 2024,https://api.gdeltproject.org/api/v2/doc/doc?query=domain:concord.wickedlocal.com&mode=artlist&maxrecords=250&format=json&DATE=202405
concord.wickedlocal.com,April 2024,https://api.gdeltproject.org/api/v2/doc/doc?query=domain:concord.wickedlocal.com&mode=artlist&maxrecords=250&format=json&DATE=202404
www.dotnews.com,March 2025,https://api.gdeltproject.org/api/v2/doc/doc?query=domain:www.dotnews.com&mode=artlist&maxrecords=250&format=json&DATE=202503
www.dotnews.com,February 2025,https://api.gdeltproject.org/api/v2/doc/doc?query=domain:www.dotnews.com&mode=artlist&maxrecords=250&format=json&DATE=202502
www.dotnews.com,January 2025,https://api.gdeltproject.org/api/v2/doc/doc?query=domain:www.dotnews.com&mode=artlist&maxrecords=250&format=json&DATE=202501
www.dotnews.com,December 2024,https://api.gdeltproject.org/api/v2/doc/doc?query=domain:www.dotnews.com&mode=artlist&maxrecords=250&format=json&DATE=202412
www.dotnews.com,November 2024,https://api.gdeltproject.org/api/v2/doc/doc?query=domain:www.dotnews.com&mode=artlist&maxrecords=250&format=json&DATE=202411
www.dotnews.com,October 2024,https://api.gdeltproject.org/api/v2/doc/doc?query=domain:www.dotnews.com&mode=artlist&maxrecords=250&format=json&DATE=202410
www.dotnews.com,September 2024,https://api.gdeltproject.org/api/v2/doc/doc?query=domain:www.dotnews.com&mode=artlist&maxrecords=250&format=json&DATE=202409
www.dotnews.com,August 2024,https://api.gdeltproject.org/api/v2/doc/doc?query=domain:www.dotnews.com&mode=artlist&maxrecords=250&format=json&DATE=202408
www.dotnews.com,July 2024,https://api.gdeltproject.org/api/v2/doc/doc?query=domain:www.dotnews.com&mode=artlist&maxrecords=250&format=json&DATE=202407
www.dotnews.com,June 2024,https://api.gdeltproject.org/api/v2/doc/doc?query=domain:www.dotnews.com&mode=artlist&maxrecords=250&format=json&DATE=202406
www.dotnews.com,May 2024,https://api.gdeltproject.org/api/v2/doc/doc?query=domain:www.dotnews.com&mode=artlist&maxrecords=250&format=json&DATE=202405
www.dotnews.com,April 2024,https://api.gdeltproject.org/api/v2/doc/doc?query=domain:www.dotnews.com&mode=artlist&maxrecords=250&format=json&DATE=202404
www.duxburyclipper.com,March 2025,https://api.gdeltproject.org/api/v2/doc/doc?query=domain:www.duxburyclipper.com&mode=artlist&maxrecords=250&format=json&DATE=202503
www.duxburyclipper.com,February 2025,https://api.gdeltproject.org/api/v2/doc/doc?query=domain:www.duxburyclipper.com&mode=artlist&maxrecords=250&format=json&DATE=202502
www.duxburyclipper.com,January 2025,https://api.gdeltproject.org/api/v2/doc/doc?query=domain:www.duxburyclipper.com&mode=artlist&maxrecords=250&format=json&DATE=202501
www.duxburyclipper.com,December 2024,https://api.gdeltproject.org/api/v2/doc/doc?query=domain:www.duxburyclipper.com&mode=artlist&maxrecords=250&format=json&DATE=202412
www.duxburyclipper.com,November 2024,https://api.gdeltproject.org/api/v2/doc/doc?query=domain:www.duxburyclipper.com&mode=artlist&maxrecords=250&format=json&DATE=202411
www.duxburyclipper.com,October 2024,https://api.gdeltproject.org/api/v2/doc/doc?query=domain:www.duxburyclipper.com&mode=artlist&maxrecords=250&format=json&DATE=202410
www.duxburyclipper.com,September 2024,https://api.gdeltproject.org/api/v2/doc/doc?query=domain:www.duxburyclipper.com&mode=artlist&maxrecords=250&format=json&DATE=202409
www.duxburyclipper.com,August 2024,https://api.gdeltproject.org/api/v2/doc/doc?query=domain:www.duxburyclipper.com&mode=artlist&maxrecords=250&format=json&DATE=202408
www.duxburyclipper.com,July 2024,https://api.gdeltproject.org/api/v2/doc/doc?query=domain:www.duxburyclipper.com&mode=artlist&maxrecords=250&format=json&DATE=202407
www.duxburyclipper.com,June 2024,https://api.gdeltproject.org/api/v2/doc/doc?query=domain:www.duxburyclipper.com&mode=artlist&maxrecords=250&format=json&DATE=202406
www.duxburyclipper.com,May 2024,https://api.gdeltproject.org/api/v2/doc/doc?query=domain:www.duxburyclipper.com&mode=artlist&maxrecords=250&format=json&DATE=202405
www.duxburyclipper.com,April 2024,https://api.gdeltproject.org/api/v2/doc/doc?query=domain:www.duxburyclipper.com&mode=artlist&maxrecords=250&format=json&DATE=202404
everettindependent.com,March 2025,https://api.gdeltproject.org/api/v2/doc/doc?query=domain:everettindependent.com&mode=artlist&maxrecords=250&format=json&DATE=202503
everettindependent.com,February 2025,https://api.gdeltproject.org/api/v2/doc/doc?query=domain:everettindependent.com&mode=artlist&maxrecords=250&format=json&DATE=202502
everettindependent.com,January 2025,https://api.gdeltproject.org/api/v2/doc/doc?query=domain:everettindependent.com&mode=artlist&maxrecords=250&format=json&DATE=202501
everettindependent.com,December 2024,https://api.gdeltproject.org/api/v2/doc/doc?query=domain:everettindependent.com&mode=artlist&maxrecords=250&format=json&DATE=202412
everettindependent.com,November 2024,https://api.gdeltproject.org/api/v2/doc/doc?query=domain:everettindependent.com&mode=artlist&maxrecords=250&format=json&DATE=202411
everettindependent.com,October 2024,https://api.gdeltproject.org/api/v2/doc/doc?query=domain:everettindependent.com&mode=artlist&maxrecords=250&format=json&DATE=202410
everettindependent.com,September 2024,https://api.gdeltproject.org/api/v2/doc/doc?query=domain:everettindependent.com&mode=artlist&maxrecords=250&format=json&DATE=202409
everettindependent.com,August 2024,https://api.gdeltproject.org/api/v2/doc/doc?query=domain:everettindependent.com&mode=artlist&maxrecords=250&format=json&DATE=202408
everettindependent.com,July 2024,https://api.gdeltproject.org/api/v2/doc/doc?query=domain:everettindependent.com&mode=artlist&maxrecords=250&format=json&DATE=202407
everettindependent.com,June 2024,https://api.gdeltproject.org/api/v2/doc/doc?query=domain:everettindependent.com&mode=artlist&maxrecords=250&format=json&DATE=202406
everettindependent.com,May 2024,https://api.gdeltproject.org/api/v2/doc/doc?query=domain:everettindependent.com&mode=artlist&maxrecords=250&format=json&DATE=202405
everettindependent.com,April 2024,https://api.gdeltproject.org/api/v2/doc/doc?query=domain:everettindependent.com&mode=artlist&maxrecords=250&format=json&DATE=202404
hamilton.wickedlocal.com,March 2025,https://api.gdeltproject.org/api/v2/doc/doc?query=domain:hamilton.wickedlocal.com&mode=artlist&maxrecords=250&format=json&DATE=202503
hamilton.wickedlocal.com,February 2025,https://api.gdeltproject.org/api/v2/doc/doc?query=domain:hamilton.wickedlocal.com&mode=artlist&maxrecords=250&format=json&DATE=202502
hamilton.wickedlocal.com,January 2025,https://api.gdeltproject.org/api/v2/doc/doc?query=domain:hamilton.wickedlocal.com&mode=artlist&maxrecords=250&format=json&DATE=202501
hamilton.wickedlocal.com,December 2024,https://api.gdeltproject.org/api/v2/doc/doc?query=domain:hamilton.wickedlocal.com&mode=artlist&maxrecords=250&format=json&DATE=202412
hamilton.wickedlocal.com,November 2024,https://api.gdeltproject.org/api/v2/doc/doc?query=domain:hamilton.wickedlocal.com&mode=artlist&maxrecords=250&format=json&DATE=202411
hamilton.wickedlocal.com,October 2024,https://api.gdeltproject.org/api/v2/doc/doc?query=domain:hamilton.wickedlocal.com&mode=artlist&maxrecords=250&format=json&DATE=202410
hamilton.wickedlocal.com,September 2024,https://api.gdeltproject.org/api/v2/doc/doc?query=domain:hamilton.wickedlocal.com&mode=artlist&maxrecords=250&format=json&DATE=202409
hamilton.wickedlocal.com,August 2024,https://api.gdeltproject.org/api/v2/doc/doc?query=domain:hamilton.wickedlocal.com&mode=artlist&maxrecords=250&format=json&DATE=202408
hamilton.wickedlocal.com,July 2024,https://api.gdeltproject.org/api/v2/doc/doc?query=domain:hamilton.wickedlocal.com&mode=artlist&maxrecords=250&format=json&DATE=202407
hamilton.wickedlocal.com,June 2024,https://api.gdeltproject.org/api/v2/doc/doc?query=domain:hamilton.wickedlocal.com&mode=artlist&maxrecords=250&format=json&DATE=202406
hamilton.wickedlocal.com,May 2024,https://api.gdeltproject.org/api/v2/doc/doc?query=domain:hamilton.wickedlocal.com&mode=artlist&maxrecords=250&format=json&DATE=202405
hamilton.wickedlocal.com,April 2024,https://api.gdeltproject.org/api/v2/doc/doc?query=domain:hamilton.wickedlocal.com&mode=artlist&maxrecords=250&format=json&DATE=202404
www.heraldnews.com,March 2025,https://api.gdeltproject.org/api/v2/doc/doc?query=domain:www.heraldnews.com&mode=artlist&maxrecords=250&format=json&DATE=202503
www.heraldnews.com,February 2025,https://api.gdeltproject.org/api/v2/doc/doc?query=domain:www.heraldnews.com&mode=artlist&maxrecords=250&format=json&DATE=202502
www.heraldnews.com,January 2025,https://api.gdeltproject.org/api/v2/doc/doc?query=domain:www.heraldnews.com&mode=artlist&maxrecords=250&format=json&DATE=202501
www.heraldnews.com,December 2024,https://api.gdeltproject.org/api/v2/doc/doc?query=domain:www.heraldnews.com&mode=artlist&maxrecords=250&format=json&DATE=202412
www.heraldnews.com,November 2024,https://api.gdeltproject.org/api/v2/doc/doc?query=domain:www.heraldnews.com&mode=artlist&maxrecords=250&format=json&DATE=202411
www.heraldnews.com,October 2024,https://api.gdeltproject.org/api/v2/doc/doc?query=domain:www.heraldnews.com&mode=artlist&maxrecords=250&format=json&DATE=202410
www.heraldnews.com,September 2024,https://api.gdeltproject.org/api/v2/doc/doc?query=domain:www.heraldnews.com&mode=artlist&maxrecords=250&format=json&DATE=202409
www.heraldnews.com,August 2024,https://api.gdeltproject.org/api/v2/doc/doc?query=domain:www.heraldnews.com&mode=artlist&maxrecords=250&format=json&DATE=202408
www.heraldnews.com,July 2024,https://api.gdeltproject.org/api/v2/doc/doc?query=domain:www.heraldnews.com&mode=artlist&maxrecords=250&format=json&DATE=202407
www.heraldnews.com,June 2024,https://api.gdeltproject.org/api/v2/doc/doc?query=domain:www.heraldnews.com&mode=artlist&maxrecords=250&format=json&DATE=202406
www.heraldnews.com,May 2024,https://api.gdeltproject.org/api/v2/doc/doc?query=domain:www.heraldnews.com&mode=artlist&maxrecords=250&format=json&DATE=202405
www.heraldnews.com,April 2024,https://api.gdeltproject.org/api/v2/doc/doc?query=domain:www.heraldnews.com&mode=artlist&maxrecords=250&format=json&DATE=202404
ipswich.wickedlocal.com,March 2025,https://api.gdeltproject.org/api/v2/doc/doc?query=domain:ipswich.wickedlocal.com&mode=artlist&maxrecords=250&format=json&DATE=202503
ipswich.wickedlocal.com,February 2025,https://api.gdeltproject.org/api/v2/doc/doc?query=domain:ipswich.wickedlocal.com&mode=artlist&maxrecords=250&format=json&DATE=202502
ipswich.wickedlocal.com,January 2025,https://api.gdeltproject.org/api/v2/doc/doc?query=domain:ipswich.wickedlocal.com&mode=artlist&maxrecords=250&format=json&DATE=202501
ipswich.wickedlocal.com,December 2024,https://api.gdeltproject.org/api/v2/doc/doc?query=domain:ipswich.wickedlocal.com&mode=artlist&maxrecords=250&format=json&DATE=202412
ipswich.wickedlocal.com,November 2024,https://api.gdeltproject.org/api/v2/doc/doc?query=domain:ipswich.wickedlocal.com&mode=artlist&maxrecords=250&format=json&DATE=202411
ipswich.wickedlocal.com,October 2024,https://api.gdeltproject.org/api/v2/doc/doc?query=domain:ipswich.wickedlocal.com&mode=artlist&maxrecords=250&format=json&DATE=202410
ipswich.wickedlocal.com,September 2024,https://api.gdeltproject.org/api/v2/doc/doc?query=domain:ipswich.wickedlocal.com&mode=artlist&maxrecords=250&format=json&DATE=202409
ipswich.wickedlocal.com,August 2024,https://api.gdeltproject.org/api/v2/doc/doc?query=domain:ipswich.wickedlocal.com&mode=artlist&maxrecords=250&format=json&DATE=202408
ipswich.wickedlocal.com,July 2024,https://api.gdeltproject.org/api/v2/doc/doc?query=domain:ipswich.wickedlocal.com&mode=artlist&maxrecords=250&format=json&DATE=202407
ipswich.wickedlocal.com,June 2024,https://api.gdeltproject.org/api/v2/doc/doc?query=domain:ipswich.wickedlocal.com&mode=artlist&maxrecords=250&format=json&DATE=202406
ipswich.wickedlocal.com,May 2024,https://api.gdeltproject.org/api/v2/doc/doc?query=domain:ipswich.wickedlocal.com&mode=artlist&maxrecords=250&format=json&DATE=202405
ipswich.wickedlocal.com,April 2024,https://api.gdeltproject.org/api/v2/doc/doc?query=domain:ipswich.wickedlocal.com&mode=artlist&maxrecords=250&format=json&DATE=202404
www.thejewishadvocate.com,March 2025,https://api.gdeltproject.org/api/v2/doc/doc?query=domain:www.thejewishadvocate.com&mode=artlist&maxrecords=250&format=json&DATE=202503
www.thejewishadvocate.com,February 2025,https://api.gdeltproject.org/api/v2/doc/doc?query=domain:www.thejewishadvocate.com&mode=artlist&maxrecords=250&format=json&DATE=202502
www.thejewishadvocate.com,January 2025,https://api.gdeltproject.org/api/v2/doc/doc?query=domain:www.thejewishadvocate.com&mode=artlist&maxrecords=250&format=json&DATE=202501
www.thejewishadvocate.com,December 2024,https://api.gdeltproject.org/api/v2/doc/doc?query=domain:www.thejewishadvocate.com&mode=artlist&maxrecords=250&format=json&DATE=202412
www.thejewishadvocate.com,November 2024,https://api.gdeltproject.org/api/v2/doc/doc?query=domain:www.thejewishadvocate.com&mode=artlist&maxrecords=250&format=json&DATE=202411
www.thejewishadvocate.com,October 2024,https://api.gdeltproject.org/api/v2/doc/doc?query=domain:www.thejewishadvocate.com&mode=artlist&maxrecords=250&format=json&DATE=202410
www.thejewishadvocate.com,September 2024,https://api.gdeltproject.org/api/v2/doc/doc?query=domain:www.thejewishadvocate.com&mode=artlist&maxrecords=250&format=json&DATE=202409
www.thejewishadvocate.com,August 2024,https://api.gdeltproject.org/api/v2/doc/doc?query=domain:www.thejewishadvocate.com&mode=artlist&maxrecords=250&format=json&DATE=202408
www.thejewishadvocate.com,July 2024,https://api.gdeltproject.org/api/v2/doc/doc?query=domain:www.thejewishadvocate.com&mode=artlist&maxrecords=250&format=json&DATE=202407
www.thejewishadvocate.com,June 2024,https://api.gdeltproject.org/api/v2/doc/doc?query=domain:www.thejewishadvocate.com&mode=artlist&maxrecords=250&format=json&DATE=202406
www.thejewishadvocate.com,May 2024,https://api.gdeltproject.org/api/v2/doc/doc?query=domain:www.thejewishadvocate.com&mode=artlist&maxrecords=250&format=json&DATE=202405
www.thejewishadvocate.com,April 2024,https://api.gdeltproject.org/api/v2/doc/doc?query=domain:www.thejewishadvocate.com&mode=artlist&maxrecords=250&format=json&DATE=202404
lexington.wickedlocal.com,March 2025,https://api.gdeltproject.org/api/v2/doc/doc?query=domain:lexington.wickedlocal.com&mode=artlist&maxrecords=250&format=json&DATE=202503
lexington.wickedlocal.com,February 2025,https://api.gdeltproject.org/api/v2/doc/doc?query=domain:lexington.wickedlocal.com&mode=artlist&maxrecords=250&format=json&DATE=202502
lexington.wickedlocal.com,January 2025,https://api.gdeltproject.org/api/v2/doc/doc?query=domain:lexington.wickedlocal.com&mode=artlist&maxrecords=250&format=json&DATE=202501
lexington.wickedlocal.com,December 2024,https://api.gdeltproject.org/api/v2/doc/doc?query=domain:lexington.wickedlocal.com&mode=artlist&maxrecords=250&format=json&DATE=202412
lexington.wickedlocal.com,November 2024,https://api.gdeltproject.org/api/v2/doc/doc?query=domain:lexington.wickedlocal.com&mode=artlist&maxrecords=250&format=json&DATE=202411
lexington.wickedlocal.com,October 2024,https://api.gdeltproject.org/api/v2/doc/doc?query=domain:lexington.wickedlocal.com&mode=artlist&maxrecords=250&format=json&DATE=202410
lexington.wickedlocal.com,September 2024,https://api.gdeltproject.org/api/v2/doc/doc?query=domain:lexington.wickedlocal.com&mode=artlist&maxrecords=250&format=json&DATE=202409
lexington.wickedlocal.com,August 2024,https://api.gdeltproject.org/api/v2/doc/doc?query=domain:lexington.wickedlocal.com&mode=artlist&maxrecords=250&format=json&DATE=202408
lexington.wickedlocal.com,July 2024,https://api.gdeltproject.org/api/v2/doc/doc?query=domain:lexington.wickedlocal.com&mode=artlist&maxrecords=250&format=json&DATE=202407
lexington.wickedlocal.com,June 2024,https://api.gdeltproject.org/api/v2/doc/doc?query=domain:lexington.wickedlocal.com&mode=artlist&maxrecords=250&format=json&DATE=202406
lexington.wickedlocal.com,May 2024,https://api.gdeltproject.org/api/v2/doc/doc?query=domain:lexington.wickedlocal.com&mode=artlist&maxrecords=250&format=json&DATE=202405
lexington.wickedlocal.com,April 2024,https://api.gdeltproject.org/api/v2/doc/doc?query=domain:lexington.wickedlocal.com&mode=artlist&maxrecords=250&format=json&DATE=202404
www.lowellsun.com,March 2025,https://api.gdeltproject.org/api/v2/doc/doc?query=domain:www.lowellsun.com&mode=artlist&maxrecords=250&format=json&DATE=202503
www.lowellsun.com,February 2025,https://api.gdeltproject.org/api/v2/doc/doc?query=domain:www.lowellsun.com&mode=artlist&maxrecords=250&format=json&DATE=202502
www.lowellsun.com,January 2025,https://api.gdeltproject.org/api/v2/doc/doc?query=domain:www.lowellsun.com&mode=artlist&maxrecords=250&format=json&DATE=202501
www.lowellsun.com,December 2024,https://api.gdeltproject.org/api/v2/doc/doc?query=domain:www.lowellsun.com&mode=artlist&maxrecords=250&format=json&DATE=202412
www.lowellsun.com,November 2024,https://api.gdeltproject.org/api/v2/doc/doc?query=domain:www.lowellsun.com&mode=artlist&maxrecords=250&format=json&DATE=202411
www.lowellsun.com,October 2024,https://api.gdeltproject.org/api/v2/doc/doc?query=domain:www.lowellsun.com&mode=artlist&maxrecords=250&format=json&DATE=202410
www.lowellsun.com,September 2024,https://api.gdeltproject.org/api/v2/doc/doc?query=domain:www.lowellsun.com&mode=artlist&maxrecords=250&format=json&DATE=202409
www.lowellsun.com,August 2024,https://api.gdeltproject.org/api/v2/doc/doc?query=domain:www.lowellsun.com&mode=artlist&maxrecords=250&format=json&DATE=202408
www.lowellsun.com,July 2024,https://api.gdeltproject.org/api/v2/doc/doc?query=domain:www.lowellsun.com&mode=artlist&maxrecords=250&format=json&DATE=202407
www.lowellsun.com,June 2024,https://api.gdeltproject.org/api/v2/doc/doc?query=domain:www.lowellsun.com&mode=artlist&maxrecords=250&format=json&DATE=202406
www.lowellsun.com,May 2024,https://api.gdeltproject.org/api/v2/doc/doc?query=domain:www.lowellsun.com&mode=artlist&maxrecords=250&format=json&DATE=202405
www.lowellsun.com,April 2024,https://api.gdeltproject.org/api/v2/doc/doc?query=domain:www.lowellsun.com&mode=artlist&maxrecords=250&format=json&DATE=202404
malden.wickedlocal.com,March 2025,https://api.gdeltproject.org/api/v2/doc/doc?query=domain:malden.wickedlocal.com&mode=artlist&maxrecords=250&format=json&DATE=202503
malden.wickedlocal.com,February 2025,https://api.gdeltproject.org/api/v2/doc/doc?query=domain:malden.wickedlocal.com&mode=artlist&maxrecords=250&format=json&DATE=202502
malden.wickedlocal.com,January 2025,https://api.gdeltproject.org/api/v2/doc/doc?query=domain:malden.wickedlocal.com&mode=artlist&maxrecords=250&format=json&DATE=202501
malden.wickedlocal.com,December 2024,https://api.gdeltproject.org/api/v2/doc/doc?query=domain:malden.wickedlocal.com&mode=artlist&maxrecords=250&format=json&DATE=202412
malden.wickedlocal.com,November 2024,https://api.gdeltproject.org/api/v2/doc/doc?query=domain:malden.wickedlocal.com&mode=artlist&maxrecords=250&format=json&DATE=202411
malden.wickedlocal.com,October 2024,https://api.gdeltproject.org/api/v2/doc/doc?query=domain:malden.wickedlocal.com&mode=artlist&maxrecords=250&format=json&DATE=202410
malden.wickedlocal.com,September 2024,https://api.gdeltproject.org/api/v2/doc/doc?query=domain:malden.wickedlocal.com&mode=artlist&maxrecords=250&format=json&DATE=202409
malden.wickedlocal.com,August 2024,https://api.gdeltproject.org/api/v2/doc/doc?query=domain:malden.wickedlocal.com&mode=artlist&maxrecords=250&format=json&DATE=202408
malden.wickedlocal.com,July 2024,https://api.gdeltproject.org/api/v2/doc/doc?query=domain:malden.wickedlocal.com&mode=artlist&maxrecords=250&format=json&DATE=202407
malden.wickedlocal.com,June 2024,https://api.gdeltproject.org/api/v2/doc/doc?query=domain:malden.wickedlocal.com&mode=artlist&maxrecords=250&format=json&DATE=202406
malden.wickedlocal.com,May 2024,https://api.gdeltproject.org/api/v2/doc/doc?query=domain:malden.wickedlocal.com&mode=artlist&maxrecords=250&format=json&DATE=202405
malden.wickedlocal.com,April 2024,https://api.gdeltproject.org/api/v2/doc/doc?query=domain:malden.wickedlocal.com&mode=artlist&maxrecords=250&format=json&DATE=202404
marblehead.wickedlocal.com,March 2025,https://api.gdeltproject.org/api/v2/doc/doc?query=domain:marblehead.wickedlocal.com&mode=artlist&maxrecords=250&format=json&DATE=202503
marblehead.wickedlocal.com,February 2025,https://api.gdeltproject.org/api/v2/doc/doc?query=domain:marblehead.wickedlocal.com&mode=artlist&maxrecords=250&format=json&DATE=202502
marblehead.wickedlocal.com,January 2025,https://api.gdeltproject.org/api/v2/doc/doc?query=domain:marblehead.wickedlocal.com&mode=artlist&maxrecords=250&format=json&DATE=202501
marblehead.wickedlocal.com,December 2024,https://api.gdeltproject.org/api/v2/doc/doc?query=domain:marblehead.wickedlocal.com&mode=artlist&maxrecords=250&format=json&DATE=202412
marblehead.wickedlocal.com,November 2024,https://api.gdeltproject.org/api/v2/doc/doc?query=domain:marblehead.wickedlocal.com&mode=artlist&maxrecords=250&format=json&DATE=202411
marblehead.wickedlocal.com,October 2024,https://api.gdeltproject.org/api/v2/doc/doc?query=domain:marblehead.wickedlocal.com&mode=artlist&maxrecords=250&format=json&DATE=202410
marblehead.wickedlocal.com,September 2024,https://api.gdeltproject.org/api/v2/doc/doc?query=domain:marblehead.wickedlocal.com&mode=artlist&maxrecords=250&format=json&DATE=202409
marblehead.wickedlocal.com,August 2024,https://api.gdeltproject.org/api/v2/doc/doc?query=domain:marblehead.wickedlocal.com&mode=artlist&maxrecords=250&format=json&DATE=202408
marblehead.wickedlocal.com,July 2024,https://api.gdeltproject.org/api/v2/doc/doc?query=domain:marblehead.wickedlocal.com&mode=artlist&maxrecords=250&format=json&DATE=202407
marblehead.wickedlocal.com,June 2024,https://api.gdeltproject.org/api/v2/doc/doc?query=domain:marblehead.wickedlocal.com&mode=artlist&maxrecords=250&format=json&DATE=202406
marblehead.wickedlocal.com,May 2024,https://api.gdeltproject.org/api/v2/doc/doc?query=domain:marblehead.wickedlocal.com&mode=artlist&maxrecords=250&format=json&DATE=202405
marblehead.wickedlocal.com,April 2024,https://api.gdeltproject.org/api/v2/doc/doc?query=domain:marblehead.wickedlocal.com&mode=artlist&maxrecords=250&format=json&DATE=202404
www.mvtimes.com,March 2025,https://api.gdeltproject.org/api/v2/doc/doc?query=domain:www.mvtimes.com&mode=artlist&maxrecords=250&format=json&DATE=202503
www.mvtimes.com,February 2025,https://api.gdeltproject.org/api/v2/doc/doc?query=domain:www.mvtimes.com&mode=artlist&maxrecords=250&format=json&DATE=202502
www.mvtimes.com,January 2025,https://api.gdeltproject.org/api/v2/doc/doc?query=domain:www.mvtimes.com&mode=artlist&maxrecords=250&format=json&DATE=202501
www.mvtimes.com,December 2024,https://api.gdeltproject.org/api/v2/doc/doc?query=domain:www.mvtimes.com&mode=artlist&maxrecords=250&format=json&DATE=202412
www.mvtimes.com,November 2024,https://api.gdeltproject.org/api/v2/doc/doc?query=domain:www.mvtimes.com&mode=artlist&maxrecords=250&format=json&DATE=202411
www.mvtimes.com,October 2024,https://api.gdeltproject.org/api/v2/doc/doc?query=domain:www.mvtimes.com&mode=artlist&maxrecords=250&format=json&DATE=202410
www.mvtimes.com,September 2024,https://api.gdeltproject.org/api/v2/doc/doc?query=domain:www.mvtimes.com&mode=artlist&maxrecords=250&format=json&DATE=202409
www.mvtimes.com,August 2024,https://api.gdeltproject.org/api/v2/doc/doc?query=domain:www.mvtimes.com&mode=artlist&maxrecords=250&format=json&DATE=202408
www.mvtimes.com,July 2024,https://api.gdeltproject.org/api/v2/doc/doc?query=domain:www.mvtimes.com&mode=artlist&maxrecords=250&format=json&DATE=202407
www.mvtimes.com,June 2024,https://api.gdeltproject.org/api/v2/doc/doc?query=domain:www.mvtimes.com&mode=artlist&maxrecords=250&format=json&DATE=202406
www.mvtimes.com,May 2024,https://api.gdeltproject.org/api/v2/doc/doc?query=domain:www.mvtimes.com&mode=artlist&maxrecords=250&format=json&DATE=202405
www.mvtimes.com,April 2024,https://api.gdeltproject.org/api/v2/doc/doc?query=domain:www.mvtimes.com&mode=artlist&maxrecords=250&format=json&DATE=202404
www.massnews.com,March 2025,https://api.gdeltproject.org/api/v2/doc/doc?query=domain:www.massnews.com&mode=artlist&maxrecords=250&format=json&DATE=202503
www.massnews.com,February 2025,https://api.gdeltproject.org/api/v2/doc/doc?query=domain:www.massnews.com&mode=artlist&maxrecords=250&format=json&DATE=202502
www.massnews.com,January 2025,https://api.gdeltproject.org/api/v2/doc/doc?query=domain:www.massnews.com&mode=artlist&maxrecords=250&format=json&DATE=202501
www.massnews.com,December 2024,https://api.gdeltproject.org/api/v2/doc/doc?query=domain:www.massnews.com&mode=artlist&maxrecords=250&format=json&DATE=202412
www.massnews.com,November 2024,https://api.gdeltproject.org/api/v2/doc/doc?query=domain:www.massnews.com&mode=artlist&maxrecords=250&format=json&DATE=202411
www.massnews.com,October 2024,https://api.gdeltproject.org/api/v2/doc/doc?query=domain:www.massnews.com&mode=artlist&maxrecords=250&format=json&DATE=202410
www.massnews.com,September 2024,https://api.gdeltproject.org/api/v2/doc/doc?query=domain:www.massnews.com&mode=artlist&maxrecords=250&format=json&DATE=202409
www.massnews.com,August 2024,https://api.gdeltproject.org/api/v2/doc/doc?query=domain:www.massnews.com&mode=artlist&maxrecords=250&format=json&DATE=202408
www.massnews.com,July 2024,https://api.gdeltproject.org/api/v2/doc/doc?query=domain:www.massnews.com&mode=artlist&maxrecords=250&format=json&DATE=202407
www.massnews.com,June 2024,https://api.gdeltproject.org/api/v2/doc/doc?query=domain:www.massnews.com&mode=artlist&maxrecords=250&format=json&DATE=202406
www.massnews.com,May 2024,https://api.gdeltproject.org/api/v2/doc/doc?query=domain:www.massnews.com&mode=artlist&maxrecords=250&format=json&DATE=202405
www.massnews.com,April 2024,https://api.gdeltproject.org/api/v2/doc/doc?query=domain:www.massnews.com&mode=artlist&maxrecords=250&format=json&DATE=202404
melrose.wickedlocal.com,March 2025,https://api.gdeltproject.org/api/v2/doc/doc?query=domain:melrose.wickedlocal.com&mode=artlist&maxrecords=250&format=json&DATE=202503
melrose.wickedlocal.com,February 2025,https://api.gdeltproject.org/api/v2/doc/doc?query=domain:melrose.wickedlocal.com&mode=artlist&maxrecords=250&format=json&DATE=202502
melrose.wickedlocal.com,January 2025,https://api.gdeltproject.org/api/v2/doc/doc?query=domain:melrose.wickedlocal.com&mode=artlist&maxrecords=250&format=json&DATE=202501
melrose.wickedlocal.com,December 2024,https://api.gdeltproject.org/api/v2/doc/doc?query=domain:melrose.wickedlocal.com&mode=artlist&maxrecords=250&format=json&DATE=202412
melrose.wickedlocal.com,November 2024,https://api.gdeltproject.org/api/v2/doc/doc?query=domain:melrose.wickedlocal.com&mode=artlist&maxrecords=250&format=json&DATE=202411
melrose.wickedlocal.com,October 2024,https://api.gdeltproject.org/api/v2/doc/doc?query=domain:melrose.wickedlocal.com&mode=artlist&maxrecords=250&format=json&DATE=202410
melrose.wickedlocal.com,September 2024,https://api.gdeltproject.org/api/v2/doc/doc?query=domain:melrose.wickedlocal.com&mode=artlist&maxrecords=250&format=json&DATE=202409
melrose.wickedlocal.com,August 2024,https://api.gdeltproject.org/api/v2/doc/doc?query=domain:melrose.wickedlocal.com&mode=artlist&maxrecords=250&format=json&DATE=202408
melrose.wickedlocal.com,July 2024,https://api.gdeltproject.org/api/v2/doc/doc?query=domain:melrose.wickedlocal.com&mode=artlist&maxrecords=250&format=json&DATE=202407
melrose.wickedlocal.com,June 2024,https://api.gdeltproject.org/api/v2/doc/doc?query=domain:melrose.wickedlocal.com&mode=artlist&maxrecords=250&format=json&DATE=202406
melrose.wickedlocal.com,May 2024,https://api.gdeltproject.org/api/v2/doc/doc?query=domain:melrose.wickedlocal.com&mode=artlist&maxrecords=250&format=json&DATE=202405
melrose.wickedlocal.com,April 2024,https://api.gdeltproject.org/api/v2/doc/doc?query=domain:melrose.wickedlocal.com&mode=artlist&maxrecords=250&format=json&DATE=202404
northandover.wickedlocal.com,March 2025,https://api.gdeltproject.org/api/v2/doc/doc?query=domain:northandover.wickedlocal.com&mode=artlist&maxrecords=250&format=json&DATE=202503
northandover.wickedlocal.com,February 2025,https://api.gdeltproject.org/api/v2/doc/doc?query=domain:northandover.wickedlocal.com&mode=artlist&maxrecords=250&format=json&DATE=202502
northandover.wickedlocal.com,January 2025,https://api.gdeltproject.org/api/v2/doc/doc?query=domain:northandover.wickedlocal.com&mode=artlist&maxrecords=250&format=json&DATE=202501
northandover.wickedlocal.com,December 2024,https://api.gdeltproject.org/api/v2/doc/doc?query=domain:northandover.wickedlocal.com&mode=artlist&maxrecords=250&format=json&DATE=202412
northandover.wickedlocal.com,November 2024,https://api.gdeltproject.org/api/v2/doc/doc?query=domain:northandover.wickedlocal.com&mode=artlist&maxrecords=250&format=json&DATE=202411
northandover.wickedlocal.com,October 2024,https://api.gdeltproject.org/api/v2/doc/doc?query=domain:northandover.wickedlocal.com&mode=artlist&maxrecords=250&format=json&DATE=202410
northandover.wickedlocal.com,September 2024,https://api.gdeltproject.org/api/v2/doc/doc?query=domain:northandover.wickedlocal.com&mode=artlist&maxrecords=250&format=json&DATE=202409
northandover.wickedlocal.com,August 2024,https://api.gdeltproject.org/api/v2/doc/doc?query=domain:northandover.wickedlocal.com&mode=artlist&maxrecords=250&format=json&DATE=202408
northandover.wickedlocal.com,July 2024,https://api.gdeltproject.org/api/v2/doc/doc?query=domain:northandover.wickedlocal.com&mode=artlist&maxrecords=250&format=json&DATE=202407
northandover.wickedlocal.com,June 2024,https://api.gdeltproject.org/api/v2/doc/doc?query=domain:northandover.wickedlocal.com&mode=artlist&maxrecords=250&format=json&DATE=202406
northandover.wickedlocal.com,May 2024,https://api.gdeltproject.org/api/v2/doc/doc?query=domain:northandover.wickedlocal.com&mode=artlist&maxrecords=250&format=json&DATE=202405
northandover.wickedlocal.com,April 2024,https://api.gdeltproject.org/api/v2/doc/doc?query=domain:northandover.wickedlocal.com&mode=artlist&maxrecords=250&format=json&DATE=202404
saugus.wickedlocal.com,March 2025,https://api.gdeltproject.org/api/v2/doc/doc?query=domain:saugus.wickedlocal.com&mode=artlist&maxrecords=250&format=json&DATE=202503
saugus.wickedlocal.com,February 2025,https://api.gdeltproject.org/api/v2/doc/doc?query=domain:saugus.wickedlocal.com&mode=artlist&maxrecords=250&format=json&DATE=202502
saugus.wickedlocal.com,January 2025,https://api.gdeltproject.org/api/v2/doc/doc?query=domain:saugus.wickedlocal.com&mode=artlist&maxrecords=250&format=json&DATE=202501
saugus.wickedlocal.com,December 2024,https://api.gdeltproject.org/api/v2/doc/doc?query=domain:saugus.wickedlocal.com&mode=artlist&maxrecords=250&format=json&DATE=202412
saugus.wickedlocal.com,November 2024,https://api.gdeltproject.org/api/v2/doc/doc?query=domain:saugus.wickedlocal.com&mode=artlist&maxrecords=250&format=json&DATE=202411
saugus.wickedlocal.com,October 2024,https://api.gdeltproject.org/api/v2/doc/doc?query=domain:saugus.wickedlocal.com&mode=artlist&maxrecords=250&format=json&DATE=202410
saugus.wickedlocal.com,September 2024,https://api.gdeltproject.org/api/v2/doc/doc?query=domain:saugus.wickedlocal.com&mode=artlist&maxrecords=250&format=json&DATE=202409
saugus.wickedlocal.com,August 2024,https://api.gdeltproject.org/api/v2/doc/doc?query=domain:saugus.wickedlocal.com&mode=artlist&maxrecords=250&format=json&DATE=202408
saugus.wickedlocal.com,July 2024,https://api.gdeltproject.org/api/v2/doc/doc?query=domain:saugus.wickedlocal.com&mode=artlist&maxrecords=250&format=json&DATE=202407
saugus.wickedlocal.com,June 2024,https://api.gdeltproject.org/api/v2/doc/doc?query=domain:saugus.wickedlocal.com&mode=artlist&maxrecords=250&format=json&DATE=202406
saugus.wickedlocal.com,May 2024,https://api.gdeltproject.org/api/v2/doc/doc?query=domain:saugus.wickedlocal.com&mode=artlist&maxrecords=250&format=json&DATE=202405
saugus.wickedlocal.com,April 2024,https://api.gdeltproject.org/api/v2/doc/doc?query=domain:saugus.wickedlocal.com&mode=artlist&maxrecords=250&format=json&DATE=202404
sudbury.wickedlocal.com,March 2025,https://api.gdeltproject.org/api/v2/doc/doc?query=domain:sudbury.wickedlocal.com&mode=artlist&maxrecords=250&format=json&DATE=202503
sudbury.wickedlocal.com,February 2025,https://api.gdeltproject.org/api/v2/doc/doc?query=domain:sudbury.wickedlocal.com&mode=artlist&maxrecords=250&format=json&DATE=202502
sudbury.wickedlocal.com,January 2025,https://api.gdeltproject.org/api/v2/doc/doc?query=domain:sudbury.wickedlocal.com&mode=artlist&maxrecords=250&format=json&DATE=202501
sudbury.wickedlocal.com,December 2024,https://api.gdeltproject.org/api/v2/doc/doc?query=domain:sudbury.wickedlocal.com&mode=artlist&maxrecords=250&format=json&DATE=202412
sudbury.wickedlocal.com,November 2024,https://api.gdeltproject.org/api/v2/doc/doc?query=domain:sudbury.wickedlocal.com&mode=artlist&maxrecords=250&format=json&DATE=202411
sudbury.wickedlocal.com,October 2024,https://api.gdeltproject.org/api/v2/doc/doc?query=domain:sudbury.wickedlocal.com&mode=artlist&maxrecords=250&format=json&DATE=202410
sudbury.wickedlocal.com,September 2024,https://api.gdeltproject.org/api/v2/doc/doc?query=domain:sudbury.wickedlocal.com&mode=artlist&maxrecords=250&format=json&DATE=202409
sudbury.wickedlocal.com,August 2024,https://api.gdeltproject.org/api/v2/doc/doc?query=domain:sudbury.wickedlocal.com&mode=artlist&maxrecords=250&format=json&DATE=202408
sudbury.wickedlocal.com,July 2024,https://api.gdeltproject.org/api/v2/doc/doc?query=domain:sudbury.wickedlocal.com&mode=artlist&maxrecords=250&format=json&DATE=202407
sudbury.wickedlocal.com,June 2024,https://api.gdeltproject.org/api/v2/doc/doc?query=domain:sudbury.wickedlocal.com&mode=artlist&maxrecords=250&format=json&DATE=202406
sudbury.wickedlocal.com,May 2024,https://api.gdeltproject.org/api/v2/doc/doc?query=domain:sudbury.wickedlocal.com&mode=artlist&maxrecords=250&format=json&DATE=202405
sudbury.wickedlocal.com,April 2024,https://api.gdeltproject.org/api/v2/doc/doc?query=domain:sudbury.wickedlocal.com&mode=artlist&maxrecords=250&format=json&DATE=202404
swampscott.wickedlocal.com,March 2025,https://api.gdeltproject.org/api/v2/doc/doc?query=domain:swampscott.wickedlocal.com&mode=artlist&maxrecords=250&format=json&DATE=202503
swampscott.wickedlocal.com,February 2025,https://api.gdeltproject.org/api/v2/doc/doc?query=domain:swampscott.wickedlocal.com&mode=artlist&maxrecords=250&format=json&DATE=202502
swampscott.wickedlocal.com,January 2025,https://api.gdeltproject.org/api/v2/doc/doc?query=domain:swampscott.wickedlocal.com&mode=artlist&maxrecords=250&format=json&DATE=202501
swampscott.wickedlocal.com,December 2024,https://api.gdeltproject.org/api/v2/doc/doc?query=domain:swampscott.wickedlocal.com&mode=artlist&maxrecords=250&format=json&DATE=202412
swampscott.wickedlocal.com,November 2024,https://api.gdeltproject.org/api/v2/doc/doc?query=domain:swampscott.wickedlocal.com&mode=artlist&maxrecords=250&format=json&DATE=202411
swampscott.wickedlocal.com,October 2024,https://api.gdeltproject.org/api/v2/doc/doc?query=domain:swampscott.wickedlocal.com&mode=artlist&maxrecords=250&format=json&DATE=202410
swampscott.wickedlocal.com,September 2024,https://api.gdeltproject.org/api/v2/doc/doc?query=domain:swampscott.wickedlocal.com&mode=artlist&maxrecords=250&format=json&DATE=202409
swampscott.wickedlocal.com,August 2024,https://api.gdeltproject.org/api/v2/doc/doc?query=domain:swampscott.wickedlocal.com&mode=artlist&maxrecords=250&format=json&DATE=202408
swampscott.wickedlocal.com,July 2024,https://api.gdeltproject.org/api/v2/doc/doc?query=domain:swampscott.wickedlocal.com&mode=artlist&maxrecords=250&format=json&DATE=202407
swampscott.wickedlocal.com,June 2024,https://api.gdeltproject.org/api/v2/doc/doc?query=domain:swampscott.wickedlocal.com&mode=artlist&maxrecords=250&format=json&DATE=202406
swampscott.wickedlocal.com,May 2024,https://api.gdeltproject.org/api/v2/doc/doc?query=domain:swampscott.wickedlocal.com&mode=artlist&maxrecords=250&format=json&DATE=202405
swampscott.wickedlocal.com,April 2024,https://api.gdeltproject.org/api/v2/doc/doc?query=domain:swampscott.wickedlocal.com&mode=artlist&maxrecords=250&format=json&DATE=202404
www.tauntongazette.com,March 2025,https://api.gdeltproject.org/api/v2/doc/doc?query=domain:www.tauntongazette.com&mode=artlist&maxrecords=250&format=json&DATE=202503
www.tauntongazette.com,February 2025,https://api.gdeltproject.org/api/v2/doc/doc?query=domain:www.tauntongazette.com&mode=artlist&maxrecords=250&format=json&DATE=202502
www.tauntongazette.com,January 2025,https://api.gdeltproject.org/api/v2/doc/doc?query=domain:www.tauntongazette.com&mode=artlist&maxrecords=250&format=json&DATE=202501
www.tauntongazette.com,December 2024,https://api.gdeltproject.org/api/v2/doc/doc?query=domain:www.tauntongazette.com&mode=artlist&maxrecords=250&format=json&DATE=202412
www.tauntongazette.com,November 2024,https://api.gdeltproject.org/api/v2/doc/doc?query=domain:www.tauntongazette.com&mode=artlist&maxrecords=250&format=json&DATE=202411
www.tauntongazette.com,October 2024,https://api.gdeltproject.org/api/v2/doc/doc?query=domain:www.tauntongazette.com&mode=artlist&maxrecords=250&format=json&DATE=202410
www.tauntongazette.com,September 2024,https://api.gdeltproject.org/api/v2/doc/doc?query=domain:www.tauntongazette.com&mode=artlist&maxrecords=250&format=json&DATE=202409
www.tauntongazette.com,August 2024,https://api.gdeltproject.org/api/v2/doc/doc?query=domain:www.tauntongazette.com&mode=artlist&maxrecords=250&format=json&DATE=202408
www.tauntongazette.com,July 2024,https://api.gdeltproject.org/api/v2/doc/doc?query=domain:www.tauntongazette.com&mode=artlist&maxrecords=250&format=json&DATE=202407
www.tauntongazette.com,June 2024,https://api.gdeltproject.org/api/v2/doc/doc?query=domain:www.tauntongazette.com&mode=artlist&maxrecords=250&format=json&DATE=202406
www.tauntongazette.com,May 2024,https://api.gdeltproject.org/api/v2/doc/doc?query=domain:www.tauntongazette.com&mode=artlist&maxrecords=250&format=json&DATE=202405
www.tauntongazette.com,April 2024,https://api.gdeltproject.org/api/v2/doc/doc?query=domain:www.tauntongazette.com&mode=artlist&maxrecords=250&format=json&DATE=202404
vineyardgazette.com,March 2025,https://api.gdeltproject.org/api/v2/doc/doc?query=domain:vineyardgazette.com&mode=artlist&maxrecords=250&format=json&DATE=202503
vineyardgazette.com,February 2025,https://api.gdeltproject.org/api/v2/doc/doc?query=domain:vineyardgazette.com&mode=artlist&maxrecords=250&format=json&DATE=202502
vineyardgazette.com,January 2025,https://api.gdeltproject.org/api/v2/doc/doc?query=domain:vineyardgazette.com&mode=artlist&maxrecords=250&format=json&DATE=202501
vineyardgazette.com,December 2024,https://api.gdeltproject.org/api/v2/doc/doc?query=domain:vineyardgazette.com&mode=artlist&maxrecords=250&format=json&DATE=202412
vineyardgazette.com,November 2024,https://api.gdeltproject.org/api/v2/doc/doc?query=domain:vineyardgazette.com&mode=artlist&maxrecords=250&format=json&DATE=202411
vineyardgazette.com,October 2024,https://api.gdeltproject.org/api/v2/doc/doc?query=domain:vineyardgazette.com&mode=artlist&maxrecords=250&format=json&DATE=202410
vineyardgazette.com,September 2024,https://api.gdeltproject.org/api/v2/doc/doc?query=domain:vineyardgazette.com&mode=artlist&maxrecords=250&format=json&DATE=202409
vineyardgazette.com,August 2024,https://api.gdeltproject.org/api/v2/doc/doc?query=domain:vineyardgazette.com&mode=artlist&maxrecords=250&format=json&DATE=202408
vineyardgazette.com,July 2024,https://api.gdeltproject.org/api/v2/doc/doc?query=domain:vineyardgazette.com&mode=artlist&maxrecords=250&format=json&DATE=202407
vineyardgazette.com,June 2024,https://api.gdeltproject.org/api/v2/doc/doc?query=domain:vineyardgazette.com&mode=artlist&maxrecords=250&format=json&DATE=202406
vineyardgazette.com,May 2024,https://api.gdeltproject.org/api/v2/doc/doc?query=domain:vineyardgazette.com&mode=artlist&maxrecords=250&format=json&DATE=202405
vineyardgazette.com,April 2024,https://api.gdeltproject.org/api/v2/doc/doc?query=domain:vineyardgazette.com&mode=artlist&maxrecords=250&format=json&DATE=202404
walpole.wickedlocal.com,March 2025,https://api.gdeltproject.org/api/v2/doc/doc?query=domain:walpole.wickedlocal.com&mode=artlist&maxrecords=250&format=json&DATE=202503
walpole.wickedlocal.com,February 2025,https://api.gdeltproject.org/api/v2/doc/doc?query=domain:walpole.wickedlocal.com&mode=artlist&maxrecords=250&format=json&DATE=202502
walpole.wickedlocal.com,January 2025,https://api.gdeltproject.org/api/v2/doc/doc?query=domain:walpole.wickedlocal.com&mode=artlist&maxrecords=250&format=json&DATE=202501
walpole.wickedlocal.com,December 2024,https://api.gdeltproject.org/api/v2/doc/doc?query=domain:walpole.wickedlocal.com&mode=artlist&maxrecords=250&format=json&DATE=202412
walpole.wickedlocal.com,November 2024,https://api.gdeltproject.org/api/v2/doc/doc?query=domain:walpole.wickedlocal.com&mode=artlist&maxrecords=250&format=json&DATE=202411
walpole.wickedlocal.com,October 2024,https://api.gdeltproject.org/api/v2/doc/doc?query=domain:walpole.wickedlocal.com&mode=artlist&maxrecords=250&format=json&DATE=202410
walpole.wickedlocal.com,September 2024,https://api.gdeltproject.org/api/v2/doc/doc?query=domain:walpole.wickedlocal.com&mode=artlist&maxrecords=250&format=json&DATE=202409
walpole.wickedlocal.com,August 2024,https://api.gdeltproject.org/api/v2/doc/doc?query=domain:walpole.wickedlocal.com&mode=artlist&maxrecords=250&format=json&DATE=202408
walpole.wickedlocal.com,July 2024,https://api.gdeltproject.org/api/v2/doc/doc?query=domain:walpole.wickedlocal.com&mode=artlist&maxrecords=250&format=json&DATE=202407
walpole.wickedlocal.com,June 2024,https://api.gdeltproject.org/api/v2/doc/doc?query=domain:walpole.wickedlocal.com&mode=artlist&maxrecords=250&format=json&DATE=202406
walpole.wickedlocal.com,May 2024,https://api.gdeltproject.org/api/v2/doc/doc?query=domain:walpole.wickedlocal.com&mode=artlist&maxrecords=250&format=json&DATE=202405
walpole.wickedlocal.com,April 2024,https://api.gdeltproject.org/api/v2/doc/doc?query=domain:walpole.wickedlocal.com&mode=artlist&maxrecords=250&format=json&DATE=202404
www.wanderer.com,March 2025,https://api.gdeltproject.org/api/v2/doc/doc?query=domain:www.wanderer.com&mode=artlist&maxrecords=250&format=json&DATE=202503
www.wanderer.com,February 2025,https://api.gdeltproject.org/api/v2/doc/doc?query=domain:www.wanderer.com&mode=artlist&maxrecords=250&format=json&DATE=202502
www.wanderer.com,January 2025,https://api.gdeltproject.org/api/v2/doc/doc?query=domain:www.wanderer.com&mode=artlist&maxrecords=250&format=json&DATE=202501
www.wanderer.com,December 2024,https://api.gdeltproject.org/api/v2/doc/doc?query=domain:www.wanderer.com&mode=artlist&maxrecords=250&format=json&DATE=202412
www.wanderer.com,November 2024,https://api.gdeltproject.org/api/v2/doc/doc?query=domain:www.wanderer.com&mode=artlist&maxrecords=250&format=json&DATE=202411
www.wanderer.com,October 2024,https://api.gdeltproject.org/api/v2/doc/doc?query=domain:www.wanderer.com&mode=artlist&maxrecords=250&format=json&DATE=202410
www.wanderer.com,September 2024,https://api.gdeltproject.org/api/v2/doc/doc?query=domain:www.wanderer.com&mode=artlist&maxrecords=250&format=json&DATE=202409
www.wanderer.com,August 2024,https://api.gdeltproject.org/api/v2/doc/doc?query=domain:www.wanderer.com&mode=artlist&maxrecords=250&format=json&DATE=202408
www.wanderer.com,July 2024,https://api.gdeltproject.org/api/v2/doc/doc?query=domain:www.wanderer.com&mode=artlist&maxrecords=250&format=json&DATE=202407
www.wanderer.com,June 2024,https://api.gdeltproject.org/api/v2/doc/doc?query=domain:www.wanderer.com&mode=artlist&maxrecords=250&format=json&DATE=202406
www.wanderer.com,May 2024,https://api.gdeltproject.org/api/v2/doc/doc?query=domain:www.wanderer.com&mode=artlist&maxrecords=250&format=json&DATE=202405
www.wanderer.com,April 2024,https://api.gdeltproject.org/api/v2/doc/doc?query=domain:www.wanderer.com&mode=artlist&maxrecords=250&format=json&DATE=202404
watertown.wickedlocal.com,March 2025,https://api.gdeltproject.org/api/v2/doc/doc?query=domain:watertown.wickedlocal.com&mode=artlist&maxrecords=250&format=json&DATE=202503
watertown.wickedlocal.com,February 2025,https://api.gdeltproject.org/api/v2/doc/doc?query=domain:watertown.wickedlocal.com&mode=artlist&maxrecords=250&format=json&DATE=202502
watertown.wickedlocal.com,January 2025,https://api.gdeltproject.org/api/v2/doc/doc?query=domain:watertown.wickedlocal.com&mode=artlist&maxrecords=250&format=json&DATE=202501
watertown.wickedlocal.com,December 2024,https://api.gdeltproject.org/api/v2/doc/doc?query=domain:watertown.wickedlocal.com&mode=artlist&maxrecords=250&format=json&DATE=202412
watertown.wickedlocal.com,November 2024,https://api.gdeltproject.org/api/v2/doc/doc?query=domain:watertown.wickedlocal.com&mode=artlist&maxrecords=250&format=json&DATE=202411
watertown.wickedlocal.com,October 2024,https://api.gdeltproject.org/api/v2/doc/doc?query=domain:watertown.wickedlocal.com&mode=artlist&maxrecords=250&format=json&DATE=202410
watertown.wickedlocal.com,September 2024,https://api.gdeltproject.org/api/v2/doc/doc?query=domain:watertown.wickedlocal.com&mode=artlist&maxrecords=250&format=json&DATE=202409
watertown.wickedlocal.com,August 2024,https://api.gdeltproject.org/api/v2/doc/doc?query=domain:watertown.wickedlocal.com&mode=artlist&maxrecords=250&format=json&DATE=202408
watertown.wickedlocal.com,July 2024,https://api.gdeltproject.org/api/v2/doc/doc?query=domain:watertown.wickedlocal.com&mode=artlist&maxrecords=250&format=json&DATE=202407
watertown.wickedlocal.com,June 2024,https://api.gdeltproject.org/api/v2/doc/doc?query=domain:watertown.wickedlocal.com&mode=artlist&maxrecords=250&format=json&DATE=202406
watertown.wickedlocal.com,May 2024,https://api.gdeltproject.org/api/v2/doc/doc?query=domain:watertown.wickedlocal.com&mode=artlist&maxrecords=250&format=json&DATE=202405
watertown.wickedlocal.com,April 2024,https://api.gdeltproject.org/api/v2/doc/doc?query=domain:watertown.wickedlocal.com&mode=artlist&maxrecords=250&format=json&DATE=202404
wayland.wickedlocal.com,March 2025,https://api.gdeltproject.org/api/v2/doc/doc?query=domain:wayland.wickedlocal.com&mode=artlist&maxrecords=250&format=json&DATE=202503
wayland.wickedlocal.com,February 2025,https://api.gdeltproject.org/api/v2/doc/doc?query=domain:wayland.wickedlocal.com&mode=artlist&maxrecords=250&format=json&DATE=202502
wayland.wickedlocal.com,January 2025,https://api.gdeltproject.org/api/v2/doc/doc?query=domain:wayland.wickedlocal.com&mode=artlist&maxrecords=250&format=json&DATE=202501
wayland.wickedlocal.com,December 2024,https://api.gdeltproject.org/api/v2/doc/doc?query=domain:wayland.wickedlocal.com&mode=artlist&maxrecords=250&format=json&DATE=202412
wayland.wickedlocal.com,November 2024,https://api.gdeltproject.org/api/v2/doc/doc?query=domain:wayland.wickedlocal.com&mode=artlist&maxrecords=250&format=json&DATE=202411
wayland.wickedlocal.com,October 2024,https://api.gdeltproject.org/api/v2/doc/doc?query=domain:wayland.wickedlocal.com&mode=artlist&maxrecords=250&format=json&DATE=202410
wayland.wickedlocal.com,September 2024,https://api.gdeltproject.org/api/v2/doc/doc?query=domain:wayland.wickedlocal.com&mode=artlist&maxrecords=250&format=json&DATE=202409
wayland.wickedlocal.com,August 2024,https://api.gdeltproject.org/api/v2/doc/doc?query=domain:wayland.wickedlocal.com&mode=artlist&maxrecords=250&format=json&DATE=202408
wayland.wickedlocal.com,July 2024,https://api.gdeltproject.org/api/v2/doc/doc?query=domain:wayland.wickedlocal.com&mode=artlist&maxrecords=250&format=json&DATE=202407
wayland.wickedlocal.com,June 2024,https://api.gdeltproject.org/api/v2/doc/doc?query=domain:wayland.wickedlocal.com&mode=artlist&maxrecords=250&format=json&DATE=202406
wayland.wickedlocal.com,May 2024,https://api.gdeltproject.org/api/v2/doc/doc?query=domain:wayland.wickedlocal.com&mode=artlist&maxrecords=250&format=json&DATE=202405
wayland.wickedlocal.com,April 2024,https://api.gdeltproject.org/api/v2/doc/doc?query=domain:wayland.wickedlocal.com&mode=artlist&maxrecords=250&format=json&DATE=202404
wellesley.wickedlocal.com,March 2025,https://api.gdeltproject.org/api/v2/doc/doc?query=domain:wellesley.wickedlocal.com&mode=artlist&maxrecords=250&format=json&DATE=202503
wellesley.wickedlocal.com,February 2025,https://api.gdeltproject.org/api/v2/doc/doc?query=domain:wellesley.wickedlocal.com&mode=artlist&maxrecords=250&format=json&DATE=202502
wellesley.wickedlocal.com,January 2025,https://api.gdeltproject.org/api/v2/doc/doc?query=domain:wellesley.wickedlocal.com&mode=artlist&maxrecords=250&format=json&DATE=202501
wellesley.wickedlocal.com,December 2024,https://api.gdeltproject.org/api/v2/doc/doc?query=domain:wellesley.wickedlocal.com&mode=artlist&maxrecords=250&format=json&DATE=202412
wellesley.wickedlocal.com,November 2024,https://api.gdeltproject.org/api/v2/doc/doc?query=domain:wellesley.wickedlocal.com&mode=artlist&maxrecords=250&format=json&DATE=202411
wellesley.wickedlocal.com,October 2024,https://api.gdeltproject.org/api/v2/doc/doc?query=domain:wellesley.wickedlocal.com&mode=artlist&maxrecords=250&format=json&DATE=202410
wellesley.wickedlocal.com,September 2024,https://api.gdeltproject.org/api/v2/doc/doc?query=domain:wellesley.wickedlocal.com&mode=artlist&maxrecords=250&format=json&DATE=202409
wellesley.wickedlocal.com,August 2024,https://api.gdeltproject.org/api/v2/doc/doc?query=domain:wellesley.wickedlocal.com&mode=artlist&maxrecords=250&format=json&DATE=202408
wellesley.wickedlocal.com,July 2024,https://api.gdeltproject.org/api/v2/doc/doc?query=domain:wellesley.wickedlocal.com&mode=artlist&maxrecords=250&format=json&DATE=202407
wellesley.wickedlocal.com,June 2024,https://api.gdeltproject.org/api/v2/doc/doc?query=domain:wellesley.wickedlocal.com&mode=artlist&maxrecords=250&format=json&DATE=202406
wellesley.wickedlocal.com,May 2024,https://api.gdeltproject.org/api/v2/doc/doc?query=domain:wellesley.wickedlocal.com&mode=artlist&maxrecords=250&format=json&DATE=202405
wellesley.wickedlocal.com,April 2024,https://api.gdeltproject.org/api/v2/doc/doc?query=domain:wellesley.wickedlocal.com&mode=artlist&maxrecords=250&format=json&DATE=202404
www.grossepointenews.com,March 2025,https://api.gdeltproject.org/api/v2/doc/doc?query=domain:www.grossepointenews.com&mode=artlist&maxrecords=250&format=json&DATE=202503
www.grossepointenews.com,February 2025,https://api.gdeltproject.org/api/v2/doc/doc?query=domain:www.grossepointenews.com&mode=artlist&maxrecords=250&format=json&DATE=202502
www.grossepointenews.com,January 2025,https://api.gdeltproject.org/api/v2/doc/doc?query=domain:www.grossepointenews.com&mode=artlist&maxrecords=250&format=json&DATE=202501
www.grossepointenews.com,December 2024,https://api.gdeltproject.org/api/v2/doc/doc?query=domain:www.grossepointenews.com&mode=artlist&maxrecords=250&format=json&DATE=202412
www.grossepointenews.com,November 2024,https://api.gdeltproject.org/api/v2/doc/doc?query=domain:www.grossepointenews.com&mode=artlist&maxrecords=250&format=json&DATE=202411
www.grossepointenews.com,October 2024,https://api.gdeltproject.org/api/v2/doc/doc?query=domain:www.grossepointenews.com&mode=artlist&maxrecords=250&format=json&DATE=202410
www.grossepointenews.com,September 2024,https://api.gdeltproject.org/api/v2/doc/doc?query=domain:www.grossepointenews.com&mode=artlist&maxrecords=250&format=json&DATE=202409
www.grossepointenews.com,August 2024,https://api.gdeltproject.org/api/v2/doc/doc?query=domain:www.grossepointenews.com&mode=artlist&maxrecords=250&format=json&DATE=202408
www.grossepointenews.com,July 2024,https://api.gdeltproject.org/api/v2/doc/doc?query=domain:www.grossepointenews.com&mode=artlist&maxrecords=250&format=json&DATE=202407
www.grossepointenews.com,June 2024,https://api.gdeltproject.org/api/v2/doc/doc?query=domain:www.grossepointenews.com&mode=artlist&maxrecords=250&format=json&DATE=202406
www.grossepointenews.com,May 2024,https://api.gdeltproject.org/api/v2/doc/doc?query=domain:www.grossepointenews.com&mode=artlist&maxrecords=250&format=json&DATE=202405
www.grossepointenews.com,April 2024,https://api.gdeltproject.org/api/v2/doc/doc?query=domain:www.grossepointenews.com&mode=artlist&maxrecords=250&format=json&DATE=202404
www.leelanaunews.com,March 2025,https://api.gdeltproject.org/api/v2/doc/doc?query=domain:www.leelanaunews.com&mode=artlist&maxrecords=250&format=json&DATE=202503
www.leelanaunews.com,February 2025,https://api.gdeltproject.org/api/v2/doc/doc?query=domain:www.leelanaunews.com&mode=artlist&maxrecords=250&format=json&DATE=202502
www.leelanaunews.com,January 2025,https://api.gdeltproject.org/api/v2/doc/doc?query=domain:www.leelanaunews.com&mode=artlist&maxrecords=250&format=json&DATE=202501
www.leelanaunews.com,December 2024,https://api.gdeltproject.org/api/v2/doc/doc?query=domain:www.leelanaunews.com&mode=artlist&maxrecords=250&format=json&DATE=202412
www.leelanaunews.com,November 2024,https://api.gdeltproject.org/api/v2/doc/doc?query=domain:www.leelanaunews.com&mode=artlist&maxrecords=250&format=json&DATE=202411
www.leelanaunews.com,October 2024,https://api.gdeltproject.org/api/v2/doc/doc?query=domain:www.leelanaunews.com&mode=artlist&maxrecords=250&format=json&DATE=202410
www.leelanaunews.com,September 2024,https://api.gdeltproject.org/api/v2/doc/doc?query=domain:www.leelanaunews.com&mode=artlist&maxrecords=250&format=json&DATE=202409
www.leelanaunews.com,August 2024,https://api.gdeltproject.org/api/v2/doc/doc?query=domain:www.leelanaunews.com&mode=artlist&maxrecords=250&format=json&DATE=202408
www.leelanaunews.com,July 2024,https://api.gdeltproject.org/api/v2/doc/doc?query=domain:www.leelanaunews.com&mode=artlist&maxrecords=250&format=json&DATE=202407
www.leelanaunews.com,June 2024,https://api.gdeltproject.org/api/v2/doc/doc?query=domain:www.leelanaunews.com&mode=artlist&maxrecords=250&format=json&DATE=202406
www.leelanaunews.com,May 2024,https://api.gdeltproject.org/api/v2/doc/doc?query=domain:www.leelanaunews.com&mode=artlist&maxrecords=250&format=json&DATE=202405
www.leelanaunews.com,April 2024,https://api.gdeltproject.org/api/v2/doc/doc?query=domain:www.leelanaunews.com&mode=artlist&maxrecords=250&format=json&DATE=202404
www.albertleatribune.com,March 2025,https://api.gdeltproject.org/api/v2/doc/doc?query=domain:www.albertleatribune.com&mode=artlist&maxrecords=250&format=json&DATE=202503
www.albertleatribune.com,February 2025,https://api.gdeltproject.org/api/v2/doc/doc?query=domain:www.albertleatribune.com&mode=artlist&maxrecords=250&format=json&DATE=202502
www.albertleatribune.com,January 2025,https://api.gdeltproject.org/api/v2/doc/doc?query=domain:www.albertleatribune.com&mode=artlist&maxrecords=250&format=json&DATE=202501
www.albertleatribune.com,December 2024,https://api.gdeltproject.org/api/v2/doc/doc?query=domain:www.albertleatribune.com&mode=artlist&maxrecords=250&format=json&DATE=202412
www.albertleatribune.com,November 2024,https://api.gdeltproject.org/api/v2/doc/doc?query=domain:www.albertleatribune.com&mode=artlist&maxrecords=250&format=json&DATE=202411
www.albertleatribune.com,October 2024,https://api.gdeltproject.org/api/v2/doc/doc?query=domain:www.albertleatribune.com&mode=artlist&maxrecords=250&format=json&DATE=202410
www.albertleatribune.com,September 2024,https://api.gdeltproject.org/api/v2/doc/doc?query=domain:www.albertleatribune.com&mode=artlist&maxrecords=250&format=json&DATE=202409
www.albertleatribune.com,August 2024,https://api.gdeltproject.org/api/v2/doc/doc?query=domain:www.albertleatribune.com&mode=artlist&maxrecords=250&format=json&DATE=202408
www.albertleatribune.com,July 2024,https://api.gdeltproject.org/api/v2/doc/doc?query=domain:www.albertleatribune.com&mode=artlist&maxrecords=250&format=json&DATE=202407
www.albertleatribune.com,June 2024,https://api.gdeltproject.org/api/v2/doc/doc?query=domain:www.albertleatribune.com&mode=artlist&maxrecords=250&format=json&DATE=202406
www.albertleatribune.com,May 2024,https://api.gdeltproject.org/api/v2/doc/doc?query=domain:www.albertleatribune.com&mode=artlist&maxrecords=250&format=json&DATE=202405
www.albertleatribune.com,April 2024,https://api.gdeltproject.org/api/v2/doc/doc?query=domain:www.albertleatribune.com&mode=artlist&maxrecords=250&format=json&DATE=202404
www.austindailyherald.com,March 2025,https://api.gdeltproject.org/api/v2/doc/doc?query=domain:www.austindailyherald.com&mode=artlist&maxrecords=250&format=json&DATE=202503
www.austindailyherald.com,February 2025,https://api.gdeltproject.org/api/v2/doc/doc?query=domain:www.austindailyherald.com&mode=artlist&maxrecords=250&format=json&DATE=202502
www.austindailyherald.com,January 2025,https://api.gdeltproject.org/api/v2/doc/doc?query=domain:www.austindailyherald.com&mode=artlist&maxrecords=250&format=json&DATE=202501
www.austindailyherald.com,December 2024,https://api.gdeltproject.org/api/v2/doc/doc?query=domain:www.austindailyherald.com&mode=artlist&maxrecords=250&format=json&DATE=202412
www.austindailyherald.com,November 2024,https://api.gdeltproject.org/api/v2/doc/doc?query=domain:www.austindailyherald.com&mode=artlist&maxrecords=250&format=json&DATE=202411
www.austindailyherald.com,October 2024,https://api.gdeltproject.org/api/v2/doc/doc?query=domain:www.austindailyherald.com&mode=artlist&maxrecords=250&format=json&DATE=202410
www.austindailyherald.com,September 2024,https://api.gdeltproject.org/api/v2/doc/doc?query=domain:www.austindailyherald.com&mode=artlist&maxrecords=250&format=json&DATE=202409
www.austindailyherald.com,August 2024,https://api.gdeltproject.org/api/v2/doc/doc?query=domain:www.austindailyherald.com&mode=artlist&maxrecords=250&format=json&DATE=202408
www.austindailyherald.com,July 2024,https://api.gdeltproject.org/api/v2/doc/doc?query=domain:www.austindailyherald.com&mode=artlist&maxrecords=250&format=json&DATE=202407
www.austindailyherald.com,June 2024,https://api.gdeltproject.org/api/v2/doc/doc?query=domain:www.austindailyherald.com&mode=artlist&maxrecords=250&format=json&DATE=202406
www.austindailyherald.com,May 2024,https://api.gdeltproject.org/api/v2/doc/doc?query=domain:www.austindailyherald.com&mode=artlist&maxrecords=250&format=json&DATE=202405
www.austindailyherald.com,April 2024,https://api.gdeltproject.org/api/v2/doc/doc?query=domain:www.austindailyherald.com&mode=artlist&maxrecords=250&format=json&DATE=202404
www.brainerddispatch.com,March 2025,https://api.gdeltproject.org/api/v2/doc/doc?query=domain:www.brainerddispatch.com&mode=artlist&maxrecords=250&format=json&DATE=202503
www.brainerddispatch.com,February 2025,https://api.gdeltproject.org/api/v2/doc/doc?query=domain:www.brainerddispatch.com&mode=artlist&maxrecords=250&format=json&DATE=202502
www.brainerddispatch.com,January 2025,https://api.gdeltproject.org/api/v2/doc/doc?query=domain:www.brainerddispatch.com&mode=artlist&maxrecords=250&format=json&DATE=202501
www.brainerddispatch.com,December 2024,https://api.gdeltproject.org/api/v2/doc/doc?query=domain:www.brainerddispatch.com&mode=artlist&maxrecords=250&format=json&DATE=202412
www.brainerddispatch.com,November 2024,https://api.gdeltproject.org/api/v2/doc/doc?query=domain:www.brainerddispatch.com&mode=artlist&maxrecords=250&format=json&DATE=202411
www.brainerddispatch.com,October 2024,https://api.gdeltproject.org/api/v2/doc/doc?query=domain:www.brainerddispatch.com&mode=artlist&maxrecords=250&format=json&DATE=202410
www.brainerddispatch.com,September 2024,https://api.gdeltproject.org/api/v2/doc/doc?query=domain:www.brainerddispatch.com&mode=artlist&maxrecords=250&format=json&DATE=202409
www.brainerddispatch.com,August 2024,https://api.gdeltproject.org/api/v2/doc/doc?query=domain:www.brainerddispatch.com&mode=artlist&maxrecords=250&format=json&DATE=202408
www.brainerddispatch.com,July 2024,https://api.gdeltproject.org/api/v2/doc/doc?query=domain:www.brainerddispatch.com&mode=artlist&maxrecords=250&format=json&DATE=202407
www.brainerddispatch.com,June 2024,https://api.gdeltproject.org/api/v2/doc/doc?query=domain:www.brainerddispatch.com&mode=artlist&maxrecords=250&format=json&DATE=202406
www.brainerddispatch.com,May 2024,https://api.gdeltproject.org/api/v2/doc/doc?query=domain:www.brainerddispatch.com&mode=artlist&maxrecords=250&format=json&DATE=202405
www.brainerddispatch.com,April 2024,https://api.gdeltproject.org/api/v2/doc/doc?query=domain:www.brainerddispatch.com&mode=artlist&maxrecords=250&format=json&DATE=202404
www.dglobe.com,March 2025,https://api.gdeltproject.org/api/v2/doc/doc?query=domain:www.dglobe.com&mode=artlist&maxrecords=250&format=json&DATE=202503
www.dglobe.com,February 2025,https://api.gdeltproject.org/api/v2/doc/doc?query=domain:www.dglobe.com&mode=artlist&maxrecords=250&format=json&DATE=202502
www.dglobe.com,January 2025,https://api.gdeltproject.org/api/v2/doc/doc?query=domain:www.dglobe.com&mode=artlist&maxrecords=250&format=json&DATE=202501
www.dglobe.com,December 2024,https://api.gdeltproject.org/api/v2/doc/doc?query=domain:www.dglobe.com&mode=artlist&maxrecords=250&format=json&DATE=202412
www.dglobe.com,November 2024,https://api.gdeltproject.org/api/v2/doc/doc?query=domain:www.dglobe.com&mode=artlist&maxrecords=250&format=json&DATE=202411
www.dglobe.com,October 2024,https://api.gdeltproject.org/api/v2/doc/doc?query=domain:www.dglobe.com&mode=artlist&maxrecords=250&format=json&DATE=202410
www.dglobe.com,September 2024,https://api.gdeltproject.org/api/v2/doc/doc?query=domain:www.dglobe.com&mode=artlist&maxrecords=250&format=json&DATE=202409
www.dglobe.com,August 2024,https://api.gdeltproject.org/api/v2/doc/doc?query=domain:www.dglobe.com&mode=artlist&maxrecords=250&format=json&DATE=202408
www.dglobe.com,July 2024,https://api.gdeltproject.org/api/v2/doc/doc?query=domain:www.dglobe.com&mode=artlist&maxrecords=250&format=json&DATE=202407
www.dglobe.com,June 2024,https://api.gdeltproject.org/api/v2/doc/doc?query=domain:www.dglobe.com&mode=artlist&maxrecords=250&format=json&DATE=202406
www.dglobe.com,May 2024,https://api.gdeltproject.org/api/v2/doc/doc?query=domain:www.dglobe.com&mode=artlist&maxrecords=250&format=json&DATE=202405
www.dglobe.com,April 2024,https://api.gdeltproject.org/api/v2/doc/doc?query=domain:www.dglobe.com&mode=artlist&maxrecords=250&format=json&DATE=202404
www.dl-online.com,March 2025,https://api.gdeltproject.org/api/v2/doc/doc?query=domain:www.dl-online.com&mode=artlist&maxrecords=250&format=json&DATE=202503
www.dl-online.com,February 2025,https://api.gdeltproject.org/api/v2/doc/doc?query=domain:www.dl-online.com&mode=artlist&maxrecords=250&format=json&DATE=202502
www.dl-online.com,January 2025,https://api.gdeltproject.org/api/v2/doc/doc?query=domain:www.dl-online.com&mode=artlist&maxrecords=250&format=json&DATE=202501
www.dl-online.com,December 2024,https://api.gdeltproject.org/api/v2/doc/doc?query=domain:www.dl-online.com&mode=artlist&maxrecords=250&format=json&DATE=202412
www.dl-online.com,November 2024,https://api.gdeltproject.org/api/v2/doc/doc?query=domain:www.dl-online.com&mode=artlist&maxrecords=250&format=json&DATE=202411
www.dl-online.com,October 2024,https://api.gdeltproject.org/api/v2/doc/doc?query=domain:www.dl-online.com&mode=artlist&maxrecords=250&format=json&DATE=202410
www.dl-online.com,September 2024,https://api.gdeltproject.org/api/v2/doc/doc?query=domain:www.dl-online.com&mode=artlist&maxrecords=250&format=json&DATE=202409
www.dl-online.com,August 2024,https://api.gdeltproject.org/api/v2/doc/doc?query=domain:www.dl-online.com&mode=artlist&maxrecords=250&format=json&DATE=202408
www.dl-online.com,July 2024,https://api.gdeltproject.org/api/v2/doc/doc?query=domain:www.dl-online.com&mode=artlist&maxrecords=250&format=json&DATE=202407
www.dl-online.com,June 2024,https://api.gdeltproject.org/api/v2/doc/doc?query=domain:www.dl-online.com&mode=artlist&maxrecords=250&format=json&DATE=202406
www.dl-online.com,May 2024,https://api.gdeltproject.org/api/v2/doc/doc?query=domain:www.dl-online.com&mode=artlist&maxrecords=250&format=json&DATE=202405
www.dl-online.com,April 2024,https://api.gdeltproject.org/api/v2/doc/doc?query=domain:www.dl-online.com&mode=artlist&maxrecords=250&format=json&DATE=202404
www.duluthnewstribune.com,March 2025,https://api.gdeltproject.org/api/v2/doc/doc?query=domain:www.duluthnewstribune.com&mode=artlist&maxrecords=250&format=json&DATE=202503
www.duluthnewstribune.com,February 2025,https://api.gdeltproject.org/api/v2/doc/doc?query=domain:www.duluthnewstribune.com&mode=artlist&maxrecords=250&format=json&DATE=202502
www.duluthnewstribune.com,January 2025,https://api.gdeltproject.org/api/v2/doc/doc?query=domain:www.duluthnewstribune.com&mode=artlist&maxrecords=250&format=json&DATE=202501
www.duluthnewstribune.com,December 2024,https://api.gdeltproject.org/api/v2/doc/doc?query=domain:www.duluthnewstribune.com&mode=artlist&maxrecords=250&format=json&DATE=202412
www.duluthnewstribune.com,November 2024,https://api.gdeltproject.org/api/v2/doc/doc?query=domain:www.duluthnewstribune.com&mode=artlist&maxrecords=250&format=json&DATE=202411
www.duluthnewstribune.com,October 2024,https://api.gdeltproject.org/api/v2/doc/doc?query=domain:www.duluthnewstribune.com&mode=artlist&maxrecords=250&format=json&DATE=202410
www.duluthnewstribune.com,September 2024,https://api.gdeltproject.org/api/v2/doc/doc?query=domain:www.duluthnewstribune.com&mode=artlist&maxrecords=250&format=json&DATE=202409
www.duluthnewstribune.com,August 2024,https://api.gdeltproject.org/api/v2/doc/doc?query=domain:www.duluthnewstribune.com&mode=artlist&maxrecords=250&format=json&DATE=202408
www.duluthnewstribune.com,July 2024,https://api.gdeltproject.org/api/v2/doc/doc?query=domain:www.duluthnewstribune.com&mode=artlist&maxrecords=250&format=json&DATE=202407
www.duluthnewstribune.com,June 2024,https://api.gdeltproject.org/api/v2/doc/doc?query=domain:www.duluthnewstribune.com&mode=artlist&maxrecords=250&format=json&DATE=202406
www.duluthnewstribune.com,May 2024,https://api.gdeltproject.org/api/v2/doc/doc?query=domain:www.duluthnewstribune.com&mode=artlist&maxrecords=250&format=json&DATE=202405
www.duluthnewstribune.com,April 2024,https://api.gdeltproject.org/api/v2/doc/doc?query=domain:www.duluthnewstribune.com&mode=artlist&maxrecords=250&format=json&DATE=202404
www.echopress.com,March 2025,https://api.gdeltproject.org/api/v2/doc/doc?query=domain:www.echopress.com&mode=artlist&maxrecords=250&format=json&DATE=202503
www.echopress.com,February 2025,https://api.gdeltproject.org/api/v2/doc/doc?query=domain:www.echopress.com&mode=artlist&maxrecords=250&format=json&DATE=202502
www.echopress.com,January 2025,https://api.gdeltproject.org/api/v2/doc/doc?query=domain:www.echopress.com&mode=artlist&maxrecords=250&format=json&DATE=202501
www.echopress.com,December 2024,https://api.gdeltproject.org/api/v2/doc/doc?query=domain:www.echopress.com&mode=artlist&maxrecords=250&format=json&DATE=202412
www.echopress.com,November 2024,https://api.gdeltproject.org/api/v2/doc/doc?query=domain:www.echopress.com&mode=artlist&maxrecords=250&format=json&DATE=202411
www.echopress.com,October 2024,https://api.gdeltproject.org/api/v2/doc/doc?query=domain:www.echopress.com&mode=artlist&maxrecords=250&format=json&DATE=202410
www.echopress.com,September 2024,https://api.gdeltproject.org/api/v2/doc/doc?query=domain:www.echopress.com&mode=artlist&maxrecords=250&format=json&DATE=202409
www.echopress.com,August 2024,https://api.gdeltproject.org/api/v2/doc/doc?query=domain:www.echopress.com&mode=artlist&maxrecords=250&format=json&DATE=202408
www.echopress.com,July 2024,https://api.gdeltproject.org/api/v2/doc/doc?query=domain:www.echopress.com&mode=artlist&maxrecords=250&format=json&DATE=202407
www.echopress.com,June 2024,https://api.gdeltproject.org/api/v2/doc/doc?query=domain:www.echopress.com&mode=artlist&maxrecords=250&format=json&DATE=202406
www.echopress.com,May 2024,https://api.gdeltproject.org/api/v2/doc/doc?query=domain:www.echopress.com&mode=artlist&maxrecords=250&format=json&DATE=202405
www.echopress.com,April 2024,https://api.gdeltproject.org/api/v2/doc/doc?query=domain:www.echopress.com&mode=artlist&maxrecords=250&format=json&DATE=202404
finance-commerce.com,March 2025,https://api.gdeltproject.org/api/v2/doc/doc?query=domain:finance-commerce.com&mode=artlist&maxrecords=250&format=json&DATE=202503
finance-commerce.com,February 2025,https://api.gdeltproject.org/api/v2/doc/doc?query=domain:finance-commerce.com&mode=artlist&maxrecords=250&format=json&DATE=202502
finance-commerce.com,January 2025,https://api.gdeltproject.org/api/v2/doc/doc?query=domain:finance-commerce.com&mode=artlist&maxrecords=250&format=json&DATE=202501
finance-commerce.com,December 2024,https://api.gdeltproject.org/api/v2/doc/doc?query=domain:finance-commerce.com&mode=artlist&maxrecords=250&format=json&DATE=202412
finance-commerce.com,November 2024,https://api.gdeltproject.org/api/v2/doc/doc?query=domain:finance-commerce.com&mode=artlist&maxrecords=250&format=json&DATE=202411
finance-commerce.com,October 2024,https://api.gdeltproject.org/api/v2/doc/doc?query=domain:finance-commerce.com&mode=artlist&maxrecords=250&format=json&DATE=202410
finance-commerce.com,September 2024,https://api.gdeltproject.org/api/v2/doc/doc?query=domain:finance-commerce.com&mode=artlist&maxrecords=250&format=json&DATE=202409
finance-commerce.com,August 2024,https://api.gdeltproject.org/api/v2/doc/doc?query=domain:finance-commerce.com&mode=artlist&maxrecords=250&format=json&DATE=202408
finance-commerce.com,July 2024,https://api.gdeltproject.org/api/v2/doc/doc?query=domain:finance-commerce.com&mode=artlist&maxrecords=250&format=json&DATE=202407
finance-commerce.com,June 2024,https://api.gdeltproject.org/api/v2/doc/doc?query=domain:finance-commerce.com&mode=artlist&maxrecords=250&format=json&DATE=202406
finance-commerce.com,May 2024,https://api.gdeltproject.org/api/v2/doc/doc?query=domain:finance-commerce.com&mode=artlist&maxrecords=250&format=json&DATE=202405
finance-commerce.com,April 2024,https://api.gdeltproject.org/api/v2/doc/doc?query=domain:finance-commerce.com&mode=artlist&maxrecords=250&format=json&DATE=202404
headlightherald.com,March 2025,https://api.gdeltproject.org/api/v2/doc/doc?query=domain:headlightherald.com&mode=artlist&maxrecords=250&format=json&DATE=202503
headlightherald.com,February 2025,https://api.gdeltproject.org/api/v2/doc/doc?query=domain:headlightherald.com&mode=artlist&maxrecords=250&format=json&DATE=202502
headlightherald.com,January 2025,https://api.gdeltproject.org/api/v2/doc/doc?query=domain:headlightherald.com&mode=artlist&maxrecords=250&format=json&DATE=202501
headlightherald.com,December 2024,https://api.gdeltproject.org/api/v2/doc/doc?query=domain:headlightherald.com&mode=artlist&maxrecords=250&format=json&DATE=202412
headlightherald.com,November 2024,https://api.gdeltproject.org/api/v2/doc/doc?query=domain:headlightherald.com&mode=artlist&maxrecords=250&format=json&DATE=202411
headlightherald.com,October 2024,https://api.gdeltproject.org/api/v2/doc/doc?query=domain:headlightherald.com&mode=artlist&maxrecords=250&format=json&DATE=202410
headlightherald.com,September 2024,https://api.gdeltproject.org/api/v2/doc/doc?query=domain:headlightherald.com&mode=artlist&maxrecords=250&format=json&DATE=202409
headlightherald.com,August 2024,https://api.gdeltproject.org/api/v2/doc/doc?query=domain:headlightherald.com&mode=artlist&maxrecords=250&format=json&DATE=202408
headlightherald.com,July 2024,https://api.gdeltproject.org/api/v2/doc/doc?query=domain:headlightherald.com&mode=artlist&maxrecords=250&format=json&DATE=202407
headlightherald.com,June 2024,https://api.gdeltproject.org/api/v2/doc/doc?query=domain:headlightherald.com&mode=artlist&maxrecords=250&format=json&DATE=202406
headlightherald.com,May 2024,https://api.gdeltproject.org/api/v2/doc/doc?query=domain:headlightherald.com&mode=artlist&maxrecords=250&format=json&DATE=202405
headlightherald.com,April 2024,https://api.gdeltproject.org/api/v2/doc/doc?query=domain:headlightherald.com&mode=artlist&maxrecords=250&format=json&DATE=202404
www.jacksoncountypilot.com,March 2025,https://api.gdeltproject.org/api/v2/doc/doc?query=domain:www.jacksoncountypilot.com&mode=artlist&maxrecords=250&format=json&DATE=202503
www.jacksoncountypilot.com,February 2025,https://api.gdeltproject.org/api/v2/doc/doc?query=domain:www.jacksoncountypilot.com&mode=artlist&maxrecords=250&format=json&DATE=202502
www.jacksoncountypilot.com,January 2025,https://api.gdeltproject.org/api/v2/doc/doc?query=domain:www.jacksoncountypilot.com&mode=artlist&maxrecords=250&format=json&DATE=202501
www.jacksoncountypilot.com,December 2024,https://api.gdeltproject.org/api/v2/doc/doc?query=domain:www.jacksoncountypilot.com&mode=artlist&maxrecords=250&format=json&DATE=202412
www.jacksoncountypilot.com,November 2024,https://api.gdeltproject.org/api/v2/doc/doc?query=domain:www.jacksoncountypilot.com&mode=artlist&maxrecords=250&format=json&DATE=202411
www.jacksoncountypilot.com,October 2024,https://api.gdeltproject.org/api/v2/doc/doc?query=domain:www.jacksoncountypilot.com&mode=artlist&maxrecords=250&format=json&DATE=202410
www.jacksoncountypilot.com,September 2024,https://api.gdeltproject.org/api/v2/doc/doc?query=domain:www.jacksoncountypilot.com&mode=artlist&maxrecords=250&format=json&DATE=202409
www.jacksoncountypilot.com,August 2024,https://api.gdeltproject.org/api/v2/doc/doc?query=domain:www.jacksoncountypilot.com&mode=artlist&maxrecords=250&format=json&DATE=202408
www.jacksoncountypilot.com,July 2024,https://api.gdeltproject.org/api/v2/doc/doc?query=domain:www.jacksoncountypilot.com&mode=artlist&maxrecords=250&format=json&DATE=202407
www.jacksoncountypilot.com,June 2024,https://api.gdeltproject.org/api/v2/doc/doc?query=domain:www.jacksoncountypilot.com&mode=artlist&maxrecords=250&format=json&DATE=202406
www.jacksoncountypilot.com,May 2024,https://api.gdeltproject.org/api/v2/doc/doc?query=domain:www.jacksoncountypilot.com&mode=artlist&maxrecords=250&format=json&DATE=202405
www.jacksoncountypilot.com,April 2024,https://api.gdeltproject.org/api/v2/doc/doc?query=domain:www.jacksoncountypilot.com&mode=artlist&maxrecords=250&format=json&DATE=202404
www.pineandlakes.com,March 2025,https://api.gdeltproject.org/api/v2/doc/doc?query=domain:www.pineandlakes.com&mode=artlist&maxrecords=250&format=json&DATE=202503
www.pineandlakes.com,February 2025,https://api.gdeltproject.org/api/v2/doc/doc?query=domain:www.pineandlakes.com&mode=artlist&maxrecords=250&format=json&DATE=202502
www.pineandlakes.com,January 2025,https://api.gdeltproject.org/api/v2/doc/doc?query=domain:www.pineandlakes.com&mode=artlist&maxrecords=250&format=json&DATE=202501
www.pineandlakes.com,December 2024,https://api.gdeltproject.org/api/v2/doc/doc?query=domain:www.pineandlakes.com&mode=artlist&maxrecords=250&format=json&DATE=202412
www.pineandlakes.com,November 2024,https://api.gdeltproject.org/api/v2/doc/doc?query=domain:www.pineandlakes.com&mode=artlist&maxrecords=250&format=json&DATE=202411
www.pineandlakes.com,October 2024,https://api.gdeltproject.org/api/v2/doc/doc?query=domain:www.pineandlakes.com&mode=artlist&maxrecords=250&format=json&DATE=202410
www.pineandlakes.com,September 2024,https://api.gdeltproject.org/api/v2/doc/doc?query=domain:www.pineandlakes.com&mode=artlist&maxrecords=250&format=json&DATE=202409
www.pineandlakes.com,August 2024,https://api.gdeltproject.org/api/v2/doc/doc?query=domain:www.pineandlakes.com&mode=artlist&maxrecords=250&format=json&DATE=202408
www.pineandlakes.com,July 2024,https://api.gdeltproject.org/api/v2/doc/doc?query=domain:www.pineandlakes.com&mode=artlist&maxrecords=250&format=json&DATE=202407
www.pineandlakes.com,June 2024,https://api.gdeltproject.org/api/v2/doc/doc?query=domain:www.pineandlakes.com&mode=artlist&maxrecords=250&format=json&DATE=202406
www.pineandlakes.com,May 2024,https://api.gdeltproject.org/api/v2/doc/doc?query=domain:www.pineandlakes.com&mode=artlist&maxrecords=250&format=json&DATE=202405
www.pineandlakes.com,April 2024,https://api.gdeltproject.org/api/v2/doc/doc?query=domain:www.pineandlakes.com&mode=artlist&maxrecords=250&format=json&DATE=202404
www.republican-eagle.com,March 2025,https://api.gdeltproject.org/api/v2/doc/doc?query=domain:www.republican-eagle.com&mode=artlist&maxrecords=250&format=json&DATE=202503
www.republican-eagle.com,February 2025,https://api.gdeltproject.org/api/v2/doc/doc?query=domain:www.republican-eagle.com&mode=artlist&maxrecords=250&format=json&DATE=202502
www.republican-eagle.com,January 2025,https://api.gdeltproject.org/api/v2/doc/doc?query=domain:www.republican-eagle.com&mode=artlist&maxrecords=250&format=json&DATE=202501
www.republican-eagle.com,December 2024,https://api.gdeltproject.org/api/v2/doc/doc?query=domain:www.republican-eagle.com&mode=artlist&maxrecords=250&format=json&DATE=202412
www.republican-eagle.com,November 2024,https://api.gdeltproject.org/api/v2/doc/doc?query=domain:www.republican-eagle.com&mode=artlist&maxrecords=250&format=json&DATE=202411
www.republican-eagle.com,October 2024,https://api.gdeltproject.org/api/v2/doc/doc?query=domain:www.republican-eagle.com&mode=artlist&maxrecords=250&format=json&DATE=202410
www.republican-eagle.com,September 2024,https://api.gdeltproject.org/api/v2/doc/doc?query=domain:www.republican-eagle.com&mode=artlist&maxrecords=250&format=json&DATE=202409
www.republican-eagle.com,August 2024,https://api.gdeltproject.org/api/v2/doc/doc?query=domain:www.republican-eagle.com&mode=artlist&maxrecords=250&format=json&DATE=202408
www.republican-eagle.com,July 2024,https://api.gdeltproject.org/api/v2/doc/doc?query=domain:www.republican-eagle.com&mode=artlist&maxrecords=250&format=json&DATE=202407
www.republican-eagle.com,June 2024,https://api.gdeltproject.org/api/v2/doc/doc?query=domain:www.republican-eagle.com&mode=artlist&maxrecords=250&format=json&DATE=202406
www.republican-eagle.com,May 2024,https://api.gdeltproject.org/api/v2/doc/doc?query=domain:www.republican-eagle.com&mode=artlist&maxrecords=250&format=json&DATE=202405
www.republican-eagle.com,April 2024,https://api.gdeltproject.org/api/v2/doc/doc?query=domain:www.republican-eagle.com&mode=artlist&maxrecords=250&format=json&DATE=202404
www.star-herald.com,March 2025,https://api.gdeltproject.org/api/v2/doc/doc?query=domain:www.star-herald.com&mode=artlist&maxrecords=250&format=json&DATE=202503
www.star-herald.com,February 2025,https://api.gdeltproject.org/api/v2/doc/doc?query=domain:www.star-herald.com&mode=artlist&maxrecords=250&format=json&DATE=202502
www.star-herald.com,January 2025,https://api.gdeltproject.org/api/v2/doc/doc?query=domain:www.star-herald.com&mode=artlist&maxrecords=250&format=json&DATE=202501
www.star-herald.com,December 2024,https://api.gdeltproject.org/api/v2/doc/doc?query=domain:www.star-herald.com&mode=artlist&maxrecords=250&format=json&DATE=202412
www.star-herald.com,November 2024,https://api.gdeltproject.org/api/v2/doc/doc?query=domain:www.star-herald.com&mode=artlist&maxrecords=250&format=json&DATE=202411
www.star-herald.com,October 2024,https://api.gdeltproject.org/api/v2/doc/doc?query=domain:www.star-herald.com&mode=artlist&maxrecords=250&format=json&DATE=202410
www.star-herald.com,September 2024,https://api.gdeltproject.org/api/v2/doc/doc?query=domain:www.star-herald.com&mode=artlist&maxrecords=250&format=json&DATE=202409
www.star-herald.com,August 2024,https://api.gdeltproject.org/api/v2/doc/doc?query=domain:www.star-herald.com&mode=artlist&maxrecords=250&format=json&DATE=202408
www.star-herald.com,July 2024,https://api.gdeltproject.org/api/v2/doc/doc?query=domain:www.star-herald.com&mode=artlist&maxrecords=250&format=json&DATE=202407
www.star-herald.com,June 2024,https://api.gdeltproject.org/api/v2/doc/doc?query=domain:www.star-herald.com&mode=artlist&maxrecords=250&format=json&DATE=202406
www.star-herald.com,May 2024,https://api.gdeltproject.org/api/v2/doc/doc?query=domain:www.star-herald.com&mode=artlist&maxrecords=250&format=json&DATE=202405
www.star-herald.com,April 2024,https://api.gdeltproject.org/api/v2/doc/doc?query=domain:www.star-herald.com&mode=artlist&maxrecords=250&format=json&DATE=202404
www.twincities.com,March 2025,https://api.gdeltproject.org/api/v2/doc/doc?query=domain:www.twincities.com&mode=artlist&maxrecords=250&format=json&DATE=202503
www.twincities.com,February 2025,https://api.gdeltproject.org/api/v2/doc/doc?query=domain:www.twincities.com&mode=artlist&maxrecords=250&format=json&DATE=202502
www.twincities.com,January 2025,https://api.gdeltproject.org/api/v2/doc/doc?query=domain:www.twincities.com&mode=artlist&maxrecords=250&format=json&DATE=202501
www.twincities.com,December 2024,https://api.gdeltproject.org/api/v2/doc/doc?query=domain:www.twincities.com&mode=artlist&maxrecords=250&format=json&DATE=202412
www.twincities.com,November 2024,https://api.gdeltproject.org/api/v2/doc/doc?query=domain:www.twincities.com&mode=artlist&maxrecords=250&format=json&DATE=202411
www.twincities.com,October 2024,https://api.gdeltproject.org/api/v2/doc/doc?query=domain:www.twincities.com&mode=artlist&maxrecords=250&format=json&DATE=202410
www.twincities.com,September 2024,https://api.gdeltproject.org/api/v2/doc/doc?query=domain:www.twincities.com&mode=artlist&maxrecords=250&format=json&DATE=202409
www.twincities.com,August 2024,https://api.gdeltproject.org/api/v2/doc/doc?query=domain:www.twincities.com&mode=artlist&maxrecords=250&format=json&DATE=202408
www.twincities.com,July 2024,https://api.gdeltproject.org/api/v2/doc/doc?query=domain:www.twincities.com&mode=artlist&maxrecords=250&format=json&DATE=202407
www.twincities.com,June 2024,https://api.gdeltproject.org/api/v2/doc/doc?query=domain:www.twincities.com&mode=artlist&maxrecords=250&format=json&DATE=202406
www.twincities.com,May 2024,https://api.gdeltproject.org/api/v2/doc/doc?query=domain:www.twincities.com&mode=artlist&maxrecords=250&format=json&DATE=202405
www.twincities.com,April 2024,https://api.gdeltproject.org/api/v2/doc/doc?query=domain:www.twincities.com&mode=artlist&maxrecords=250&format=json&DATE=202404
www.pipestonestar.com,March 2025,https://api.gdeltproject.org/api/v2/doc/doc?query=domain:www.pipestonestar.com&mode=artlist&maxrecords=250&format=json&DATE=202503
www.pipestonestar.com,February 2025,https://api.gdeltproject.org/api/v2/doc/doc?query=domain:www.pipestonestar.com&mode=artlist&maxrecords=250&format=json&DATE=202502
www.pipestonestar.com,January 2025,https://api.gdeltproject.org/api/v2/doc/doc?query=domain:www.pipestonestar.com&mode=artlist&maxrecords=250&format=json&DATE=202501
www.pipestonestar.com,December 2024,https://api.gdeltproject.org/api/v2/doc/doc?query=domain:www.pipestonestar.com&mode=artlist&maxrecords=250&format=json&DATE=202412
www.pipestonestar.com,November 2024,https://api.gdeltproject.org/api/v2/doc/doc?query=domain:www.pipestonestar.com&mode=artlist&maxrecords=250&format=json&DATE=202411
www.pipestonestar.com,October 2024,https://api.gdeltproject.org/api/v2/doc/doc?query=domain:www.pipestonestar.com&mode=artlist&maxrecords=250&format=json&DATE=202410
www.pipestonestar.com,September 2024,https://api.gdeltproject.org/api/v2/doc/doc?query=domain:www.pipestonestar.com&mode=artlist&maxrecords=250&format=json&DATE=202409
www.pipestonestar.com,August 2024,https://api.gdeltproject.org/api/v2/doc/doc?query=domain:www.pipestonestar.com&mode=artlist&maxrecords=250&format=json&DATE=202408
www.pipestonestar.com,July 2024,https://api.gdeltproject.org/api/v2/doc/doc?query=domain:www.pipestonestar.com&mode=artlist&maxrecords=250&format=json&DATE=202407
www.pipestonestar.com,June 2024,https://api.gdeltproject.org/api/v2/doc/doc?query=domain:www.pipestonestar.com&mode=artlist&maxrecords=250&format=json&DATE=202406
www.pipestonestar.com,May 2024,https://api.gdeltproject.org/api/v2/doc/doc?query=domain:www.pipestonestar.com&mode=artlist&maxrecords=250&format=json&DATE=202405
www.pipestonestar.com,April 2024,https://api.gdeltproject.org/api/v2/doc/doc?query=domain:www.pipestonestar.com&mode=artlist&maxrecords=250&format=json&DATE=202404
www.startribune.com,March 2025,https://api.gdeltproject.org/api/v2/doc/doc?query=domain:www.startribune.com&mode=artlist&maxrecords=250&format=json&DATE=202503
www.startribune.com,February 2025,https://api.gdeltproject.org/api/v2/doc/doc?query=domain:www.startribune.com&mode=artlist&maxrecords=250&format=json&DATE=202502
www.startribune.com,January 2025,https://api.gdeltproject.org/api/v2/doc/doc?query=domain:www.startribune.com&mode=artlist&maxrecords=250&format=json&DATE=202501
www.startribune.com,December 2024,https://api.gdeltproject.org/api/v2/doc/doc?query=domain:www.startribune.com&mode=artlist&maxrecords=250&format=json&DATE=202412
www.startribune.com,November 2024,https://api.gdeltproject.org/api/v2/doc/doc?query=domain:www.startribune.com&mode=artlist&maxrecords=250&format=json&DATE=202411
www.startribune.com,October 2024,https://api.gdeltproject.org/api/v2/doc/doc?query=domain:www.startribune.com&mode=artlist&maxrecords=250&format=json&DATE=202410
www.startribune.com,September 2024,https://api.gdeltproject.org/api/v2/doc/doc?query=domain:www.startribune.com&mode=artlist&maxrecords=250&format=json&DATE=202409
www.startribune.com,August 2024,https://api.gdeltproject.org/api/v2/doc/doc?query=domain:www.startribune.com&mode=artlist&maxrecords=250&format=json&DATE=202408
www.startribune.com,July 2024,https://api.gdeltproject.org/api/v2/doc/doc?query=domain:www.startribune.com&mode=artlist&maxrecords=250&format=json&DATE=202407
www.startribune.com,June 2024,https://api.gdeltproject.org/api/v2/doc/doc?query=domain:www.startribune.com&mode=artlist&maxrecords=250&format=json&DATE=202406
www.startribune.com,May 2024,https://api.gdeltproject.org/api/v2/doc/doc?query=domain:www.startribune.com&mode=artlist&maxrecords=250&format=json&DATE=202405
www.startribune.com,April 2024,https://api.gdeltproject.org/api/v2/doc/doc?query=domain:www.startribune.com&mode=artlist&maxrecords=250&format=json&DATE=202404
www.hastingsstargazette.com,March 2025,https://api.gdeltproject.org/api/v2/doc/doc?query=domain:www.hastingsstargazette.com&mode=artlist&maxrecords=250&format=json&DATE=202503
www.hastingsstargazette.com,February 2025,https://api.gdeltproject.org/api/v2/doc/doc?query=domain:www.hastingsstargazette.com&mode=artlist&maxrecords=250&format=json&DATE=202502
www.hastingsstargazette.com,January 2025,https://api.gdeltproject.org/api/v2/doc/doc?query=domain:www.hastingsstargazette.com&mode=artlist&maxrecords=250&format=json&DATE=202501
www.hastingsstargazette.com,December 2024,https://api.gdeltproject.org/api/v2/doc/doc?query=domain:www.hastingsstargazette.com&mode=artlist&maxrecords=250&format=json&DATE=202412
www.hastingsstargazette.com,November 2024,https://api.gdeltproject.org/api/v2/doc/doc?query=domain:www.hastingsstargazette.com&mode=artlist&maxrecords=250&format=json&DATE=202411
www.hastingsstargazette.com,October 2024,https://api.gdeltproject.org/api/v2/doc/doc?query=domain:www.hastingsstargazette.com&mode=artlist&maxrecords=250&format=json&DATE=202410
www.hastingsstargazette.com,September 2024,https://api.gdeltproject.org/api/v2/doc/doc?query=domain:www.hastingsstargazette.com&mode=artlist&maxrecords=250&format=json&DATE=202409
www.hastingsstargazette.com,August 2024,https://api.gdeltproject.org/api/v2/doc/doc?query=domain:www.hastingsstargazette.com&mode=artlist&maxrecords=250&format=json&DATE=202408
www.hastingsstargazette.com,July 2024,https://api.gdeltproject.org/api/v2/doc/doc?query=domain:www.hastingsstargazette.com&mode=artlist&maxrecords=250&format=json&DATE=202407
www.hastingsstargazette.com,June 2024,https://api.gdeltproject.org/api/v2/doc/doc?query=domain:www.hastingsstargazette.com&mode=artlist&maxrecords=250&format=json&DATE=202406
www.hastingsstargazette.com,May 2024,https://api.gdeltproject.org/api/v2/doc/doc?query=domain:www.hastingsstargazette.com&mode=artlist&maxrecords=250&format=json&DATE=202405
www.hastingsstargazette.com,April 2024,https://api.gdeltproject.org/api/v2/doc/doc?query=domain:www.hastingsstargazette.com&mode=artlist&maxrecords=250&format=json&DATE=202404
trftimes.com,March 2025,https://api.gdeltproject.org/api/v2/doc/doc?query=domain:trftimes.com&mode=artlist&maxrecords=250&format=json&DATE=202503
trftimes.com,February 2025,https://api.gdeltproject.org/api/v2/doc/doc?query=domain:trftimes.com&mode=artlist&maxrecords=250&format=json&DATE=202502
trftimes.com,January 2025,https://api.gdeltproject.org/api/v2/doc/doc?query=domain:trftimes.com&mode=artlist&maxrecords=250&format=json&DATE=202501
trftimes.com,December 2024,https://api.gdeltproject.org/api/v2/doc/doc?query=domain:trftimes.com&mode=artlist&maxrecords=250&format=json&DATE=202412
trftimes.com,November 2024,https://api.gdeltproject.org/api/v2/doc/doc?query=domain:trftimes.com&mode=artlist&maxrecords=250&format=json&DATE=202411
trftimes.com,October 2024,https://api.gdeltproject.org/api/v2/doc/doc?query=domain:trftimes.com&mode=artlist&maxrecords=250&format=json&DATE=202410
trftimes.com,September 2024,https://api.gdeltproject.org/api/v2/doc/doc?query=domain:trftimes.com&mode=artlist&maxrecords=250&format=json&DATE=202409
trftimes.com,August 2024,https://api.gdeltproject.org/api/v2/doc/doc?query=domain:trftimes.com&mode=artlist&maxrecords=250&format=json&DATE=202408
trftimes.com,July 2024,https://api.gdeltproject.org/api/v2/doc/doc?query=domain:trftimes.com&mode=artlist&maxrecords=250&format=json&DATE=202407
trftimes.com,June 2024,https://api.gdeltproject.org/api/v2/doc/doc?query=domain:trftimes.com&mode=artlist&maxrecords=250&format=json&DATE=202406
trftimes.com,May 2024,https://api.gdeltproject.org/api/v2/doc/doc?query=domain:trftimes.com&mode=artlist&maxrecords=250&format=json&DATE=202405
trftimes.com,April 2024,https://api.gdeltproject.org/api/v2/doc/doc?query=domain:trftimes.com&mode=artlist&maxrecords=250&format=json&DATE=202404
www.wadenapj.com,March 2025,https://api.gdeltproject.org/api/v2/doc/doc?query=domain:www.wadenapj.com&mode=artlist&maxrecords=250&format=json&DATE=202503
www.wadenapj.com,February 2025,https://api.gdeltproject.org/api/v2/doc/doc?query=domain:www.wadenapj.com&mode=artlist&maxrecords=250&format=json&DATE=202502
www.wadenapj.com,January 2025,https://api.gdeltproject.org/api/v2/doc/doc?query=domain:www.wadenapj.com&mode=artlist&maxrecords=250&format=json&DATE=202501
www.wadenapj.com,December 2024,https://api.gdeltproject.org/api/v2/doc/doc?query=domain:www.wadenapj.com&mode=artlist&maxrecords=250&format=json&DATE=202412
www.wadenapj.com,November 2024,https://api.gdeltproject.org/api/v2/doc/doc?query=domain:www.wadenapj.com&mode=artlist&maxrecords=250&format=json&DATE=202411
www.wadenapj.com,October 2024,https://api.gdeltproject.org/api/v2/doc/doc?query=domain:www.wadenapj.com&mode=artlist&maxrecords=250&format=json&DATE=202410
www.wadenapj.com,September 2024,https://api.gdeltproject.org/api/v2/doc/doc?query=domain:www.wadenapj.com&mode=artlist&maxrecords=250&format=json&DATE=202409
www.wadenapj.com,August 2024,https://api.gdeltproject.org/api/v2/doc/doc?query=domain:www.wadenapj.com&mode=artlist&maxrecords=250&format=json&DATE=202408
www.wadenapj.com,July 2024,https://api.gdeltproject.org/api/v2/doc/doc?query=domain:www.wadenapj.com&mode=artlist&maxrecords=250&format=json&DATE=202407
www.wadenapj.com,June 2024,https://api.gdeltproject.org/api/v2/doc/doc?query=domain:www.wadenapj.com&mode=artlist&maxrecords=250&format=json&DATE=202406
www.wadenapj.com,May 2024,https://api.gdeltproject.org/api/v2/doc/doc?query=domain:www.wadenapj.com&mode=artlist&maxrecords=250&format=json&DATE=202405
www.wadenapj.com,April 2024,https://api.gdeltproject.org/api/v2/doc/doc?query=domain:www.wadenapj.com&mode=artlist&maxrecords=250&format=json&DATE=202404
www.wctrib.com,March 2025,https://api.gdeltproject.org/api/v2/doc/doc?query=domain:www.wctrib.com&mode=artlist&maxrecords=250&format=json&DATE=202503
www.wctrib.com,February 2025,https://api.gdeltproject.org/api/v2/doc/doc?query=domain:www.wctrib.com&mode=artlist&maxrecords=250&format=json&DATE=202502
www.wctrib.com,January 2025,https://api.gdeltproject.org/api/v2/doc/doc?query=domain:www.wctrib.com&mode=artlist&maxrecords=250&format=json&DATE=202501
www.wctrib.com,December 2024,https://api.gdeltproject.org/api/v2/doc/doc?query=domain:www.wctrib.com&mode=artlist&maxrecords=250&format=json&DATE=202412
www.wctrib.com,November 2024,https://api.gdeltproject.org/api/v2/doc/doc?query=domain:www.wctrib.com&mode=artlist&maxrecords=250&format=json&DATE=202411
www.wctrib.com,October 2024,https://api.gdeltproject.org/api/v2/doc/doc?query=domain:www.wctrib.com&mode=artlist&maxrecords=250&format=json&DATE=202410
www.wctrib.com,September 2024,https://api.gdeltproject.org/api/v2/doc/doc?query=domain:www.wctrib.com&mode=artlist&maxrecords=250&format=json&DATE=202409
www.wctrib.com,August 2024,https://api.gdeltproject.org/api/v2/doc/doc?query=domain:www.wctrib.com&mode=artlist&maxrecords=250&format=json&DATE=202408
www.wctrib.com,July 2024,https://api.gdeltproject.org/api/v2/doc/doc?query=domain:www.wctrib.com&mode=artlist&maxrecords=250&format=json&DATE=202407
www.wctrib.com,June 2024,https://api.gdeltproject.org/api/v2/doc/doc?query=domain:www.wctrib.com&mode=artlist&maxrecords=250&format=json&DATE=202406
www.wctrib.com,May 2024,https://api.gdeltproject.org/api/v2/doc/doc?query=domain:www.wctrib.com&mode=artlist&maxrecords=250&format=json&DATE=202405
www.wctrib.com,April 2024,https://api.gdeltproject.org/api/v2/doc/doc?query=domain:www.wctrib.com&mode=artlist&maxrecords=250&format=json&DATE=202404
www.dailyleader.com,March 2025,https://api.gdeltproject.org/api/v2/doc/doc?query=domain:www.dailyleader.com&mode=artlist&maxrecords=250&format=json&DATE=202503
www.dailyleader.com,February 2025,https://api.gdeltproject.org/api/v2/doc/doc?query=domain:www.dailyleader.com&mode=artlist&maxrecords=250&format=json&DATE=202502
www.dailyleader.com,January 2025,https://api.gdeltproject.org/api/v2/doc/doc?query=domain:www.dailyleader.com&mode=artlist&maxrecords=250&format=json&DATE=202501
www.dailyleader.com,December 2024,https://api.gdeltproject.org/api/v2/doc/doc?query=domain:www.dailyleader.com&mode=artlist&maxrecords=250&format=json&DATE=202412
www.dailyleader.com,November 2024,https://api.gdeltproject.org/api/v2/doc/doc?query=domain:www.dailyleader.com&mode=artlist&maxrecords=250&format=json&DATE=202411
www.dailyleader.com,October 2024,https://api.gdeltproject.org/api/v2/doc/doc?query=domain:www.dailyleader.com&mode=artlist&maxrecords=250&format=json&DATE=202410
www.dailyleader.com,September 2024,https://api.gdeltproject.org/api/v2/doc/doc?query=domain:www.dailyleader.com&mode=artlist&maxrecords=250&format=json&DATE=202409
www.dailyleader.com,August 2024,https://api.gdeltproject.org/api/v2/doc/doc?query=domain:www.dailyleader.com&mode=artlist&maxrecords=250&format=json&DATE=202408
www.dailyleader.com,July 2024,https://api.gdeltproject.org/api/v2/doc/doc?query=domain:www.dailyleader.com&mode=artlist&maxrecords=250&format=json&DATE=202407
www.dailyleader.com,June 2024,https://api.gdeltproject.org/api/v2/doc/doc?query=domain:www.dailyleader.com&mode=artlist&maxrecords=250&format=json&DATE=202406
www.dailyleader.com,May 2024,https://api.gdeltproject.org/api/v2/doc/doc?query=domain:www.dailyleader.com&mode=artlist&maxrecords=250&format=json&DATE=202405
www.dailyleader.com,April 2024,https://api.gdeltproject.org/api/v2/doc/doc?query=domain:www.dailyleader.com&mode=artlist&maxrecords=250&format=json&DATE=202404
msbusiness.com,March 2025,https://api.gdeltproject.org/api/v2/doc/doc?query=domain:msbusiness.com&mode=artlist&maxrecords=250&format=json&DATE=202503
msbusiness.com,February 2025,https://api.gdeltproject.org/api/v2/doc/doc?query=domain:msbusiness.com&mode=artlist&maxrecords=250&format=json&DATE=202502
msbusiness.com,January 2025,https://api.gdeltproject.org/api/v2/doc/doc?query=domain:msbusiness.com&mode=artlist&maxrecords=250&format=json&DATE=202501
msbusiness.com,December 2024,https://api.gdeltproject.org/api/v2/doc/doc?query=domain:msbusiness.com&mode=artlist&maxrecords=250&format=json&DATE=202412
msbusiness.com,November 2024,https://api.gdeltproject.org/api/v2/doc/doc?query=domain:msbusiness.com&mode=artlist&maxrecords=250&format=json&DATE=202411
msbusiness.com,October 2024,https://api.gdeltproject.org/api/v2/doc/doc?query=domain:msbusiness.com&mode=artlist&maxrecords=250&format=json&DATE=202410
msbusiness.com,September 2024,https://api.gdeltproject.org/api/v2/doc/doc?query=domain:msbusiness.com&mode=artlist&maxrecords=250&format=json&DATE=202409
msbusiness.com,August 2024,https://api.gdeltproject.org/api/v2/doc/doc?query=domain:msbusiness.com&mode=artlist&maxrecords=250&format=json&DATE=202408
msbusiness.com,July 2024,https://api.gdeltproject.org/api/v2/doc/doc?query=domain:msbusiness.com&mode=artlist&maxrecords=250&format=json&DATE=202407
msbusiness.com,June 2024,https://api.gdeltproject.org/api/v2/doc/doc?query=domain:msbusiness.com&mode=artlist&maxrecords=250&format=json&DATE=202406
msbusiness.com,May 2024,https://api.gdeltproject.org/api/v2/doc/doc?query=domain:msbusiness.com&mode=artlist&maxrecords=250&format=json&DATE=202405
msbusiness.com,April 2024,https://api.gdeltproject.org/api/v2/doc/doc?query=domain:msbusiness.com&mode=artlist&maxrecords=250&format=json&DATE=202404
www.natchezdemocrat.com,March 2025,https://api.gdeltproject.org/api/v2/doc/doc?query=domain:www.natchezdemocrat.com&mode=artlist&maxrecords=250&format=json&DATE=202503
www.natchezdemocrat.com,February 2025,https://api.gdeltproject.org/api/v2/doc/doc?query=domain:www.natchezdemocrat.com&mode=artlist&maxrecords=250&format=json&DATE=202502
www.natchezdemocrat.com,January 2025,https://api.gdeltproject.org/api/v2/doc/doc?query=domain:www.natchezdemocrat.com&mode=artlist&maxrecords=250&format=json&DATE=202501
www.natchezdemocrat.com,December 2024,https://api.gdeltproject.org/api/v2/doc/doc?query=domain:www.natchezdemocrat.com&mode=artlist&maxrecords=250&format=json&DATE=202412
www.natchezdemocrat.com,November 2024,https://api.gdeltproject.org/api/v2/doc/doc?query=domain:www.natchezdemocrat.com&mode=artlist&maxrecords=250&format=json&DATE=202411
www.natchezdemocrat.com,October 2024,https://api.gdeltproject.org/api/v2/doc/doc?query=domain:www.natchezdemocrat.com&mode=artlist&maxrecords=250&format=json&DATE=202410
www.natchezdemocrat.com,September 2024,https://api.gdeltproject.org/api/v2/doc/doc?query=domain:www.natchezdemocrat.com&mode=artlist&maxrecords=250&format=json&DATE=202409
www.natchezdemocrat.com,August 2024,https://api.gdeltproject.org/api/v2/doc/doc?query=domain:www.natchezdemocrat.com&mode=artlist&maxrecords=250&format=json&DATE=202408
www.natchezdemocrat.com,July 2024,https://api.gdeltproject.org/api/v2/doc/doc?query=domain:www.natchezdemocrat.com&mode=artlist&maxrecords=250&format=json&DATE=202407
www.natchezdemocrat.com,June 2024,https://api.gdeltproject.org/api/v2/doc/doc?query=domain:www.natchezdemocrat.com&mode=artlist&maxrecords=250&format=json&DATE=202406
www.natchezdemocrat.com,May 2024,https://api.gdeltproject.org/api/v2/doc/doc?query=domain:www.natchezdemocrat.com&mode=artlist&maxrecords=250&format=json&DATE=202405
www.natchezdemocrat.com,April 2024,https://api.gdeltproject.org/api/v2/doc/doc?query=domain:www.natchezdemocrat.com&mode=artlist&maxrecords=250&format=json&DATE=202404
www.picayuneitem.com,March 2025,https://api.gdeltproject.org/api/v2/doc/doc?query=domain:www.picayuneitem.com&mode=artlist&maxrecords=250&format=json&DATE=202503
www.picayuneitem.com,February 2025,https://api.gdeltproject.org/api/v2/doc/doc?query=domain:www.picayuneitem.com&mode=artlist&maxrecords=250&format=json&DATE=202502
www.picayuneitem.com,January 2025,https://api.gdeltproject.org/api/v2/doc/doc?query=domain:www.picayuneitem.com&mode=artlist&maxrecords=250&format=json&DATE=202501
www.picayuneitem.com,December 2024,https://api.gdeltproject.org/api/v2/doc/doc?query=domain:www.picayuneitem.com&mode=artlist&maxrecords=250&format=json&DATE=202412
www.picayuneitem.com,November 2024,https://api.gdeltproject.org/api/v2/doc/doc?query=domain:www.picayuneitem.com&mode=artlist&maxrecords=250&format=json&DATE=202411
www.picayuneitem.com,October 2024,https://api.gdeltproject.org/api/v2/doc/doc?query=domain:www.picayuneitem.com&mode=artlist&maxrecords=250&format=json&DATE=202410
www.picayuneitem.com,September 2024,https://api.gdeltproject.org/api/v2/doc/doc?query=domain:www.picayuneitem.com&mode=artlist&maxrecords=250&format=json&DATE=202409
www.picayuneitem.com,August 2024,https://api.gdeltproject.org/api/v2/doc/doc?query=domain:www.picayuneitem.com&mode=artlist&maxrecords=250&format=json&DATE=202408
www.picayuneitem.com,July 2024,https://api.gdeltproject.org/api/v2/doc/doc?query=domain:www.picayuneitem.com&mode=artlist&maxrecords=250&format=json&DATE=202407
www.picayuneitem.com,June 2024,https://api.gdeltproject.org/api/v2/doc/doc?query=domain:www.picayuneitem.com&mode=artlist&maxrecords=250&format=json&DATE=202406
www.picayuneitem.com,May 2024,https://api.gdeltproject.org/api/v2/doc/doc?query=domain:www.picayuneitem.com&mode=artlist&maxrecords=250&format=json&DATE=202405
www.picayuneitem.com,April 2024,https://api.gdeltproject.org/api/v2/doc/doc?query=domain:www.picayuneitem.com&mode=artlist&maxrecords=250&format=json&DATE=202404
www.vicksburgpost.com,March 2025,https://api.gdeltproject.org/api/v2/doc/doc?query=domain:www.vicksburgpost.com&mode=artlist&maxrecords=250&format=json&DATE=202503
www.vicksburgpost.com,February 2025,https://api.gdeltproject.org/api/v2/doc/doc?query=domain:www.vicksburgpost.com&mode=artlist&maxrecords=250&format=json&DATE=202502
www.vicksburgpost.com,January 2025,https://api.gdeltproject.org/api/v2/doc/doc?query=domain:www.vicksburgpost.com&mode=artlist&maxrecords=250&format=json&DATE=202501
www.vicksburgpost.com,December 2024,https://api.gdeltproject.org/api/v2/doc/doc?query=domain:www.vicksburgpost.com&mode=artlist&maxrecords=250&format=json&DATE=202412
www.vicksburgpost.com,November 2024,https://api.gdeltproject.org/api/v2/doc/doc?query=domain:www.vicksburgpost.com&mode=artlist&maxrecords=250&format=json&DATE=202411
www.vicksburgpost.com,October 2024,https://api.gdeltproject.org/api/v2/doc/doc?query=domain:www.vicksburgpost.com&mode=artlist&maxrecords=250&format=json&DATE=202410
www.vicksburgpost.com,September 2024,https://api.gdeltproject.org/api/v2/doc/doc?query=domain:www.vicksburgpost.com&mode=artlist&maxrecords=250&format=json&DATE=202409
www.vicksburgpost.com,August 2024,https://api.gdeltproject.org/api/v2/doc/doc?query=domain:www.vicksburgpost.com&mode=artlist&maxrecords=250&format=json&DATE=202408
www.vicksburgpost.com,July 2024,https://api.gdeltproject.org/api/v2/doc/doc?query=domain:www.vicksburgpost.com&mode=artlist&maxrecords=250&format=json&DATE=202407
www.vicksburgpost.com,June 2024,https://api.gdeltproject.org/api/v2/doc/doc?query=domain:www.vicksburgpost.com&mode=artlist&maxrecords=250&format=json&DATE=202406
www.vicksburgpost.com,May 2024,https://api.gdeltproject.org/api/v2/doc/doc?query=domain:www.vicksburgpost.com&mode=artlist&maxrecords=250&format=json&DATE=202405
www.vicksburgpost.com,April 2024,https://api.gdeltproject.org/api/v2/doc/doc?query=domain:www.vicksburgpost.com&mode=artlist&maxrecords=250&format=json&DATE=202404
www.winstoncountyjournal.com,March 2025,https://api.gdeltproject.org/api/v2/doc/doc?query=domain:www.winstoncountyjournal.com&mode=artlist&maxrecords=250&format=json&DATE=202503
www.winstoncountyjournal.com,February 2025,https://api.gdeltproject.org/api/v2/doc/doc?query=domain:www.winstoncountyjournal.com&mode=artlist&maxrecords=250&format=json&DATE=202502
www.winstoncountyjournal.com,January 2025,https://api.gdeltproject.org/api/v2/doc/doc?query=domain:www.winstoncountyjournal.com&mode=artlist&maxrecords=250&format=json&DATE=202501
www.winstoncountyjournal.com,December 2024,https://api.gdeltproject.org/api/v2/doc/doc?query=domain:www.winstoncountyjournal.com&mode=artlist&maxrecords=250&format=json&DATE=202412
www.winstoncountyjournal.com,November 2024,https://api.gdeltproject.org/api/v2/doc/doc?query=domain:www.winstoncountyjournal.com&mode=artlist&maxrecords=250&format=json&DATE=202411
www.winstoncountyjournal.com,October 2024,https://api.gdeltproject.org/api/v2/doc/doc?query=domain:www.winstoncountyjournal.com&mode=artlist&maxrecords=250&format=json&DATE=202410
www.winstoncountyjournal.com,September 2024,https://api.gdeltproject.org/api/v2/doc/doc?query=domain:www.winstoncountyjournal.com&mode=artlist&maxrecords=250&format=json&DATE=202409
www.winstoncountyjournal.com,August 2024,https://api.gdeltproject.org/api/v2/doc/doc?query=domain:www.winstoncountyjournal.com&mode=artlist&maxrecords=250&format=json&DATE=202408
www.winstoncountyjournal.com,July 2024,https://api.gdeltproject.org/api/v2/doc/doc?query=domain:www.winstoncountyjournal.com&mode=artlist&maxrecords=250&format=json&DATE=202407
www.winstoncountyjournal.com,June 2024,https://api.gdeltproject.org/api/v2/doc/doc?query=domain:www.winstoncountyjournal.com&mode=artlist&maxrecords=250&format=json&DATE=202406
www.winstoncountyjournal.com,May 2024,https://api.gdeltproject.org/api/v2/doc/doc?query=domain:www.winstoncountyjournal.com&mode=artlist&maxrecords=250&format=json&DATE=202405
www.winstoncountyjournal.com,April 2024,https://api.gdeltproject.org/api/v2/doc/doc?query=domain:www.winstoncountyjournal.com&mode=artlist&maxrecords=250&format=json&DATE=202404
www.boonvilledailynews.com,March 2025,https://api.gdeltproject.org/api/v2/doc/doc?query=domain:www.boonvilledailynews.com&mode=artlist&maxrecords=250&format=json&DATE=202503
www.boonvilledailynews.com,February 2025,https://api.gdeltproject.org/api/v2/doc/doc?query=domain:www.boonvilledailynews.com&mode=artlist&maxrecords=250&format=json&DATE=202502
www.boonvilledailynews.com,January 2025,https://api.gdeltproject.org/api/v2/doc/doc?query=domain:www.boonvilledailynews.com&mode=artlist&maxrecords=250&format=json&DATE=202501
www.boonvilledailynews.com,December 2024,https://api.gdeltproject.org/api/v2/doc/doc?query=domain:www.boonvilledailynews.com&mode=artlist&maxrecords=250&format=json&DATE=202412
www.boonvilledailynews.com,November 2024,https://api.gdeltproject.org/api/v2/doc/doc?query=domain:www.boonvilledailynews.com&mode=artlist&maxrecords=250&format=json&DATE=202411
www.boonvilledailynews.com,October 2024,https://api.gdeltproject.org/api/v2/doc/doc?query=domain:www.boonvilledailynews.com&mode=artlist&maxrecords=250&format=json&DATE=202410
www.boonvilledailynews.com,September 2024,https://api.gdeltproject.org/api/v2/doc/doc?query=domain:www.boonvilledailynews.com&mode=artlist&maxrecords=250&format=json&DATE=202409
www.boonvilledailynews.com,August 2024,https://api.gdeltproject.org/api/v2/doc/doc?query=domain:www.boonvilledailynews.com&mode=artlist&maxrecords=250&format=json&DATE=202408
www.boonvilledailynews.com,July 2024,https://api.gdeltproject.org/api/v2/doc/doc?query=domain:www.boonvilledailynews.com&mode=artlist&maxrecords=250&format=json&DATE=202407
www.boonvilledailynews.com,June 2024,https://api.gdeltproject.org/api/v2/doc/doc?query=domain:www.boonvilledailynews.com&mode=artlist&maxrecords=250&format=json&DATE=202406
www.boonvilledailynews.com,May 2024,https://api.gdeltproject.org/api/v2/doc/doc?query=domain:www.boonvilledailynews.com&mode=artlist&maxrecords=250&format=json&DATE=202405
www.boonvilledailynews.com,April 2024,https://api.gdeltproject.org/api/v2/doc/doc?query=domain:www.boonvilledailynews.com&mode=artlist&maxrecords=250&format=json&DATE=202404
www.chillicothenews.com,March 2025,https://api.gdeltproject.org/api/v2/doc/doc?query=domain:www.chillicothenews.com&mode=artlist&maxrecords=250&format=json&DATE=202503
www.chillicothenews.com,February 2025,https://api.gdeltproject.org/api/v2/doc/doc?query=domain:www.chillicothenews.com&mode=artlist&maxrecords=250&format=json&DATE=202502
www.chillicothenews.com,January 2025,https://api.gdeltproject.org/api/v2/doc/doc?query=domain:www.chillicothenews.com&mode=artlist&maxrecords=250&format=json&DATE=202501
www.chillicothenews.com,December 2024,https://api.gdeltproject.org/api/v2/doc/doc?query=domain:www.chillicothenews.com&mode=artlist&maxrecords=250&format=json&DATE=202412
www.chillicothenews.com,November 2024,https://api.gdeltproject.org/api/v2/doc/doc?query=domain:www.chillicothenews.com&mode=artlist&maxrecords=250&format=json&DATE=202411
www.chillicothenews.com,October 2024,https://api.gdeltproject.org/api/v2/doc/doc?query=domain:www.chillicothenews.com&mode=artlist&maxrecords=250&format=json&DATE=202410
www.chillicothenews.com,September 2024,https://api.gdeltproject.org/api/v2/doc/doc?query=domain:www.chillicothenews.com&mode=artlist&maxrecords=250&format=json&DATE=202409
www.chillicothenews.com,August 2024,https://api.gdeltproject.org/api/v2/doc/doc?query=domain:www.chillicothenews.com&mode=artlist&maxrecords=250&format=json&DATE=202408
www.chillicothenews.com,July 2024,https://api.gdeltproject.org/api/v2/doc/doc?query=domain:www.chillicothenews.com&mode=artlist&maxrecords=250&format=json&DATE=202407
www.chillicothenews.com,June 2024,https://api.gdeltproject.org/api/v2/doc/doc?query=domain:www.chillicothenews.com&mode=artlist&maxrecords=250&format=json&DATE=202406
www.chillicothenews.com,May 2024,https://api.gdeltproject.org/api/v2/doc/doc?query=domain:www.chillicothenews.com&mode=artlist&maxrecords=250&format=json&DATE=202405
www.chillicothenews.com,April 2024,https://api.gdeltproject.org/api/v2/doc/doc?query=domain:www.chillicothenews.com&mode=artlist&maxrecords=250&format=json&DATE=202404
www.kirksvilledailyexpress.com,March 2025,https://api.gdeltproject.org/api/v2/doc/doc?query=domain:www.kirksvilledailyexpress.com&mode=artlist&maxrecords=250&format=json&DATE=202503
www.kirksvilledailyexpress.com,February 2025,https://api.gdeltproject.org/api/v2/doc/doc?query=domain:www.kirksvilledailyexpress.com&mode=artlist&maxrecords=250&format=json&DATE=202502
www.kirksvilledailyexpress.com,January 2025,https://api.gdeltproject.org/api/v2/doc/doc?query=domain:www.kirksvilledailyexpress.com&mode=artlist&maxrecords=250&format=json&DATE=202501
www.kirksvilledailyexpress.com,December 2024,https://api.gdeltproject.org/api/v2/doc/doc?query=domain:www.kirksvilledailyexpress.com&mode=artlist&maxrecords=250&format=json&DATE=202412
www.kirksvilledailyexpress.com,November 2024,https://api.gdeltproject.org/api/v2/doc/doc?query=domain:www.kirksvilledailyexpress.com&mode=artlist&maxrecords=250&format=json&DATE=202411
www.kirksvilledailyexpress.com,October 2024,https://api.gdeltproject.org/api/v2/doc/doc?query=domain:www.kirksvilledailyexpress.com&mode=artlist&maxrecords=250&format=json&DATE=202410
www.kirksvilledailyexpress.com,September 2024,https://api.gdeltproject.org/api/v2/doc/doc?query=domain:www.kirksvilledailyexpress.com&mode=artlist&maxrecords=250&format=json&DATE=202409
www.kirksvilledailyexpress.com,August 2024,https://api.gdeltproject.org/api/v2/doc/doc?query=domain:www.kirksvilledailyexpress.com&mode=artlist&maxrecords=250&format=json&DATE=202408
www.kirksvilledailyexpress.com,July 2024,https://api.gdeltproject.org/api/v2/doc/doc?query=domain:www.kirksvilledailyexpress.com&mode=artlist&maxrecords=250&format=json&DATE=202407
www.kirksvilledailyexpress.com,June 2024,https://api.gdeltproject.org/api/v2/doc/doc?query=domain:www.kirksvilledailyexpress.com&mode=artlist&maxrecords=250&format=json&DATE=202406
www.kirksvilledailyexpress.com,May 2024,https://api.gdeltproject.org/api/v2/doc/doc?query=domain:www.kirksvilledailyexpress.com&mode=artlist&maxrecords=250&format=json&DATE=202405
www.kirksvilledailyexpress.com,April 2024,https://api.gdeltproject.org/api/v2/doc/doc?query=domain:www.kirksvilledailyexpress.com&mode=artlist&maxrecords=250&format=json&DATE=202404
www.moberlymonitor.com,March 2025,https://api.gdeltproject.org/api/v2/doc/doc?query=domain:www.moberlymonitor.com&mode=artlist&maxrecords=250&format=json&DATE=202503
www.moberlymonitor.com,February 2025,https://api.gdeltproject.org/api/v2/doc/doc?query=domain:www.moberlymonitor.com&mode=artlist&maxrecords=250&format=json&DATE=202502
www.moberlymonitor.com,January 2025,https://api.gdeltproject.org/api/v2/doc/doc?query=domain:www.moberlymonitor.com&mode=artlist&maxrecords=250&format=json&DATE=202501
www.moberlymonitor.com,December 2024,https://api.gdeltproject.org/api/v2/doc/doc?query=domain:www.moberlymonitor.com&mode=artlist&maxrecords=250&format=json&DATE=202412
www.moberlymonitor.com,November 2024,https://api.gdeltproject.org/api/v2/doc/doc?query=domain:www.moberlymonitor.com&mode=artlist&maxrecords=250&format=json&DATE=202411
www.moberlymonitor.com,October 2024,https://api.gdeltproject.org/api/v2/doc/doc?query=domain:www.moberlymonitor.com&mode=artlist&maxrecords=250&format=json&DATE=202410
www.moberlymonitor.com,September 2024,https://api.gdeltproject.org/api/v2/doc/doc?query=domain:www.moberlymonitor.com&mode=artlist&maxrecords=250&format=json&DATE=202409
www.moberlymonitor.com,August 2024,https://api.gdeltproject.org/api/v2/doc/doc?query=domain:www.moberlymonitor.com&mode=artlist&maxrecords=250&format=json&DATE=202408
www.moberlymonitor.com,July 2024,https://api.gdeltproject.org/api/v2/doc/doc?query=domain:www.moberlymonitor.com&mode=artlist&maxrecords=250&format=json&DATE=202407
www.moberlymonitor.com,June 2024,https://api.gdeltproject.org/api/v2/doc/doc?query=domain:www.moberlymonitor.com&mode=artlist&maxrecords=250&format=json&DATE=202406
www.moberlymonitor.com,May 2024,https://api.gdeltproject.org/api/v2/doc/doc?query=domain:www.moberlymonitor.com&mode=artlist&maxrecords=250&format=json&DATE=202405
www.moberlymonitor.com,April 2024,https://api.gdeltproject.org/api/v2/doc/doc?query=domain:www.moberlymonitor.com&mode=artlist&maxrecords=250&format=json&DATE=202404
www.neoshodailynews.com,March 2025,https://api.gdeltproject.org/api/v2/doc/doc?query=domain:www.neoshodailynews.com&mode=artlist&maxrecords=250&format=json&DATE=202503
www.neoshodailynews.com,February 2025,https://api.gdeltproject.org/api/v2/doc/doc?query=domain:www.neoshodailynews.com&mode=artlist&maxrecords=250&format=json&DATE=202502
www.neoshodailynews.com,January 2025,https://api.gdeltproject.org/api/v2/doc/doc?query=domain:www.neoshodailynews.com&mode=artlist&maxrecords=250&format=json&DATE=202501
www.neoshodailynews.com,December 2024,https://api.gdeltproject.org/api/v2/doc/doc?query=domain:www.neoshodailynews.com&mode=artlist&maxrecords=250&format=json&DATE=202412
www.neoshodailynews.com,November 2024,https://api.gdeltproject.org/api/v2/doc/doc?query=domain:www.neoshodailynews.com&mode=artlist&maxrecords=250&format=json&DATE=202411
www.neoshodailynews.com,October 2024,https://api.gdeltproject.org/api/v2/doc/doc?query=domain:www.neoshodailynews.com&mode=artlist&maxrecords=250&format=json&DATE=202410
www.neoshodailynews.com,September 2024,https://api.gdeltproject.org/api/v2/doc/doc?query=domain:www.neoshodailynews.com&mode=artlist&maxrecords=250&format=json&DATE=202409
www.neoshodailynews.com,August 2024,https://api.gdeltproject.org/api/v2/doc/doc?query=domain:www.neoshodailynews.com&mode=artlist&maxrecords=250&format=json&DATE=202408
www.neoshodailynews.com,July 2024,https://api.gdeltproject.org/api/v2/doc/doc?query=domain:www.neoshodailynews.com&mode=artlist&maxrecords=250&format=json&DATE=202407
www.neoshodailynews.com,June 2024,https://api.gdeltproject.org/api/v2/doc/doc?query=domain:www.neoshodailynews.com&mode=artlist&maxrecords=250&format=json&DATE=202406
www.neoshodailynews.com,May 2024,https://api.gdeltproject.org/api/v2/doc/doc?query=domain:www.neoshodailynews.com&mode=artlist&maxrecords=250&format=json&DATE=202405
www.neoshodailynews.com,April 2024,https://api.gdeltproject.org/api/v2/doc/doc?query=domain:www.neoshodailynews.com&mode=artlist&maxrecords=250&format=json&DATE=202404
www.bethanyclipper.com,March 2025,https://api.gdeltproject.org/api/v2/doc/doc?query=domain:www.bethanyclipper.com&mode=artlist&maxrecords=250&format=json&DATE=202503
www.bethanyclipper.com,February 2025,https://api.gdeltproject.org/api/v2/doc/doc?query=domain:www.bethanyclipper.com&mode=artlist&maxrecords=250&format=json&DATE=202502
www.bethanyclipper.com,January 2025,https://api.gdeltproject.org/api/v2/doc/doc?query=domain:www.bethanyclipper.com&mode=artlist&maxrecords=250&format=json&DATE=202501
www.bethanyclipper.com,December 2024,https://api.gdeltproject.org/api/v2/doc/doc?query=domain:www.bethanyclipper.com&mode=artlist&maxrecords=250&format=json&DATE=202412
www.bethanyclipper.com,November 2024,https://api.gdeltproject.org/api/v2/doc/doc?query=domain:www.bethanyclipper.com&mode=artlist&maxrecords=250&format=json&DATE=202411
www.bethanyclipper.com,October 2024,https://api.gdeltproject.org/api/v2/doc/doc?query=domain:www.bethanyclipper.com&mode=artlist&maxrecords=250&format=json&DATE=202410
www.bethanyclipper.com,September 2024,https://api.gdeltproject.org/api/v2/doc/doc?query=domain:www.bethanyclipper.com&mode=artlist&maxrecords=250&format=json&DATE=202409
www.bethanyclipper.com,August 2024,https://api.gdeltproject.org/api/v2/doc/doc?query=domain:www.bethanyclipper.com&mode=artlist&maxrecords=250&format=json&DATE=202408
www.bethanyclipper.com,July 2024,https://api.gdeltproject.org/api/v2/doc/doc?query=domain:www.bethanyclipper.com&mode=artlist&maxrecords=250&format=json&DATE=202407
www.bethanyclipper.com,June 2024,https://api.gdeltproject.org/api/v2/doc/doc?query=domain:www.bethanyclipper.com&mode=artlist&maxrecords=250&format=json&DATE=202406
www.bethanyclipper.com,May 2024,https://api.gdeltproject.org/api/v2/doc/doc?query=domain:www.bethanyclipper.com&mode=artlist&maxrecords=250&format=json&DATE=202405
www.bethanyclipper.com,April 2024,https://api.gdeltproject.org/api/v2/doc/doc?query=domain:www.bethanyclipper.com&mode=artlist&maxrecords=250&format=json&DATE=202404
bitterrootstar.com,March 2025,https://api.gdeltproject.org/api/v2/doc/doc?query=domain:bitterrootstar.com&mode=artlist&maxrecords=250&format=json&DATE=202503
bitterrootstar.com,February 2025,https://api.gdeltproject.org/api/v2/doc/doc?query=domain:bitterrootstar.com&mode=artlist&maxrecords=250&format=json&DATE=202502
bitterrootstar.com,January 2025,https://api.gdeltproject.org/api/v2/doc/doc?query=domain:bitterrootstar.com&mode=artlist&maxrecords=250&format=json&DATE=202501
bitterrootstar.com,December 2024,https://api.gdeltproject.org/api/v2/doc/doc?query=domain:bitterrootstar.com&mode=artlist&maxrecords=250&format=json&DATE=202412
bitterrootstar.com,November 2024,https://api.gdeltproject.org/api/v2/doc/doc?query=domain:bitterrootstar.com&mode=artlist&maxrecords=250&format=json&DATE=202411
bitterrootstar.com,October 2024,https://api.gdeltproject.org/api/v2/doc/doc?query=domain:bitterrootstar.com&mode=artlist&maxrecords=250&format=json&DATE=202410
bitterrootstar.com,September 2024,https://api.gdeltproject.org/api/v2/doc/doc?query=domain:bitterrootstar.com&mode=artlist&maxrecords=250&format=json&DATE=202409
bitterrootstar.com,August 2024,https://api.gdeltproject.org/api/v2/doc/doc?query=domain:bitterrootstar.com&mode=artlist&maxrecords=250&format=json&DATE=202408
bitterrootstar.com,July 2024,https://api.gdeltproject.org/api/v2/doc/doc?query=domain:bitterrootstar.com&mode=artlist&maxrecords=250&format=json&DATE=202407
bitterrootstar.com,June 2024,https://api.gdeltproject.org/api/v2/doc/doc?query=domain:bitterrootstar.com&mode=artlist&maxrecords=250&format=json&DATE=202406
bitterrootstar.com,May 2024,https://api.gdeltproject.org/api/v2/doc/doc?query=domain:bitterrootstar.com&mode=artlist&maxrecords=250&format=json&DATE=202405
bitterrootstar.com,April 2024,https://api.gdeltproject.org/api/v2/doc/doc?query=domain:bitterrootstar.com&mode=artlist&maxrecords=250&format=json&DATE=202404
www.havredailynews.com,March 2025,https://api.gdeltproject.org/api/v2/doc/doc?query=domain:www.havredailynews.com&mode=artlist&maxrecords=250&format=json&DATE=202503
www.havredailynews.com,February 2025,https://api.gdeltproject.org/api/v2/doc/doc?query=domain:www.havredailynews.com&mode=artlist&maxrecords=250&format=json&DATE=202502
www.havredailynews.com,January 2025,https://api.gdeltproject.org/api/v2/doc/doc?query=domain:www.havredailynews.com&mode=artlist&maxrecords=250&format=json&DATE=202501
www.havredailynews.com,December 2024,https://api.gdeltproject.org/api/v2/doc/doc?query=domain:www.havredailynews.com&mode=artlist&maxrecords=250&format=json&DATE=202412
www.havredailynews.com,November 2024,https://api.gdeltproject.org/api/v2/doc/doc?query=domain:www.havredailynews.com&mode=artlist&maxrecords=250&format=json&DATE=202411
www.havredailynews.com,October 2024,https://api.gdeltproject.org/api/v2/doc/doc?query=domain:www.havredailynews.com&mode=artlist&maxrecords=250&format=json&DATE=202410
www.havredailynews.com,September 2024,https://api.gdeltproject.org/api/v2/doc/doc?query=domain:www.havredailynews.com&mode=artlist&maxrecords=250&format=json&DATE=202409
www.havredailynews.com,August 2024,https://api.gdeltproject.org/api/v2/doc/doc?query=domain:www.havredailynews.com&mode=artlist&maxrecords=250&format=json&DATE=202408
www.havredailynews.com,July 2024,https://api.gdeltproject.org/api/v2/doc/doc?query=domain:www.havredailynews.com&mode=artlist&maxrecords=250&format=json&DATE=202407
www.havredailynews.com,June 2024,https://api.gdeltproject.org/api/v2/doc/doc?query=domain:www.havredailynews.com&mode=artlist&maxrecords=250&format=json&DATE=202406
www.havredailynews.com,May 2024,https://api.gdeltproject.org/api/v2/doc/doc?query=domain:www.havredailynews.com&mode=artlist&maxrecords=250&format=json&DATE=202405
www.havredailynews.com,April 2024,https://api.gdeltproject.org/api/v2/doc/doc?query=domain:www.havredailynews.com&mode=artlist&maxrecords=250&format=json&DATE=202404
www.seeleylake.com,March 2025,https://api.gdeltproject.org/api/v2/doc/doc?query=domain:www.seeleylake.com&mode=artlist&maxrecords=250&format=json&DATE=202503
www.seeleylake.com,February 2025,https://api.gdeltproject.org/api/v2/doc/doc?query=domain:www.seeleylake.com&mode=artlist&maxrecords=250&format=json&DATE=202502
www.seeleylake.com,January 2025,https://api.gdeltproject.org/api/v2/doc/doc?query=domain:www.seeleylake.com&mode=artlist&maxrecords=250&format=json&DATE=202501
www.seeleylake.com,December 2024,https://api.gdeltproject.org/api/v2/doc/doc?query=domain:www.seeleylake.com&mode=artlist&maxrecords=250&format=json&DATE=202412
www.seeleylake.com,November 2024,https://api.gdeltproject.org/api/v2/doc/doc?query=domain:www.seeleylake.com&mode=artlist&maxrecords=250&format=json&DATE=202411
www.seeleylake.com,October 2024,https://api.gdeltproject.org/api/v2/doc/doc?query=domain:www.seeleylake.com&mode=artlist&maxrecords=250&format=json&DATE=202410
www.seeleylake.com,September 2024,https://api.gdeltproject.org/api/v2/doc/doc?query=domain:www.seeleylake.com&mode=artlist&maxrecords=250&format=json&DATE=202409
www.seeleylake.com,August 2024,https://api.gdeltproject.org/api/v2/doc/doc?query=domain:www.seeleylake.com&mode=artlist&maxrecords=250&format=json&DATE=202408
www.seeleylake.com,July 2024,https://api.gdeltproject.org/api/v2/doc/doc?query=domain:www.seeleylake.com&mode=artlist&maxrecords=250&format=json&DATE=202407
www.seeleylake.com,June 2024,https://api.gdeltproject.org/api/v2/doc/doc?query=domain:www.seeleylake.com&mode=artlist&maxrecords=250&format=json&DATE=202406
www.seeleylake.com,May 2024,https://api.gdeltproject.org/api/v2/doc/doc?query=domain:www.seeleylake.com&mode=artlist&maxrecords=250&format=json&DATE=202405
www.seeleylake.com,April 2024,https://api.gdeltproject.org/api/v2/doc/doc?query=domain:www.seeleylake.com&mode=artlist&maxrecords=250&format=json&DATE=202404
thereader.com,March 2025,https://api.gdeltproject.org/api/v2/doc/doc?query=domain:thereader.com&mode=artlist&maxrecords=250&format=json&DATE=202503
thereader.com,February 2025,https://api.gdeltproject.org/api/v2/doc/doc?query=domain:thereader.com&mode=artlist&maxrecords=250&format=json&DATE=202502
thereader.com,January 2025,https://api.gdeltproject.org/api/v2/doc/doc?query=domain:thereader.com&mode=artlist&maxrecords=250&format=json&DATE=202501
thereader.com,December 2024,https://api.gdeltproject.org/api/v2/doc/doc?query=domain:thereader.com&mode=artlist&maxrecords=250&format=json&DATE=202412
thereader.com,November 2024,https://api.gdeltproject.org/api/v2/doc/doc?query=domain:thereader.com&mode=artlist&maxrecords=250&format=json&DATE=202411
thereader.com,October 2024,https://api.gdeltproject.org/api/v2/doc/doc?query=domain:thereader.com&mode=artlist&maxrecords=250&format=json&DATE=202410
thereader.com,September 2024,https://api.gdeltproject.org/api/v2/doc/doc?query=domain:thereader.com&mode=artlist&maxrecords=250&format=json&DATE=202409
thereader.com,August 2024,https://api.gdeltproject.org/api/v2/doc/doc?query=domain:thereader.com&mode=artlist&maxrecords=250&format=json&DATE=202408
thereader.com,July 2024,https://api.gdeltproject.org/api/v2/doc/doc?query=domain:thereader.com&mode=artlist&maxrecords=250&format=json&DATE=202407
thereader.com,June 2024,https://api.gdeltproject.org/api/v2/doc/doc?query=domain:thereader.com&mode=artlist&maxrecords=250&format=json&DATE=202406
thereader.com,May 2024,https://api.gdeltproject.org/api/v2/doc/doc?query=domain:thereader.com&mode=artlist&maxrecords=250&format=json&DATE=202405
thereader.com,April 2024,https://api.gdeltproject.org/api/v2/doc/doc?query=domain:thereader.com&mode=artlist&maxrecords=250&format=json&DATE=202404
www.lvrj.com,March 2025,https://api.gdeltproject.org/api/v2/doc/doc?query=domain:www.lvrj.com&mode=artlist&maxrecords=250&format=json&DATE=202503
www.lvrj.com,February 2025,https://api.gdeltproject.org/api/v2/doc/doc?query=domain:www.lvrj.com&mode=artlist&maxrecords=250&format=json&DATE=202502
www.lvrj.com,January 2025,https://api.gdeltproject.org/api/v2/doc/doc?query=domain:www.lvrj.com&mode=artlist&maxrecords=250&format=json&DATE=202501
www.lvrj.com,December 2024,https://api.gdeltproject.org/api/v2/doc/doc?query=domain:www.lvrj.com&mode=artlist&maxrecords=250&format=json&DATE=202412
www.lvrj.com,November 2024,https://api.gdeltproject.org/api/v2/doc/doc?query=domain:www.lvrj.com&mode=artlist&maxrecords=250&format=json&DATE=202411
www.lvrj.com,October 2024,https://api.gdeltproject.org/api/v2/doc/doc?query=domain:www.lvrj.com&mode=artlist&maxrecords=250&format=json&DATE=202410
www.lvrj.com,September 2024,https://api.gdeltproject.org/api/v2/doc/doc?query=domain:www.lvrj.com&mode=artlist&maxrecords=250&format=json&DATE=202409
www.lvrj.com,August 2024,https://api.gdeltproject.org/api/v2/doc/doc?query=domain:www.lvrj.com&mode=artlist&maxrecords=250&format=json&DATE=202408
www.lvrj.com,July 2024,https://api.gdeltproject.org/api/v2/doc/doc?query=domain:www.lvrj.com&mode=artlist&maxrecords=250&format=json&DATE=202407
www.lvrj.com,June 2024,https://api.gdeltproject.org/api/v2/doc/doc?query=domain:www.lvrj.com&mode=artlist&maxrecords=250&format=json&DATE=202406
www.lvrj.com,May 2024,https://api.gdeltproject.org/api/v2/doc/doc?query=domain:www.lvrj.com&mode=artlist&maxrecords=250&format=json&DATE=202405
www.lvrj.com,April 2024,https://api.gdeltproject.org/api/v2/doc/doc?query=domain:www.lvrj.com&mode=artlist&maxrecords=250&format=json&DATE=202404
www.nevadaappeal.com,March 2025,https://api.gdeltproject.org/api/v2/doc/doc?query=domain:www.nevadaappeal.com&mode=artlist&maxrecords=250&format=json&DATE=202503
www.nevadaappeal.com,February 2025,https://api.gdeltproject.org/api/v2/doc/doc?query=domain:www.nevadaappeal.com&mode=artlist&maxrecords=250&format=json&DATE=202502
www.nevadaappeal.com,January 2025,https://api.gdeltproject.org/api/v2/doc/doc?query=domain:www.nevadaappeal.com&mode=artlist&maxrecords=250&format=json&DATE=202501
www.nevadaappeal.com,December 2024,https://api.gdeltproject.org/api/v2/doc/doc?query=domain:www.nevadaappeal.com&mode=artlist&maxrecords=250&format=json&DATE=202412
www.nevadaappeal.com,November 2024,https://api.gdeltproject.org/api/v2/doc/doc?query=domain:www.nevadaappeal.com&mode=artlist&maxrecords=250&format=json&DATE=202411
www.nevadaappeal.com,October 2024,https://api.gdeltproject.org/api/v2/doc/doc?query=domain:www.nevadaappeal.com&mode=artlist&maxrecords=250&format=json&DATE=202410
www.nevadaappeal.com,September 2024,https://api.gdeltproject.org/api/v2/doc/doc?query=domain:www.nevadaappeal.com&mode=artlist&maxrecords=250&format=json&DATE=202409
www.nevadaappeal.com,August 2024,https://api.gdeltproject.org/api/v2/doc/doc?query=domain:www.nevadaappeal.com&mode=artlist&maxrecords=250&format=json&DATE=202408
www.nevadaappeal.com,July 2024,https://api.gdeltproject.org/api/v2/doc/doc?query=domain:www.nevadaappeal.com&mode=artlist&maxrecords=250&format=json&DATE=202407
www.nevadaappeal.com,June 2024,https://api.gdeltproject.org/api/v2/doc/doc?query=domain:www.nevadaappeal.com&mode=artlist&maxrecords=250&format=json&DATE=202406
www.nevadaappeal.com,May 2024,https://api.gdeltproject.org/api/v2/doc/doc?query=domain:www.nevadaappeal.com&mode=artlist&maxrecords=250&format=json&DATE=202405
www.nevadaappeal.com,April 2024,https://api.gdeltproject.org/api/v2/doc/doc?query=domain:www.nevadaappeal.com&mode=artlist&maxrecords=250&format=json&DATE=202404
www.nevadabusiness.com,March 2025,https://api.gdeltproject.org/api/v2/doc/doc?query=domain:www.nevadabusiness.com&mode=artlist&maxrecords=250&format=json&DATE=202503
www.nevadabusiness.com,February 2025,https://api.gdeltproject.org/api/v2/doc/doc?query=domain:www.nevadabusiness.com&mode=artlist&maxrecords=250&format=json&DATE=202502
www.nevadabusiness.com,January 2025,https://api.gdeltproject.org/api/v2/doc/doc?query=domain:www.nevadabusiness.com&mode=artlist&maxrecords=250&format=json&DATE=202501
www.nevadabusiness.com,December 2024,https://api.gdeltproject.org/api/v2/doc/doc?query=domain:www.nevadabusiness.com&mode=artlist&maxrecords=250&format=json&DATE=202412
www.nevadabusiness.com,November 2024,https://api.gdeltproject.org/api/v2/doc/doc?query=domain:www.nevadabusiness.com&mode=artlist&maxrecords=250&format=json&DATE=202411
www.nevadabusiness.com,October 2024,https://api.gdeltproject.org/api/v2/doc/doc?query=domain:www.nevadabusiness.com&mode=artlist&maxrecords=250&format=json&DATE=202410
www.nevadabusiness.com,September 2024,https://api.gdeltproject.org/api/v2/doc/doc?query=domain:www.nevadabusiness.com&mode=artlist&maxrecords=250&format=json&DATE=202409
www.nevadabusiness.com,August 2024,https://api.gdeltproject.org/api/v2/doc/doc?query=domain:www.nevadabusiness.com&mode=artlist&maxrecords=250&format=json&DATE=202408
www.nevadabusiness.com,July 2024,https://api.gdeltproject.org/api/v2/doc/doc?query=domain:www.nevadabusiness.com&mode=artlist&maxrecords=250&format=json&DATE=202407
www.nevadabusiness.com,June 2024,https://api.gdeltproject.org/api/v2/doc/doc?query=domain:www.nevadabusiness.com&mode=artlist&maxrecords=250&format=json&DATE=202406
www.nevadabusiness.com,May 2024,https://api.gdeltproject.org/api/v2/doc/doc?query=domain:www.nevadabusiness.com&mode=artlist&maxrecords=250&format=json&DATE=202405
www.nevadabusiness.com,April 2024,https://api.gdeltproject.org/api/v2/doc/doc?query=domain:www.nevadabusiness.com&mode=artlist&maxrecords=250&format=json&DATE=202404
www.nhgazette.com,March 2025,https://api.gdeltproject.org/api/v2/doc/doc?query=domain:www.nhgazette.com&mode=artlist&maxrecords=250&format=json&DATE=202503
www.nhgazette.com,February 2025,https://api.gdeltproject.org/api/v2/doc/doc?query=domain:www.nhgazette.com&mode=artlist&maxrecords=250&format=json&DATE=202502
www.nhgazette.com,January 2025,https://api.gdeltproject.org/api/v2/doc/doc?query=domain:www.nhgazette.com&mode=artlist&maxrecords=250&format=json&DATE=202501
www.nhgazette.com,December 2024,https://api.gdeltproject.org/api/v2/doc/doc?query=domain:www.nhgazette.com&mode=artlist&maxrecords=250&format=json&DATE=202412
www.nhgazette.com,November 2024,https://api.gdeltproject.org/api/v2/doc/doc?query=domain:www.nhgazette.com&mode=artlist&maxrecords=250&format=json&DATE=202411
www.nhgazette.com,October 2024,https://api.gdeltproject.org/api/v2/doc/doc?query=domain:www.nhgazette.com&mode=artlist&maxrecords=250&format=json&DATE=202410
www.nhgazette.com,September 2024,https://api.gdeltproject.org/api/v2/doc/doc?query=domain:www.nhgazette.com&mode=artlist&maxrecords=250&format=json&DATE=202409
www.nhgazette.com,August 2024,https://api.gdeltproject.org/api/v2/doc/doc?query=domain:www.nhgazette.com&mode=artlist&maxrecords=250&format=json&DATE=202408
www.nhgazette.com,July 2024,https://api.gdeltproject.org/api/v2/doc/doc?query=domain:www.nhgazette.com&mode=artlist&maxrecords=250&format=json&DATE=202407
www.nhgazette.com,June 2024,https://api.gdeltproject.org/api/v2/doc/doc?query=domain:www.nhgazette.com&mode=artlist&maxrecords=250&format=json&DATE=202406
www.nhgazette.com,May 2024,https://api.gdeltproject.org/api/v2/doc/doc?query=domain:www.nhgazette.com&mode=artlist&maxrecords=250&format=json&DATE=202405
www.nhgazette.com,April 2024,https://api.gdeltproject.org/api/v2/doc/doc?query=domain:www.nhgazette.com&mode=artlist&maxrecords=250&format=json&DATE=202404
njbiz.com,March 2025,https://api.gdeltproject.org/api/v2/doc/doc?query=domain:njbiz.com&mode=artlist&maxrecords=250&format=json&DATE=202503
njbiz.com,February 2025,https://api.gdeltproject.org/api/v2/doc/doc?query=domain:njbiz.com&mode=artlist&maxrecords=250&format=json&DATE=202502
njbiz.com,January 2025,https://api.gdeltproject.org/api/v2/doc/doc?query=domain:njbiz.com&mode=artlist&maxrecords=250&format=json&DATE=202501
njbiz.com,December 2024,https://api.gdeltproject.org/api/v2/doc/doc?query=domain:njbiz.com&mode=artlist&maxrecords=250&format=json&DATE=202412
njbiz.com,November 2024,https://api.gdeltproject.org/api/v2/doc/doc?query=domain:njbiz.com&mode=artlist&maxrecords=250&format=json&DATE=202411
njbiz.com,October 2024,https://api.gdeltproject.org/api/v2/doc/doc?query=domain:njbiz.com&mode=artlist&maxrecords=250&format=json&DATE=202410
njbiz.com,September 2024,https://api.gdeltproject.org/api/v2/doc/doc?query=domain:njbiz.com&mode=artlist&maxrecords=250&format=json&DATE=202409
njbiz.com,August 2024,https://api.gdeltproject.org/api/v2/doc/doc?query=domain:njbiz.com&mode=artlist&maxrecords=250&format=json&DATE=202408
njbiz.com,July 2024,https://api.gdeltproject.org/api/v2/doc/doc?query=domain:njbiz.com&mode=artlist&maxrecords=250&format=json&DATE=202407
njbiz.com,June 2024,https://api.gdeltproject.org/api/v2/doc/doc?query=domain:njbiz.com&mode=artlist&maxrecords=250&format=json&DATE=202406
njbiz.com,May 2024,https://api.gdeltproject.org/api/v2/doc/doc?query=domain:njbiz.com&mode=artlist&maxrecords=250&format=json&DATE=202405
njbiz.com,April 2024,https://api.gdeltproject.org/api/v2/doc/doc?query=domain:njbiz.com&mode=artlist&maxrecords=250&format=json&DATE=202404
www.abqjournal.com,March 2025,https://api.gdeltproject.org/api/v2/doc/doc?query=domain:www.abqjournal.com&mode=artlist&maxrecords=250&format=json&DATE=202503
www.abqjournal.com,February 2025,https://api.gdeltproject.org/api/v2/doc/doc?query=domain:www.abqjournal.com&mode=artlist&maxrecords=250&format=json&DATE=202502
www.abqjournal.com,January 2025,https://api.gdeltproject.org/api/v2/doc/doc?query=domain:www.abqjournal.com&mode=artlist&maxrecords=250&format=json&DATE=202501
www.abqjournal.com,December 2024,https://api.gdeltproject.org/api/v2/doc/doc?query=domain:www.abqjournal.com&mode=artlist&maxrecords=250&format=json&DATE=202412
www.abqjournal.com,November 2024,https://api.gdeltproject.org/api/v2/doc/doc?query=domain:www.abqjournal.com&mode=artlist&maxrecords=250&format=json&DATE=202411
www.abqjournal.com,October 2024,https://api.gdeltproject.org/api/v2/doc/doc?query=domain:www.abqjournal.com&mode=artlist&maxrecords=250&format=json&DATE=202410
www.abqjournal.com,September 2024,https://api.gdeltproject.org/api/v2/doc/doc?query=domain:www.abqjournal.com&mode=artlist&maxrecords=250&format=json&DATE=202409
www.abqjournal.com,August 2024,https://api.gdeltproject.org/api/v2/doc/doc?query=domain:www.abqjournal.com&mode=artlist&maxrecords=250&format=json&DATE=202408
www.abqjournal.com,July 2024,https://api.gdeltproject.org/api/v2/doc/doc?query=domain:www.abqjournal.com&mode=artlist&maxrecords=250&format=json&DATE=202407
www.abqjournal.com,June 2024,https://api.gdeltproject.org/api/v2/doc/doc?query=domain:www.abqjournal.com&mode=artlist&maxrecords=250&format=json&DATE=202406
www.abqjournal.com,May 2024,https://api.gdeltproject.org/api/v2/doc/doc?query=domain:www.abqjournal.com&mode=artlist&maxrecords=250&format=json&DATE=202405
www.abqjournal.com,April 2024,https://api.gdeltproject.org/api/v2/doc/doc?query=domain:www.abqjournal.com&mode=artlist&maxrecords=250&format=json&DATE=202404
www.hobbsnews.com,March 2025,https://api.gdeltproject.org/api/v2/doc/doc?query=domain:www.hobbsnews.com&mode=artlist&maxrecords=250&format=json&DATE=202503
www.hobbsnews.com,February 2025,https://api.gdeltproject.org/api/v2/doc/doc?query=domain:www.hobbsnews.com&mode=artlist&maxrecords=250&format=json&DATE=202502
www.hobbsnews.com,January 2025,https://api.gdeltproject.org/api/v2/doc/doc?query=domain:www.hobbsnews.com&mode=artlist&maxrecords=250&format=json&DATE=202501
www.hobbsnews.com,December 2024,https://api.gdeltproject.org/api/v2/doc/doc?query=domain:www.hobbsnews.com&mode=artlist&maxrecords=250&format=json&DATE=202412
www.hobbsnews.com,November 2024,https://api.gdeltproject.org/api/v2/doc/doc?query=domain:www.hobbsnews.com&mode=artlist&maxrecords=250&format=json&DATE=202411
www.hobbsnews.com,October 2024,https://api.gdeltproject.org/api/v2/doc/doc?query=domain:www.hobbsnews.com&mode=artlist&maxrecords=250&format=json&DATE=202410
www.hobbsnews.com,September 2024,https://api.gdeltproject.org/api/v2/doc/doc?query=domain:www.hobbsnews.com&mode=artlist&maxrecords=250&format=json&DATE=202409
www.hobbsnews.com,August 2024,https://api.gdeltproject.org/api/v2/doc/doc?query=domain:www.hobbsnews.com&mode=artlist&maxrecords=250&format=json&DATE=202408
www.hobbsnews.com,July 2024,https://api.gdeltproject.org/api/v2/doc/doc?query=domain:www.hobbsnews.com&mode=artlist&maxrecords=250&format=json&DATE=202407
www.hobbsnews.com,June 2024,https://api.gdeltproject.org/api/v2/doc/doc?query=domain:www.hobbsnews.com&mode=artlist&maxrecords=250&format=json&DATE=202406
www.hobbsnews.com,May 2024,https://api.gdeltproject.org/api/v2/doc/doc?query=domain:www.hobbsnews.com&mode=artlist&maxrecords=250&format=json&DATE=202405
www.hobbsnews.com,April 2024,https://api.gdeltproject.org/api/v2/doc/doc?query=domain:www.hobbsnews.com&mode=artlist&maxrecords=250&format=json&DATE=202404
dailygazette.com,March 2025,https://api.gdeltproject.org/api/v2/doc/doc?query=domain:dailygazette.com&mode=artlist&maxrecords=250&format=json&DATE=202503
dailygazette.com,February 2025,https://api.gdeltproject.org/api/v2/doc/doc?query=domain:dailygazette.com&mode=artlist&maxrecords=250&format=json&DATE=202502
dailygazette.com,January 2025,https://api.gdeltproject.org/api/v2/doc/doc?query=domain:dailygazette.com&mode=artlist&maxrecords=250&format=json&DATE=202501
dailygazette.com,December 2024,https://api.gdeltproject.org/api/v2/doc/doc?query=domain:dailygazette.com&mode=artlist&maxrecords=250&format=json&DATE=202412
dailygazette.com,November 2024,https://api.gdeltproject.org/api/v2/doc/doc?query=domain:dailygazette.com&mode=artlist&maxrecords=250&format=json&DATE=202411
dailygazette.com,October 2024,https://api.gdeltproject.org/api/v2/doc/doc?query=domain:dailygazette.com&mode=artlist&maxrecords=250&format=json&DATE=202410
dailygazette.com,September 2024,https://api.gdeltproject.org/api/v2/doc/doc?query=domain:dailygazette.com&mode=artlist&maxrecords=250&format=json&DATE=202409
dailygazette.com,August 2024,https://api.gdeltproject.org/api/v2/doc/doc?query=domain:dailygazette.com&mode=artlist&maxrecords=250&format=json&DATE=202408
dailygazette.com,July 2024,https://api.gdeltproject.org/api/v2/doc/doc?query=domain:dailygazette.com&mode=artlist&maxrecords=250&format=json&DATE=202407
dailygazette.com,June 2024,https://api.gdeltproject.org/api/v2/doc/doc?query=domain:dailygazette.com&mode=artlist&maxrecords=250&format=json&DATE=202406
dailygazette.com,May 2024,https://api.gdeltproject.org/api/v2/doc/doc?query=domain:dailygazette.com&mode=artlist&maxrecords=250&format=json&DATE=202405
dailygazette.com,April 2024,https://api.gdeltproject.org/api/v2/doc/doc?query=domain:dailygazette.com&mode=artlist&maxrecords=250&format=json&DATE=202404
www.easthamptonstar.com,March 2025,https://api.gdeltproject.org/api/v2/doc/doc?query=domain:www.easthamptonstar.com&mode=artlist&maxrecords=250&format=json&DATE=202503
www.easthamptonstar.com,February 2025,https://api.gdeltproject.org/api/v2/doc/doc?query=domain:www.easthamptonstar.com&mode=artlist&maxrecords=250&format=json&DATE=202502
www.easthamptonstar.com,January 2025,https://api.gdeltproject.org/api/v2/doc/doc?query=domain:www.easthamptonstar.com&mode=artlist&maxrecords=250&format=json&DATE=202501
www.easthamptonstar.com,December 2024,https://api.gdeltproject.org/api/v2/doc/doc?query=domain:www.easthamptonstar.com&mode=artlist&maxrecords=250&format=json&DATE=202412
www.easthamptonstar.com,November 2024,https://api.gdeltproject.org/api/v2/doc/doc?query=domain:www.easthamptonstar.com&mode=artlist&maxrecords=250&format=json&DATE=202411
www.easthamptonstar.com,October 2024,https://api.gdeltproject.org/api/v2/doc/doc?query=domain:www.easthamptonstar.com&mode=artlist&maxrecords=250&format=json&DATE=202410
www.easthamptonstar.com,September 2024,https://api.gdeltproject.org/api/v2/doc/doc?query=domain:www.easthamptonstar.com&mode=artlist&maxrecords=250&format=json&DATE=202409
www.easthamptonstar.com,August 2024,https://api.gdeltproject.org/api/v2/doc/doc?query=domain:www.easthamptonstar.com&mode=artlist&maxrecords=250&format=json&DATE=202408
www.easthamptonstar.com,July 2024,https://api.gdeltproject.org/api/v2/doc/doc?query=domain:www.easthamptonstar.com&mode=artlist&maxrecords=250&format=json&DATE=202407
www.easthamptonstar.com,June 2024,https://api.gdeltproject.org/api/v2/doc/doc?query=domain:www.easthamptonstar.com&mode=artlist&maxrecords=250&format=json&DATE=202406
www.easthamptonstar.com,May 2024,https://api.gdeltproject.org/api/v2/doc/doc?query=domain:www.easthamptonstar.com&mode=artlist&maxrecords=250&format=json&DATE=202405
www.easthamptonstar.com,April 2024,https://api.gdeltproject.org/api/v2/doc/doc?query=domain:www.easthamptonstar.com&mode=artlist&maxrecords=250&format=json&DATE=202404
www.eveningtribune.com,March 2025,https://api.gdeltproject.org/api/v2/doc/doc?query=domain:www.eveningtribune.com&mode=artlist&maxrecords=250&format=json&DATE=202503
www.eveningtribune.com,February 2025,https://api.gdeltproject.org/api/v2/doc/doc?query=domain:www.eveningtribune.com&mode=artlist&maxrecords=250&format=json&DATE=202502
www.eveningtribune.com,January 2025,https://api.gdeltproject.org/api/v2/doc/doc?query=domain:www.eveningtribune.com&mode=artlist&maxrecords=250&format=json&DATE=202501
www.eveningtribune.com,December 2024,https://api.gdeltproject.org/api/v2/doc/doc?query=domain:www.eveningtribune.com&mode=artlist&maxrecords=250&format=json&DATE=202412
www.eveningtribune.com,November 2024,https://api.gdeltproject.org/api/v2/doc/doc?query=domain:www.eveningtribune.com&mode=artlist&maxrecords=250&format=json&DATE=202411
www.eveningtribune.com,October 2024,https://api.gdeltproject.org/api/v2/doc/doc?query=domain:www.eveningtribune.com&mode=artlist&maxrecords=250&format=json&DATE=202410
www.eveningtribune.com,September 2024,https://api.gdeltproject.org/api/v2/doc/doc?query=domain:www.eveningtribune.com&mode=artlist&maxrecords=250&format=json&DATE=202409
www.eveningtribune.com,August 2024,https://api.gdeltproject.org/api/v2/doc/doc?query=domain:www.eveningtribune.com&mode=artlist&maxrecords=250&format=json&DATE=202408
www.eveningtribune.com,July 2024,https://api.gdeltproject.org/api/v2/doc/doc?query=domain:www.eveningtribune.com&mode=artlist&maxrecords=250&format=json&DATE=202407
www.eveningtribune.com,June 2024,https://api.gdeltproject.org/api/v2/doc/doc?query=domain:www.eveningtribune.com&mode=artlist&maxrecords=250&format=json&DATE=202406
www.eveningtribune.com,May 2024,https://api.gdeltproject.org/api/v2/doc/doc?query=domain:www.eveningtribune.com&mode=artlist&maxrecords=250&format=json&DATE=202405
www.eveningtribune.com,April 2024,https://api.gdeltproject.org/api/v2/doc/doc?query=domain:www.eveningtribune.com&mode=artlist&maxrecords=250&format=json&DATE=202404
www.gcnews.com,March 2025,https://api.gdeltproject.org/api/v2/doc/doc?query=domain:www.gcnews.com&mode=artlist&maxrecords=250&format=json&DATE=202503
www.gcnews.com,February 2025,https://api.gdeltproject.org/api/v2/doc/doc?query=domain:www.gcnews.com&mode=artlist&maxrecords=250&format=json&DATE=202502
www.gcnews.com,January 2025,https://api.gdeltproject.org/api/v2/doc/doc?query=domain:www.gcnews.com&mode=artlist&maxrecords=250&format=json&DATE=202501
www.gcnews.com,December 2024,https://api.gdeltproject.org/api/v2/doc/doc?query=domain:www.gcnews.com&mode=artlist&maxrecords=250&format=json&DATE=202412
www.gcnews.com,November 2024,https://api.gdeltproject.org/api/v2/doc/doc?query=domain:www.gcnews.com&mode=artlist&maxrecords=250&format=json&DATE=202411
www.gcnews.com,October 2024,https://api.gdeltproject.org/api/v2/doc/doc?query=domain:www.gcnews.com&mode=artlist&maxrecords=250&format=json&DATE=202410
www.gcnews.com,September 2024,https://api.gdeltproject.org/api/v2/doc/doc?query=domain:www.gcnews.com&mode=artlist&maxrecords=250&format=json&DATE=202409
www.gcnews.com,August 2024,https://api.gdeltproject.org/api/v2/doc/doc?query=domain:www.gcnews.com&mode=artlist&maxrecords=250&format=json&DATE=202408
www.gcnews.com,July 2024,https://api.gdeltproject.org/api/v2/doc/doc?query=domain:www.gcnews.com&mode=artlist&maxrecords=250&format=json&DATE=202407
www.gcnews.com,June 2024,https://api.gdeltproject.org/api/v2/doc/doc?query=domain:www.gcnews.com&mode=artlist&maxrecords=250&format=json&DATE=202406
www.gcnews.com,May 2024,https://api.gdeltproject.org/api/v2/doc/doc?query=domain:www.gcnews.com&mode=artlist&maxrecords=250&format=json&DATE=202405
www.gcnews.com,April 2024,https://api.gdeltproject.org/api/v2/doc/doc?query=domain:www.gcnews.com&mode=artlist&maxrecords=250&format=json&DATE=202404
www.the-leader.com,March 2025,https://api.gdeltproject.org/api/v2/doc/doc?query=domain:www.the-leader.com&mode=artlist&maxrecords=250&format=json&DATE=202503
www.the-leader.com,February 2025,https://api.gdeltproject.org/api/v2/doc/doc?query=domain:www.the-leader.com&mode=artlist&maxrecords=250&format=json&DATE=202502
www.the-leader.com,January 2025,https://api.gdeltproject.org/api/v2/doc/doc?query=domain:www.the-leader.com&mode=artlist&maxrecords=250&format=json&DATE=202501
www.the-leader.com,December 2024,https://api.gdeltproject.org/api/v2/doc/doc?query=domain:www.the-leader.com&mode=artlist&maxrecords=250&format=json&DATE=202412
www.the-leader.com,November 2024,https://api.gdeltproject.org/api/v2/doc/doc?query=domain:www.the-leader.com&mode=artlist&maxrecords=250&format=json&DATE=202411
www.the-leader.com,October 2024,https://api.gdeltproject.org/api/v2/doc/doc?query=domain:www.the-leader.com&mode=artlist&maxrecords=250&format=json&DATE=202410
www.the-leader.com,September 2024,https://api.gdeltproject.org/api/v2/doc/doc?query=domain:www.the-leader.com&mode=artlist&maxrecords=250&format=json&DATE=202409
www.the-leader.com,August 2024,https://api.gdeltproject.org/api/v2/doc/doc?query=domain:www.the-leader.com&mode=artlist&maxrecords=250&format=json&DATE=202408
www.the-leader.com,July 2024,https://api.gdeltproject.org/api/v2/doc/doc?query=domain:www.the-leader.com&mode=artlist&maxrecords=250&format=json&DATE=202407
www.the-leader.com,June 2024,https://api.gdeltproject.org/api/v2/doc/doc?query=domain:www.the-leader.com&mode=artlist&maxrecords=250&format=json&DATE=202406
www.the-leader.com,May 2024,https://api.gdeltproject.org/api/v2/doc/doc?query=domain:www.the-leader.com&mode=artlist&maxrecords=250&format=json&DATE=202405
www.the-leader.com,April 2024,https://api.gdeltproject.org/api/v2/doc/doc?query=domain:www.the-leader.com&mode=artlist&maxrecords=250&format=json&DATE=202404
libn.com,March 2025,https://api.gdeltproject.org/api/v2/doc/doc?query=domain:libn.com&mode=artlist&maxrecords=250&format=json&DATE=202503
libn.com,February 2025,https://api.gdeltproject.org/api/v2/doc/doc?query=domain:libn.com&mode=artlist&maxrecords=250&format=json&DATE=202502
libn.com,January 2025,https://api.gdeltproject.org/api/v2/doc/doc?query=domain:libn.com&mode=artlist&maxrecords=250&format=json&DATE=202501
libn.com,December 2024,https://api.gdeltproject.org/api/v2/doc/doc?query=domain:libn.com&mode=artlist&maxrecords=250&format=json&DATE=202412
libn.com,November 2024,https://api.gdeltproject.org/api/v2/doc/doc?query=domain:libn.com&mode=artlist&maxrecords=250&format=json&DATE=202411
libn.com,October 2024,https://api.gdeltproject.org/api/v2/doc/doc?query=domain:libn.com&mode=artlist&maxrecords=250&format=json&DATE=202410
libn.com,September 2024,https://api.gdeltproject.org/api/v2/doc/doc?query=domain:libn.com&mode=artlist&maxrecords=250&format=json&DATE=202409
libn.com,August 2024,https://api.gdeltproject.org/api/v2/doc/doc?query=domain:libn.com&mode=artlist&maxrecords=250&format=json&DATE=202408
libn.com,July 2024,https://api.gdeltproject.org/api/v2/doc/doc?query=domain:libn.com&mode=artlist&maxrecords=250&format=json&DATE=202407
libn.com,June 2024,https://api.gdeltproject.org/api/v2/doc/doc?query=domain:libn.com&mode=artlist&maxrecords=250&format=json&DATE=202406
libn.com,May 2024,https://api.gdeltproject.org/api/v2/doc/doc?query=domain:libn.com&mode=artlist&maxrecords=250&format=json&DATE=202405
libn.com,April 2024,https://api.gdeltproject.org/api/v2/doc/doc?query=domain:libn.com&mode=artlist&maxrecords=250&format=json&DATE=202404
www.observer.com,March 2025,https://api.gdeltproject.org/api/v2/doc/doc?query=domain:www.observer.com&mode=artlist&maxrecords=250&format=json&DATE=202503
www.observer.com,February 2025,https://api.gdeltproject.org/api/v2/doc/doc?query=domain:www.observer.com&mode=artlist&maxrecords=250&format=json&DATE=202502
www.observer.com,January 2025,https://api.gdeltproject.org/api/v2/doc/doc?query=domain:www.observer.com&mode=artlist&maxrecords=250&format=json&DATE=202501
www.observer.com,December 2024,https://api.gdeltproject.org/api/v2/doc/doc?query=domain:www.observer.com&mode=artlist&maxrecords=250&format=json&DATE=202412
www.observer.com,November 2024,https://api.gdeltproject.org/api/v2/doc/doc?query=domain:www.observer.com&mode=artlist&maxrecords=250&format=json&DATE=202411
www.observer.com,October 2024,https://api.gdeltproject.org/api/v2/doc/doc?query=domain:www.observer.com&mode=artlist&maxrecords=250&format=json&DATE=202410
www.observer.com,September 2024,https://api.gdeltproject.org/api/v2/doc/doc?query=domain:www.observer.com&mode=artlist&maxrecords=250&format=json&DATE=202409
www.observer.com,August 2024,https://api.gdeltproject.org/api/v2/doc/doc?query=domain:www.observer.com&mode=artlist&maxrecords=250&format=json&DATE=202408
www.observer.com,July 2024,https://api.gdeltproject.org/api/v2/doc/doc?query=domain:www.observer.com&mode=artlist&maxrecords=250&format=json&DATE=202407
www.observer.com,June 2024,https://api.gdeltproject.org/api/v2/doc/doc?query=domain:www.observer.com&mode=artlist&maxrecords=250&format=json&DATE=202406
www.observer.com,May 2024,https://api.gdeltproject.org/api/v2/doc/doc?query=domain:www.observer.com&mode=artlist&maxrecords=250&format=json&DATE=202405
www.observer.com,April 2024,https://api.gdeltproject.org/api/v2/doc/doc?query=domain:www.observer.com&mode=artlist&maxrecords=250&format=json&DATE=202404
www.pcnr.com,March 2025,https://api.gdeltproject.org/api/v2/doc/doc?query=domain:www.pcnr.com&mode=artlist&maxrecords=250&format=json&DATE=202503
www.pcnr.com,February 2025,https://api.gdeltproject.org/api/v2/doc/doc?query=domain:www.pcnr.com&mode=artlist&maxrecords=250&format=json&DATE=202502
www.pcnr.com,January 2025,https://api.gdeltproject.org/api/v2/doc/doc?query=domain:www.pcnr.com&mode=artlist&maxrecords=250&format=json&DATE=202501
www.pcnr.com,December 2024,https://api.gdeltproject.org/api/v2/doc/doc?query=domain:www.pcnr.com&mode=artlist&maxrecords=250&format=json&DATE=202412
www.pcnr.com,November 2024,https://api.gdeltproject.org/api/v2/doc/doc?query=domain:www.pcnr.com&mode=artlist&maxrecords=250&format=json&DATE=202411
www.pcnr.com,October 2024,https://api.gdeltproject.org/api/v2/doc/doc?query=domain:www.pcnr.com&mode=artlist&maxrecords=250&format=json&DATE=202410
www.pcnr.com,September 2024,https://api.gdeltproject.org/api/v2/doc/doc?query=domain:www.pcnr.com&mode=artlist&maxrecords=250&format=json&DATE=202409
www.pcnr.com,August 2024,https://api.gdeltproject.org/api/v2/doc/doc?query=domain:www.pcnr.com&mode=artlist&maxrecords=250&format=json&DATE=202408
www.pcnr.com,July 2024,https://api.gdeltproject.org/api/v2/doc/doc?query=domain:www.pcnr.com&mode=artlist&maxrecords=250&format=json&DATE=202407
www.pcnr.com,June 2024,https://api.gdeltproject.org/api/v2/doc/doc?query=domain:www.pcnr.com&mode=artlist&maxrecords=250&format=json&DATE=202406
www.pcnr.com,May 2024,https://api.gdeltproject.org/api/v2/doc/doc?query=domain:www.pcnr.com&mode=artlist&maxrecords=250&format=json&DATE=202405
www.pcnr.com,April 2024,https://api.gdeltproject.org/api/v2/doc/doc?query=domain:www.pcnr.com&mode=artlist&maxrecords=250&format=json&DATE=202404
www.qgazette.com,March 2025,https://api.gdeltproject.org/api/v2/doc/doc?query=domain:www.qgazette.com&mode=artlist&maxrecords=250&format=json&DATE=202503
www.qgazette.com,February 2025,https://api.gdeltproject.org/api/v2/doc/doc?query=domain:www.qgazette.com&mode=artlist&maxrecords=250&format=json&DATE=202502
www.qgazette.com,January 2025,https://api.gdeltproject.org/api/v2/doc/doc?query=domain:www.qgazette.com&mode=artlist&maxrecords=250&format=json&DATE=202501
www.qgazette.com,December 2024,https://api.gdeltproject.org/api/v2/doc/doc?query=domain:www.qgazette.com&mode=artlist&maxrecords=250&format=json&DATE=202412
www.qgazette.com,November 2024,https://api.gdeltproject.org/api/v2/doc/doc?query=domain:www.qgazette.com&mode=artlist&maxrecords=250&format=json&DATE=202411
www.qgazette.com,October 2024,https://api.gdeltproject.org/api/v2/doc/doc?query=domain:www.qgazette.com&mode=artlist&maxrecords=250&format=json&DATE=202410
www.qgazette.com,September 2024,https://api.gdeltproject.org/api/v2/doc/doc?query=domain:www.qgazette.com&mode=artlist&maxrecords=250&format=json&DATE=202409
www.qgazette.com,August 2024,https://api.gdeltproject.org/api/v2/doc/doc?query=domain:www.qgazette.com&mode=artlist&maxrecords=250&format=json&DATE=202408
www.qgazette.com,July 2024,https://api.gdeltproject.org/api/v2/doc/doc?query=domain:www.qgazette.com&mode=artlist&maxrecords=250&format=json&DATE=202407
www.qgazette.com,June 2024,https://api.gdeltproject.org/api/v2/doc/doc?query=domain:www.qgazette.com&mode=artlist&maxrecords=250&format=json&DATE=202406
www.qgazette.com,May 2024,https://api.gdeltproject.org/api/v2/doc/doc?query=domain:www.qgazette.com&mode=artlist&maxrecords=250&format=json&DATE=202405
www.qgazette.com,April 2024,https://api.gdeltproject.org/api/v2/doc/doc?query=domain:www.qgazette.com&mode=artlist&maxrecords=250&format=json&DATE=202404
rbj.net,March 2025,https://api.gdeltproject.org/api/v2/doc/doc?query=domain:rbj.net&mode=artlist&maxrecords=250&format=json&DATE=202503
rbj.net,February 2025,https://api.gdeltproject.org/api/v2/doc/doc?query=domain:rbj.net&mode=artlist&maxrecords=250&format=json&DATE=202502
rbj.net,January 2025,https://api.gdeltproject.org/api/v2/doc/doc?query=domain:rbj.net&mode=artlist&maxrecords=250&format=json&DATE=202501
rbj.net,December 2024,https://api.gdeltproject.org/api/v2/doc/doc?query=domain:rbj.net&mode=artlist&maxrecords=250&format=json&DATE=202412
rbj.net,November 2024,https://api.gdeltproject.org/api/v2/doc/doc?query=domain:rbj.net&mode=artlist&maxrecords=250&format=json&DATE=202411
rbj.net,October 2024,https://api.gdeltproject.org/api/v2/doc/doc?query=domain:rbj.net&mode=artlist&maxrecords=250&format=json&DATE=202410
rbj.net,September 2024,https://api.gdeltproject.org/api/v2/doc/doc?query=domain:rbj.net&mode=artlist&maxrecords=250&format=json&DATE=202409
rbj.net,August 2024,https://api.gdeltproject.org/api/v2/doc/doc?query=domain:rbj.net&mode=artlist&maxrecords=250&format=json&DATE=202408
rbj.net,July 2024,https://api.gdeltproject.org/api/v2/doc/doc?query=domain:rbj.net&mode=artlist&maxrecords=250&format=json&DATE=202407
rbj.net,June 2024,https://api.gdeltproject.org/api/v2/doc/doc?query=domain:rbj.net&mode=artlist&maxrecords=250&format=json&DATE=202406
rbj.net,May 2024,https://api.gdeltproject.org/api/v2/doc/doc?query=domain:rbj.net&mode=artlist&maxrecords=250&format=json&DATE=202405
rbj.net,April 2024,https://api.gdeltproject.org/api/v2/doc/doc?query=domain:rbj.net&mode=artlist&maxrecords=250&format=json&DATE=202404
sagharborexpress.com,March 2025,https://api.gdeltproject.org/api/v2/doc/doc?query=domain:sagharborexpress.com&mode=artlist&maxrecords=250&format=json&DATE=202503
sagharborexpress.com,February 2025,https://api.gdeltproject.org/api/v2/doc/doc?query=domain:sagharborexpress.com&mode=artlist&maxrecords=250&format=json&DATE=202502
sagharborexpress.com,January 2025,https://api.gdeltproject.org/api/v2/doc/doc?query=domain:sagharborexpress.com&mode=artlist&maxrecords=250&format=json&DATE=202501
sagharborexpress.com,December 2024,https://api.gdeltproject.org/api/v2/doc/doc?query=domain:sagharborexpress.com&mode=artlist&maxrecords=250&format=json&DATE=202412
sagharborexpress.com,November 2024,https://api.gdeltproject.org/api/v2/doc/doc?query=domain:sagharborexpress.com&mode=artlist&maxrecords=250&format=json&DATE=202411
sagharborexpress.com,October 2024,https://api.gdeltproject.org/api/v2/doc/doc?query=domain:sagharborexpress.com&mode=artlist&maxrecords=250&format=json&DATE=202410
sagharborexpress.com,September 2024,https://api.gdeltproject.org/api/v2/doc/doc?query=domain:sagharborexpress.com&mode=artlist&maxrecords=250&format=json&DATE=202409
sagharborexpress.com,August 2024,https://api.gdeltproject.org/api/v2/doc/doc?query=domain:sagharborexpress.com&mode=artlist&maxrecords=250&format=json&DATE=202408
sagharborexpress.com,July 2024,https://api.gdeltproject.org/api/v2/doc/doc?query=domain:sagharborexpress.com&mode=artlist&maxrecords=250&format=json&DATE=202407
sagharborexpress.com,June 2024,https://api.gdeltproject.org/api/v2/doc/doc?query=domain:sagharborexpress.com&mode=artlist&maxrecords=250&format=json&DATE=202406
sagharborexpress.com,May 2024,https://api.gdeltproject.org/api/v2/doc/doc?query=domain:sagharborexpress.com&mode=artlist&maxrecords=250&format=json&DATE=202405
sagharborexpress.com,April 2024,https://api.gdeltproject.org/api/v2/doc/doc?query=domain:sagharborexpress.com&mode=artlist&maxrecords=250&format=json&DATE=202404
www.pressnewsgroup.com,March 2025,https://api.gdeltproject.org/api/v2/doc/doc?query=domain:www.pressnewsgroup.com&mode=artlist&maxrecords=250&format=json&DATE=202503
www.pressnewsgroup.com,February 2025,https://api.gdeltproject.org/api/v2/doc/doc?query=domain:www.pressnewsgroup.com&mode=artlist&maxrecords=250&format=json&DATE=202502
www.pressnewsgroup.com,January 2025,https://api.gdeltproject.org/api/v2/doc/doc?query=domain:www.pressnewsgroup.com&mode=artlist&maxrecords=250&format=json&DATE=202501
www.pressnewsgroup.com,December 2024,https://api.gdeltproject.org/api/v2/doc/doc?query=domain:www.pressnewsgroup.com&mode=artlist&maxrecords=250&format=json&DATE=202412
www.pressnewsgroup.com,November 2024,https://api.gdeltproject.org/api/v2/doc/doc?query=domain:www.pressnewsgroup.com&mode=artlist&maxrecords=250&format=json&DATE=202411
www.pressnewsgroup.com,October 2024,https://api.gdeltproject.org/api/v2/doc/doc?query=domain:www.pressnewsgroup.com&mode=artlist&maxrecords=250&format=json&DATE=202410
www.pressnewsgroup.com,September 2024,https://api.gdeltproject.org/api/v2/doc/doc?query=domain:www.pressnewsgroup.com&mode=artlist&maxrecords=250&format=json&DATE=202409
www.pressnewsgroup.com,August 2024,https://api.gdeltproject.org/api/v2/doc/doc?query=domain:www.pressnewsgroup.com&mode=artlist&maxrecords=250&format=json&DATE=202408
www.pressnewsgroup.com,July 2024,https://api.gdeltproject.org/api/v2/doc/doc?query=domain:www.pressnewsgroup.com&mode=artlist&maxrecords=250&format=json&DATE=202407
www.pressnewsgroup.com,June 2024,https://api.gdeltproject.org/api/v2/doc/doc?query=domain:www.pressnewsgroup.com&mode=artlist&maxrecords=250&format=json&DATE=202406
www.pressnewsgroup.com,May 2024,https://api.gdeltproject.org/api/v2/doc/doc?query=domain:www.pressnewsgroup.com&mode=artlist&maxrecords=250&format=json&DATE=202405
www.pressnewsgroup.com,April 2024,https://api.gdeltproject.org/api/v2/doc/doc?query=domain:www.pressnewsgroup.com&mode=artlist&maxrecords=250&format=json&DATE=202404
suffolktimes.timesreview.com,March 2025,https://api.gdeltproject.org/api/v2/doc/doc?query=domain:suffolktimes.timesreview.com&mode=artlist&maxrecords=250&format=json&DATE=202503
suffolktimes.timesreview.com,February 2025,https://api.gdeltproject.org/api/v2/doc/doc?query=domain:suffolktimes.timesreview.com&mode=artlist&maxrecords=250&format=json&DATE=202502
suffolktimes.timesreview.com,January 2025,https://api.gdeltproject.org/api/v2/doc/doc?query=domain:suffolktimes.timesreview.com&mode=artlist&maxrecords=250&format=json&DATE=202501
suffolktimes.timesreview.com,December 2024,https://api.gdeltproject.org/api/v2/doc/doc?query=domain:suffolktimes.timesreview.com&mode=artlist&maxrecords=250&format=json&DATE=202412
suffolktimes.timesreview.com,November 2024,https://api.gdeltproject.org/api/v2/doc/doc?query=domain:suffolktimes.timesreview.com&mode=artlist&maxrecords=250&format=json&DATE=202411
suffolktimes.timesreview.com,October 2024,https://api.gdeltproject.org/api/v2/doc/doc?query=domain:suffolktimes.timesreview.com&mode=artlist&maxrecords=250&format=json&DATE=202410
suffolktimes.timesreview.com,September 2024,https://api.gdeltproject.org/api/v2/doc/doc?query=domain:suffolktimes.timesreview.com&mode=artlist&maxrecords=250&format=json&DATE=202409
suffolktimes.timesreview.com,August 2024,https://api.gdeltproject.org/api/v2/doc/doc?query=domain:suffolktimes.timesreview.com&mode=artlist&maxrecords=250&format=json&DATE=202408
suffolktimes.timesreview.com,July 2024,https://api.gdeltproject.org/api/v2/doc/doc?query=domain:suffolktimes.timesreview.com&mode=artlist&maxrecords=250&format=json&DATE=202407
suffolktimes.timesreview.com,June 2024,https://api.gdeltproject.org/api/v2/doc/doc?query=domain:suffolktimes.timesreview.com&mode=artlist&maxrecords=250&format=json&DATE=202406
suffolktimes.timesreview.com,May 2024,https://api.gdeltproject.org/api/v2/doc/doc?query=domain:suffolktimes.timesreview.com&mode=artlist&maxrecords=250&format=json&DATE=202405
suffolktimes.timesreview.com,April 2024,https://api.gdeltproject.org/api/v2/doc/doc?query=domain:suffolktimes.timesreview.com&mode=artlist&maxrecords=250&format=json&DATE=202404
www.rockawave.com,March 2025,https://api.gdeltproject.org/api/v2/doc/doc?query=domain:www.rockawave.com&mode=artlist&maxrecords=250&format=json&DATE=202503
www.rockawave.com,February 2025,https://api.gdeltproject.org/api/v2/doc/doc?query=domain:www.rockawave.com&mode=artlist&maxrecords=250&format=json&DATE=202502
www.rockawave.com,January 2025,https://api.gdeltproject.org/api/v2/doc/doc?query=domain:www.rockawave.com&mode=artlist&maxrecords=250&format=json&DATE=202501
www.rockawave.com,December 2024,https://api.gdeltproject.org/api/v2/doc/doc?query=domain:www.rockawave.com&mode=artlist&maxrecords=250&format=json&DATE=202412
www.rockawave.com,November 2024,https://api.gdeltproject.org/api/v2/doc/doc?query=domain:www.rockawave.com&mode=artlist&maxrecords=250&format=json&DATE=202411
www.rockawave.com,October 2024,https://api.gdeltproject.org/api/v2/doc/doc?query=domain:www.rockawave.com&mode=artlist&maxrecords=250&format=json&DATE=202410
www.rockawave.com,September 2024,https://api.gdeltproject.org/api/v2/doc/doc?query=domain:www.rockawave.com&mode=artlist&maxrecords=250&format=json&DATE=202409
www.rockawave.com,August 2024,https://api.gdeltproject.org/api/v2/doc/doc?query=domain:www.rockawave.com&mode=artlist&maxrecords=250&format=json&DATE=202408
www.rockawave.com,July 2024,https://api.gdeltproject.org/api/v2/doc/doc?query=domain:www.rockawave.com&mode=artlist&maxrecords=250&format=json&DATE=202407
www.rockawave.com,June 2024,https://api.gdeltproject.org/api/v2/doc/doc?query=domain:www.rockawave.com&mode=artlist&maxrecords=250&format=json&DATE=202406
www.rockawave.com,May 2024,https://api.gdeltproject.org/api/v2/doc/doc?query=domain:www.rockawave.com&mode=artlist&maxrecords=250&format=json&DATE=202405
www.rockawave.com,April 2024,https://api.gdeltproject.org/api/v2/doc/doc?query=domain:www.rockawave.com&mode=artlist&maxrecords=250&format=json&DATE=202404
www.wellsvilledaily.com,March 2025,https://api.gdeltproject.org/api/v2/doc/doc?query=domain:www.wellsvilledaily.com&mode=artlist&maxrecords=250&format=json&DATE=202503
www.wellsvilledaily.com,February 2025,https://api.gdeltproject.org/api/v2/doc/doc?query=domain:www.wellsvilledaily.com&mode=artlist&maxrecords=250&format=json&DATE=202502
www.wellsvilledaily.com,January 2025,https://api.gdeltproject.org/api/v2/doc/doc?query=domain:www.wellsvilledaily.com&mode=artlist&maxrecords=250&format=json&DATE=202501
www.wellsvilledaily.com,December 2024,https://api.gdeltproject.org/api/v2/doc/doc?query=domain:www.wellsvilledaily.com&mode=artlist&maxrecords=250&format=json&DATE=202412
www.wellsvilledaily.com,November 2024,https://api.gdeltproject.org/api/v2/doc/doc?query=domain:www.wellsvilledaily.com&mode=artlist&maxrecords=250&format=json&DATE=202411
www.wellsvilledaily.com,October 2024,https://api.gdeltproject.org/api/v2/doc/doc?query=domain:www.wellsvilledaily.com&mode=artlist&maxrecords=250&format=json&DATE=202410
www.wellsvilledaily.com,September 2024,https://api.gdeltproject.org/api/v2/doc/doc?query=domain:www.wellsvilledaily.com&mode=artlist&maxrecords=250&format=json&DATE=202409
www.wellsvilledaily.com,August 2024,https://api.gdeltproject.org/api/v2/doc/doc?query=domain:www.wellsvilledaily.com&mode=artlist&maxrecords=250&format=json&DATE=202408
www.wellsvilledaily.com,July 2024,https://api.gdeltproject.org/api/v2/doc/doc?query=domain:www.wellsvilledaily.com&mode=artlist&maxrecords=250&format=json&DATE=202407
www.wellsvilledaily.com,June 2024,https://api.gdeltproject.org/api/v2/doc/doc?query=domain:www.wellsvilledaily.com&mode=artlist&maxrecords=250&format=json&DATE=202406
www.wellsvilledaily.com,May 2024,https://api.gdeltproject.org/api/v2/doc/doc?query=domain:www.wellsvilledaily.com&mode=artlist&maxrecords=250&format=json&DATE=202405
www.wellsvilledaily.com,April 2024,https://api.gdeltproject.org/api/v2/doc/doc?query=domain:www.wellsvilledaily.com&mode=artlist&maxrecords=250&format=json&DATE=202404
chathamjournal.com,March 2025,https://api.gdeltproject.org/api/v2/doc/doc?query=domain:chathamjournal.com&mode=artlist&maxrecords=250&format=json&DATE=202503
chathamjournal.com,February 2025,https://api.gdeltproject.org/api/v2/doc/doc?query=domain:chathamjournal.com&mode=artlist&maxrecords=250&format=json&DATE=202502
chathamjournal.com,January 2025,https://api.gdeltproject.org/api/v2/doc/doc?query=domain:chathamjournal.com&mode=artlist&maxrecords=250&format=json&DATE=202501
chathamjournal.com,December 2024,https://api.gdeltproject.org/api/v2/doc/doc?query=domain:chathamjournal.com&mode=artlist&maxrecords=250&format=json&DATE=202412
chathamjournal.com,November 2024,https://api.gdeltproject.org/api/v2/doc/doc?query=domain:chathamjournal.com&mode=artlist&maxrecords=250&format=json&DATE=202411
chathamjournal.com,October 2024,https://api.gdeltproject.org/api/v2/doc/doc?query=domain:chathamjournal.com&mode=artlist&maxrecords=250&format=json&DATE=202410
chathamjournal.com,September 2024,https://api.gdeltproject.org/api/v2/doc/doc?query=domain:chathamjournal.com&mode=artlist&maxrecords=250&format=json&DATE=202409
chathamjournal.com,August 2024,https://api.gdeltproject.org/api/v2/doc/doc?query=domain:chathamjournal.com&mode=artlist&maxrecords=250&format=json&DATE=202408
chathamjournal.com,July 2024,https://api.gdeltproject.org/api/v2/doc/doc?query=domain:chathamjournal.com&mode=artlist&maxrecords=250&format=json&DATE=202407
chathamjournal.com,June 2024,https://api.gdeltproject.org/api/v2/doc/doc?query=domain:chathamjournal.com&mode=artlist&maxrecords=250&format=json&DATE=202406
chathamjournal.com,May 2024,https://api.gdeltproject.org/api/v2/doc/doc?query=domain:chathamjournal.com&mode=artlist&maxrecords=250&format=json&DATE=202405
chathamjournal.com,April 2024,https://api.gdeltproject.org/api/v2/doc/doc?query=domain:chathamjournal.com&mode=artlist&maxrecords=250&format=json&DATE=202404
www.laurinburgexchange.com,March 2025,https://api.gdeltproject.org/api/v2/doc/doc?query=domain:www.laurinburgexchange.com&mode=artlist&maxrecords=250&format=json&DATE=202503
www.laurinburgexchange.com,February 2025,https://api.gdeltproject.org/api/v2/doc/doc?query=domain:www.laurinburgexchange.com&mode=artlist&maxrecords=250&format=json&DATE=202502
www.laurinburgexchange.com,January 2025,https://api.gdeltproject.org/api/v2/doc/doc?query=domain:www.laurinburgexchange.com&mode=artlist&maxrecords=250&format=json&DATE=202501
www.laurinburgexchange.com,December 2024,https://api.gdeltproject.org/api/v2/doc/doc?query=domain:www.laurinburgexchange.com&mode=artlist&maxrecords=250&format=json&DATE=202412
www.laurinburgexchange.com,November 2024,https://api.gdeltproject.org/api/v2/doc/doc?query=domain:www.laurinburgexchange.com&mode=artlist&maxrecords=250&format=json&DATE=202411
www.laurinburgexchange.com,October 2024,https://api.gdeltproject.org/api/v2/doc/doc?query=domain:www.laurinburgexchange.com&mode=artlist&maxrecords=250&format=json&DATE=202410
www.laurinburgexchange.com,September 2024,https://api.gdeltproject.org/api/v2/doc/doc?query=domain:www.laurinburgexchange.com&mode=artlist&maxrecords=250&format=json&DATE=202409
www.laurinburgexchange.com,August 2024,https://api.gdeltproject.org/api/v2/doc/doc?query=domain:www.laurinburgexchange.com&mode=artlist&maxrecords=250&format=json&DATE=202408
www.laurinburgexchange.com,July 2024,https://api.gdeltproject.org/api/v2/doc/doc?query=domain:www.laurinburgexchange.com&mode=artlist&maxrecords=250&format=json&DATE=202407
www.laurinburgexchange.com,June 2024,https://api.gdeltproject.org/api/v2/doc/doc?query=domain:www.laurinburgexchange.com&mode=artlist&maxrecords=250&format=json&DATE=202406
www.laurinburgexchange.com,May 2024,https://api.gdeltproject.org/api/v2/doc/doc?query=domain:www.laurinburgexchange.com&mode=artlist&maxrecords=250&format=json&DATE=202405
www.laurinburgexchange.com,April 2024,https://api.gdeltproject.org/api/v2/doc/doc?query=domain:www.laurinburgexchange.com&mode=artlist&maxrecords=250&format=json&DATE=202404
www.mitchellnews.com,March 2025,https://api.gdeltproject.org/api/v2/doc/doc?query=domain:www.mitchellnews.com&mode=artlist&maxrecords=250&format=json&DATE=202503
www.mitchellnews.com,February 2025,https://api.gdeltproject.org/api/v2/doc/doc?query=domain:www.mitchellnews.com&mode=artlist&maxrecords=250&format=json&DATE=202502
www.mitchellnews.com,January 2025,https://api.gdeltproject.org/api/v2/doc/doc?query=domain:www.mitchellnews.com&mode=artlist&maxrecords=250&format=json&DATE=202501
www.mitchellnews.com,December 2024,https://api.gdeltproject.org/api/v2/doc/doc?query=domain:www.mitchellnews.com&mode=artlist&maxrecords=250&format=json&DATE=202412
www.mitchellnews.com,November 2024,https://api.gdeltproject.org/api/v2/doc/doc?query=domain:www.mitchellnews.com&mode=artlist&maxrecords=250&format=json&DATE=202411
www.mitchellnews.com,October 2024,https://api.gdeltproject.org/api/v2/doc/doc?query=domain:www.mitchellnews.com&mode=artlist&maxrecords=250&format=json&DATE=202410
www.mitchellnews.com,September 2024,https://api.gdeltproject.org/api/v2/doc/doc?query=domain:www.mitchellnews.com&mode=artlist&maxrecords=250&format=json&DATE=202409
www.mitchellnews.com,August 2024,https://api.gdeltproject.org/api/v2/doc/doc?query=domain:www.mitchellnews.com&mode=artlist&maxrecords=250&format=json&DATE=202408
www.mitchellnews.com,July 2024,https://api.gdeltproject.org/api/v2/doc/doc?query=domain:www.mitchellnews.com&mode=artlist&maxrecords=250&format=json&DATE=202407
www.mitchellnews.com,June 2024,https://api.gdeltproject.org/api/v2/doc/doc?query=domain:www.mitchellnews.com&mode=artlist&maxrecords=250&format=json&DATE=202406
www.mitchellnews.com,May 2024,https://api.gdeltproject.org/api/v2/doc/doc?query=domain:www.mitchellnews.com&mode=artlist&maxrecords=250&format=json&DATE=202405
www.mitchellnews.com,April 2024,https://api.gdeltproject.org/api/v2/doc/doc?query=domain:www.mitchellnews.com&mode=artlist&maxrecords=250&format=json&DATE=202404
www.mtairynews.com,March 2025,https://api.gdeltproject.org/api/v2/doc/doc?query=domain:www.mtairynews.com&mode=artlist&maxrecords=250&format=json&DATE=202503
www.mtairynews.com,February 2025,https://api.gdeltproject.org/api/v2/doc/doc?query=domain:www.mtairynews.com&mode=artlist&maxrecords=250&format=json&DATE=202502
www.mtairynews.com,January 2025,https://api.gdeltproject.org/api/v2/doc/doc?query=domain:www.mtairynews.com&mode=artlist&maxrecords=250&format=json&DATE=202501
www.mtairynews.com,December 2024,https://api.gdeltproject.org/api/v2/doc/doc?query=domain:www.mtairynews.com&mode=artlist&maxrecords=250&format=json&DATE=202412
www.mtairynews.com,November 2024,https://api.gdeltproject.org/api/v2/doc/doc?query=domain:www.mtairynews.com&mode=artlist&maxrecords=250&format=json&DATE=202411
www.mtairynews.com,October 2024,https://api.gdeltproject.org/api/v2/doc/doc?query=domain:www.mtairynews.com&mode=artlist&maxrecords=250&format=json&DATE=202410
www.mtairynews.com,September 2024,https://api.gdeltproject.org/api/v2/doc/doc?query=domain:www.mtairynews.com&mode=artlist&maxrecords=250&format=json&DATE=202409
www.mtairynews.com,August 2024,https://api.gdeltproject.org/api/v2/doc/doc?query=domain:www.mtairynews.com&mode=artlist&maxrecords=250&format=json&DATE=202408
www.mtairynews.com,July 2024,https://api.gdeltproject.org/api/v2/doc/doc?query=domain:www.mtairynews.com&mode=artlist&maxrecords=250&format=json&DATE=202407
www.mtairynews.com,June 2024,https://api.gdeltproject.org/api/v2/doc/doc?query=domain:www.mtairynews.com&mode=artlist&maxrecords=250&format=json&DATE=202406
www.mtairynews.com,May 2024,https://api.gdeltproject.org/api/v2/doc/doc?query=domain:www.mtairynews.com&mode=artlist&maxrecords=250&format=json&DATE=202405
www.mtairynews.com,April 2024,https://api.gdeltproject.org/api/v2/doc/doc?query=domain:www.mtairynews.com&mode=artlist&maxrecords=250&format=json&DATE=202404
mountainx.com,March 2025,https://api.gdeltproject.org/api/v2/doc/doc?query=domain:mountainx.com&mode=artlist&maxrecords=250&format=json&DATE=202503
mountainx.com,February 2025,https://api.gdeltproject.org/api/v2/doc/doc?query=domain:mountainx.com&mode=artlist&maxrecords=250&format=json&DATE=202502
mountainx.com,January 2025,https://api.gdeltproject.org/api/v2/doc/doc?query=domain:mountainx.com&mode=artlist&maxrecords=250&format=json&DATE=202501
mountainx.com,December 2024,https://api.gdeltproject.org/api/v2/doc/doc?query=domain:mountainx.com&mode=artlist&maxrecords=250&format=json&DATE=202412
mountainx.com,November 2024,https://api.gdeltproject.org/api/v2/doc/doc?query=domain:mountainx.com&mode=artlist&maxrecords=250&format=json&DATE=202411
mountainx.com,October 2024,https://api.gdeltproject.org/api/v2/doc/doc?query=domain:mountainx.com&mode=artlist&maxrecords=250&format=json&DATE=202410
mountainx.com,September 2024,https://api.gdeltproject.org/api/v2/doc/doc?query=domain:mountainx.com&mode=artlist&maxrecords=250&format=json&DATE=202409
mountainx.com,August 2024,https://api.gdeltproject.org/api/v2/doc/doc?query=domain:mountainx.com&mode=artlist&maxrecords=250&format=json&DATE=202408
mountainx.com,July 2024,https://api.gdeltproject.org/api/v2/doc/doc?query=domain:mountainx.com&mode=artlist&maxrecords=250&format=json&DATE=202407
mountainx.com,June 2024,https://api.gdeltproject.org/api/v2/doc/doc?query=domain:mountainx.com&mode=artlist&maxrecords=250&format=json&DATE=202406
mountainx.com,May 2024,https://api.gdeltproject.org/api/v2/doc/doc?query=domain:mountainx.com&mode=artlist&maxrecords=250&format=json&DATE=202405
mountainx.com,April 2024,https://api.gdeltproject.org/api/v2/doc/doc?query=domain:mountainx.com&mode=artlist&maxrecords=250&format=json&DATE=202404
www.rhinotimes.com,March 2025,https://api.gdeltproject.org/api/v2/doc/doc?query=domain:www.rhinotimes.com&mode=artlist&maxrecords=250&format=json&DATE=202503
www.rhinotimes.com,February 2025,https://api.gdeltproject.org/api/v2/doc/doc?query=domain:www.rhinotimes.com&mode=artlist&maxrecords=250&format=json&DATE=202502
www.rhinotimes.com,January 2025,https://api.gdeltproject.org/api/v2/doc/doc?query=domain:www.rhinotimes.com&mode=artlist&maxrecords=250&format=json&DATE=202501
www.rhinotimes.com,December 2024,https://api.gdeltproject.org/api/v2/doc/doc?query=domain:www.rhinotimes.com&mode=artlist&maxrecords=250&format=json&DATE=202412
www.rhinotimes.com,November 2024,https://api.gdeltproject.org/api/v2/doc/doc?query=domain:www.rhinotimes.com&mode=artlist&maxrecords=250&format=json&DATE=202411
www.rhinotimes.com,October 2024,https://api.gdeltproject.org/api/v2/doc/doc?query=domain:www.rhinotimes.com&mode=artlist&maxrecords=250&format=json&DATE=202410
www.rhinotimes.com,September 2024,https://api.gdeltproject.org/api/v2/doc/doc?query=domain:www.rhinotimes.com&mode=artlist&maxrecords=250&format=json&DATE=202409
www.rhinotimes.com,August 2024,https://api.gdeltproject.org/api/v2/doc/doc?query=domain:www.rhinotimes.com&mode=artlist&maxrecords=250&format=json&DATE=202408
www.rhinotimes.com,July 2024,https://api.gdeltproject.org/api/v2/doc/doc?query=domain:www.rhinotimes.com&mode=artlist&maxrecords=250&format=json&DATE=202407
www.rhinotimes.com,June 2024,https://api.gdeltproject.org/api/v2/doc/doc?query=domain:www.rhinotimes.com&mode=artlist&maxrecords=250&format=json&DATE=202406
www.rhinotimes.com,May 2024,https://api.gdeltproject.org/api/v2/doc/doc?query=domain:www.rhinotimes.com&mode=artlist&maxrecords=250&format=json&DATE=202405
www.rhinotimes.com,April 2024,https://api.gdeltproject.org/api/v2/doc/doc?query=domain:www.rhinotimes.com&mode=artlist&maxrecords=250&format=json&DATE=202404
www.robesonian.com,March 2025,https://api.gdeltproject.org/api/v2/doc/doc?query=domain:www.robesonian.com&mode=artlist&maxrecords=250&format=json&DATE=202503
www.robesonian.com,February 2025,https://api.gdeltproject.org/api/v2/doc/doc?query=domain:www.robesonian.com&mode=artlist&maxrecords=250&format=json&DATE=202502
www.robesonian.com,January 2025,https://api.gdeltproject.org/api/v2/doc/doc?query=domain:www.robesonian.com&mode=artlist&maxrecords=250&format=json&DATE=202501
www.robesonian.com,December 2024,https://api.gdeltproject.org/api/v2/doc/doc?query=domain:www.robesonian.com&mode=artlist&maxrecords=250&format=json&DATE=202412
www.robesonian.com,November 2024,https://api.gdeltproject.org/api/v2/doc/doc?query=domain:www.robesonian.com&mode=artlist&maxrecords=250&format=json&DATE=202411
www.robesonian.com,October 2024,https://api.gdeltproject.org/api/v2/doc/doc?query=domain:www.robesonian.com&mode=artlist&maxrecords=250&format=json&DATE=202410
www.robesonian.com,September 2024,https://api.gdeltproject.org/api/v2/doc/doc?query=domain:www.robesonian.com&mode=artlist&maxrecords=250&format=json&DATE=202409
www.robesonian.com,August 2024,https://api.gdeltproject.org/api/v2/doc/doc?query=domain:www.robesonian.com&mode=artlist&maxrecords=250&format=json&DATE=202408
www.robesonian.com,July 2024,https://api.gdeltproject.org/api/v2/doc/doc?query=domain:www.robesonian.com&mode=artlist&maxrecords=250&format=json&DATE=202407
www.robesonian.com,June 2024,https://api.gdeltproject.org/api/v2/doc/doc?query=domain:www.robesonian.com&mode=artlist&maxrecords=250&format=json&DATE=202406
www.robesonian.com,May 2024,https://api.gdeltproject.org/api/v2/doc/doc?query=domain:www.robesonian.com&mode=artlist&maxrecords=250&format=json&DATE=202405
www.robesonian.com,April 2024,https://api.gdeltproject.org/api/v2/doc/doc?query=domain:www.robesonian.com&mode=artlist&maxrecords=250&format=json&DATE=202404
www.salisburypost.com,March 2025,https://api.gdeltproject.org/api/v2/doc/doc?query=domain:www.salisburypost.com&mode=artlist&maxrecords=250&format=json&DATE=202503
www.salisburypost.com,February 2025,https://api.gdeltproject.org/api/v2/doc/doc?query=domain:www.salisburypost.com&mode=artlist&maxrecords=250&format=json&DATE=202502
www.salisburypost.com,January 2025,https://api.gdeltproject.org/api/v2/doc/doc?query=domain:www.salisburypost.com&mode=artlist&maxrecords=250&format=json&DATE=202501
www.salisburypost.com,December 2024,https://api.gdeltproject.org/api/v2/doc/doc?query=domain:www.salisburypost.com&mode=artlist&maxrecords=250&format=json&DATE=202412
www.salisburypost.com,November 2024,https://api.gdeltproject.org/api/v2/doc/doc?query=domain:www.salisburypost.com&mode=artlist&maxrecords=250&format=json&DATE=202411
www.salisburypost.com,October 2024,https://api.gdeltproject.org/api/v2/doc/doc?query=domain:www.salisburypost.com&mode=artlist&maxrecords=250&format=json&DATE=202410
www.salisburypost.com,September 2024,https://api.gdeltproject.org/api/v2/doc/doc?query=domain:www.salisburypost.com&mode=artlist&maxrecords=250&format=json&DATE=202409
www.salisburypost.com,August 2024,https://api.gdeltproject.org/api/v2/doc/doc?query=domain:www.salisburypost.com&mode=artlist&maxrecords=250&format=json&DATE=202408
www.salisburypost.com,July 2024,https://api.gdeltproject.org/api/v2/doc/doc?query=domain:www.salisburypost.com&mode=artlist&maxrecords=250&format=json&DATE=202407
www.salisburypost.com,June 2024,https://api.gdeltproject.org/api/v2/doc/doc?query=domain:www.salisburypost.com&mode=artlist&maxrecords=250&format=json&DATE=202406
www.salisburypost.com,May 2024,https://api.gdeltproject.org/api/v2/doc/doc?query=domain:www.salisburypost.com&mode=artlist&maxrecords=250&format=json&DATE=202405
www.salisburypost.com,April 2024,https://api.gdeltproject.org/api/v2/doc/doc?query=domain:www.salisburypost.com&mode=artlist&maxrecords=250&format=json&DATE=202404
www.clintonnc.com,March 2025,https://api.gdeltproject.org/api/v2/doc/doc?query=domain:www.clintonnc.com&mode=artlist&maxrecords=250&format=json&DATE=202503
www.clintonnc.com,February 2025,https://api.gdeltproject.org/api/v2/doc/doc?query=domain:www.clintonnc.com&mode=artlist&maxrecords=250&format=json&DATE=202502
www.clintonnc.com,January 2025,https://api.gdeltproject.org/api/v2/doc/doc?query=domain:www.clintonnc.com&mode=artlist&maxrecords=250&format=json&DATE=202501
www.clintonnc.com,December 2024,https://api.gdeltproject.org/api/v2/doc/doc?query=domain:www.clintonnc.com&mode=artlist&maxrecords=250&format=json&DATE=202412
www.clintonnc.com,November 2024,https://api.gdeltproject.org/api/v2/doc/doc?query=domain:www.clintonnc.com&mode=artlist&maxrecords=250&format=json&DATE=202411
www.clintonnc.com,October 2024,https://api.gdeltproject.org/api/v2/doc/doc?query=domain:www.clintonnc.com&mode=artlist&maxrecords=250&format=json&DATE=202410
www.clintonnc.com,September 2024,https://api.gdeltproject.org/api/v2/doc/doc?query=domain:www.clintonnc.com&mode=artlist&maxrecords=250&format=json&DATE=202409
www.clintonnc.com,August 2024,https://api.gdeltproject.org/api/v2/doc/doc?query=domain:www.clintonnc.com&mode=artlist&maxrecords=250&format=json&DATE=202408
www.clintonnc.com,July 2024,https://api.gdeltproject.org/api/v2/doc/doc?query=domain:www.clintonnc.com&mode=artlist&maxrecords=250&format=json&DATE=202407
www.clintonnc.com,June 2024,https://api.gdeltproject.org/api/v2/doc/doc?query=domain:www.clintonnc.com&mode=artlist&maxrecords=250&format=json&DATE=202406
www.clintonnc.com,May 2024,https://api.gdeltproject.org/api/v2/doc/doc?query=domain:www.clintonnc.com&mode=artlist&maxrecords=250&format=json&DATE=202405
www.clintonnc.com,April 2024,https://api.gdeltproject.org/api/v2/doc/doc?query=domain:www.clintonnc.com&mode=artlist&maxrecords=250&format=json&DATE=202404
www.taylorsvilletimes.com,March 2025,https://api.gdeltproject.org/api/v2/doc/doc?query=domain:www.taylorsvilletimes.com&mode=artlist&maxrecords=250&format=json&DATE=202503
www.taylorsvilletimes.com,February 2025,https://api.gdeltproject.org/api/v2/doc/doc?query=domain:www.taylorsvilletimes.com&mode=artlist&maxrecords=250&format=json&DATE=202502
www.taylorsvilletimes.com,January 2025,https://api.gdeltproject.org/api/v2/doc/doc?query=domain:www.taylorsvilletimes.com&mode=artlist&maxrecords=250&format=json&DATE=202501
www.taylorsvilletimes.com,December 2024,https://api.gdeltproject.org/api/v2/doc/doc?query=domain:www.taylorsvilletimes.com&mode=artlist&maxrecords=250&format=json&DATE=202412
www.taylorsvilletimes.com,November 2024,https://api.gdeltproject.org/api/v2/doc/doc?query=domain:www.taylorsvilletimes.com&mode=artlist&maxrecords=250&format=json&DATE=202411
www.taylorsvilletimes.com,October 2024,https://api.gdeltproject.org/api/v2/doc/doc?query=domain:www.taylorsvilletimes.com&mode=artlist&maxrecords=250&format=json&DATE=202410
www.taylorsvilletimes.com,September 2024,https://api.gdeltproject.org/api/v2/doc/doc?query=domain:www.taylorsvilletimes.com&mode=artlist&maxrecords=250&format=json&DATE=202409
www.taylorsvilletimes.com,August 2024,https://api.gdeltproject.org/api/v2/doc/doc?query=domain:www.taylorsvilletimes.com&mode=artlist&maxrecords=250&format=json&DATE=202408
www.taylorsvilletimes.com,July 2024,https://api.gdeltproject.org/api/v2/doc/doc?query=domain:www.taylorsvilletimes.com&mode=artlist&maxrecords=250&format=json&DATE=202407
www.taylorsvilletimes.com,June 2024,https://api.gdeltproject.org/api/v2/doc/doc?query=domain:www.taylorsvilletimes.com&mode=artlist&maxrecords=250&format=json&DATE=202406
www.taylorsvilletimes.com,May 2024,https://api.gdeltproject.org/api/v2/doc/doc?query=domain:www.taylorsvilletimes.com&mode=artlist&maxrecords=250&format=json&DATE=202405
www.taylorsvilletimes.com,April 2024,https://api.gdeltproject.org/api/v2/doc/doc?query=domain:www.taylorsvilletimes.com&mode=artlist&maxrecords=250&format=json&DATE=202404
www.devilslakejournal.com,March 2025,https://api.gdeltproject.org/api/v2/doc/doc?query=domain:www.devilslakejournal.com&mode=artlist&maxrecords=250&format=json&DATE=202503
www.devilslakejournal.com,February 2025,https://api.gdeltproject.org/api/v2/doc/doc?query=domain:www.devilslakejournal.com&mode=artlist&maxrecords=250&format=json&DATE=202502
www.devilslakejournal.com,January 2025,https://api.gdeltproject.org/api/v2/doc/doc?query=domain:www.devilslakejournal.com&mode=artlist&maxrecords=250&format=json&DATE=202501
www.devilslakejournal.com,December 2024,https://api.gdeltproject.org/api/v2/doc/doc?query=domain:www.devilslakejournal.com&mode=artlist&maxrecords=250&format=json&DATE=202412
www.devilslakejournal.com,November 2024,https://api.gdeltproject.org/api/v2/doc/doc?query=domain:www.devilslakejournal.com&mode=artlist&maxrecords=250&format=json&DATE=202411
www.devilslakejournal.com,October 2024,https://api.gdeltproject.org/api/v2/doc/doc?query=domain:www.devilslakejournal.com&mode=artlist&maxrecords=250&format=json&DATE=202410
www.devilslakejournal.com,September 2024,https://api.gdeltproject.org/api/v2/doc/doc?query=domain:www.devilslakejournal.com&mode=artlist&maxrecords=250&format=json&DATE=202409
www.devilslakejournal.com,August 2024,https://api.gdeltproject.org/api/v2/doc/doc?query=domain:www.devilslakejournal.com&mode=artlist&maxrecords=250&format=json&DATE=202408
www.devilslakejournal.com,July 2024,https://api.gdeltproject.org/api/v2/doc/doc?query=domain:www.devilslakejournal.com&mode=artlist&maxrecords=250&format=json&DATE=202407
www.devilslakejournal.com,June 2024,https://api.gdeltproject.org/api/v2/doc/doc?query=domain:www.devilslakejournal.com&mode=artlist&maxrecords=250&format=json&DATE=202406
www.devilslakejournal.com,May 2024,https://api.gdeltproject.org/api/v2/doc/doc?query=domain:www.devilslakejournal.com&mode=artlist&maxrecords=250&format=json&DATE=202405
www.devilslakejournal.com,April 2024,https://api.gdeltproject.org/api/v2/doc/doc?query=domain:www.devilslakejournal.com&mode=artlist&maxrecords=250&format=json&DATE=202404
www.inforum.com,March 2025,https://api.gdeltproject.org/api/v2/doc/doc?query=domain:www.inforum.com&mode=artlist&maxrecords=250&format=json&DATE=202503
www.inforum.com,February 2025,https://api.gdeltproject.org/api/v2/doc/doc?query=domain:www.inforum.com&mode=artlist&maxrecords=250&format=json&DATE=202502
www.inforum.com,January 2025,https://api.gdeltproject.org/api/v2/doc/doc?query=domain:www.inforum.com&mode=artlist&maxrecords=250&format=json&DATE=202501
www.inforum.com,December 2024,https://api.gdeltproject.org/api/v2/doc/doc?query=domain:www.inforum.com&mode=artlist&maxrecords=250&format=json&DATE=202412
www.inforum.com,November 2024,https://api.gdeltproject.org/api/v2/doc/doc?query=domain:www.inforum.com&mode=artlist&maxrecords=250&format=json&DATE=202411
www.inforum.com,October 2024,https://api.gdeltproject.org/api/v2/doc/doc?query=domain:www.inforum.com&mode=artlist&maxrecords=250&format=json&DATE=202410
www.inforum.com,September 2024,https://api.gdeltproject.org/api/v2/doc/doc?query=domain:www.inforum.com&mode=artlist&maxrecords=250&format=json&DATE=202409
www.inforum.com,August 2024,https://api.gdeltproject.org/api/v2/doc/doc?query=domain:www.inforum.com&mode=artlist&maxrecords=250&format=json&DATE=202408
www.inforum.com,July 2024,https://api.gdeltproject.org/api/v2/doc/doc?query=domain:www.inforum.com&mode=artlist&maxrecords=250&format=json&DATE=202407
www.inforum.com,June 2024,https://api.gdeltproject.org/api/v2/doc/doc?query=domain:www.inforum.com&mode=artlist&maxrecords=250&format=json&DATE=202406
www.inforum.com,May 2024,https://api.gdeltproject.org/api/v2/doc/doc?query=domain:www.inforum.com&mode=artlist&maxrecords=250&format=json&DATE=202405
www.inforum.com,April 2024,https://api.gdeltproject.org/api/v2/doc/doc?query=domain:www.inforum.com&mode=artlist&maxrecords=250&format=json&DATE=202404
www.grandforksherald.com,March 2025,https://api.gdeltproject.org/api/v2/doc/doc?query=domain:www.grandforksherald.com&mode=artlist&maxrecords=250&format=json&DATE=202503
www.grandforksherald.com,February 2025,https://api.gdeltproject.org/api/v2/doc/doc?query=domain:www.grandforksherald.com&mode=artlist&maxrecords=250&format=json&DATE=202502
www.grandforksherald.com,January 2025,https://api.gdeltproject.org/api/v2/doc/doc?query=domain:www.grandforksherald.com&mode=artlist&maxrecords=250&format=json&DATE=202501
www.grandforksherald.com,December 2024,https://api.gdeltproject.org/api/v2/doc/doc?query=domain:www.grandforksherald.com&mode=artlist&maxrecords=250&format=json&DATE=202412
www.grandforksherald.com,November 2024,https://api.gdeltproject.org/api/v2/doc/doc?query=domain:www.grandforksherald.com&mode=artlist&maxrecords=250&format=json&DATE=202411
www.grandforksherald.com,October 2024,https://api.gdeltproject.org/api/v2/doc/doc?query=domain:www.grandforksherald.com&mode=artlist&maxrecords=250&format=json&DATE=202410
www.grandforksherald.com,September 2024,https://api.gdeltproject.org/api/v2/doc/doc?query=domain:www.grandforksherald.com&mode=artlist&maxrecords=250&format=json&DATE=202409
www.grandforksherald.com,August 2024,https://api.gdeltproject.org/api/v2/doc/doc?query=domain:www.grandforksherald.com&mode=artlist&maxrecords=250&format=json&DATE=202408
www.grandforksherald.com,July 2024,https://api.gdeltproject.org/api/v2/doc/doc?query=domain:www.grandforksherald.com&mode=artlist&maxrecords=250&format=json&DATE=202407
www.grandforksherald.com,June 2024,https://api.gdeltproject.org/api/v2/doc/doc?query=domain:www.grandforksherald.com&mode=artlist&maxrecords=250&format=json&DATE=202406
www.grandforksherald.com,May 2024,https://api.gdeltproject.org/api/v2/doc/doc?query=domain:www.grandforksherald.com&mode=artlist&maxrecords=250&format=json&DATE=202405
www.grandforksherald.com,April 2024,https://api.gdeltproject.org/api/v2/doc/doc?query=domain:www.grandforksherald.com&mode=artlist&maxrecords=250&format=json&DATE=202404
www.jamestownsun.com,March 2025,https://api.gdeltproject.org/api/v2/doc/doc?query=domain:www.jamestownsun.com&mode=artlist&maxrecords=250&format=json&DATE=202503
www.jamestownsun.com,February 2025,https://api.gdeltproject.org/api/v2/doc/doc?query=domain:www.jamestownsun.com&mode=artlist&maxrecords=250&format=json&DATE=202502
www.jamestownsun.com,January 2025,https://api.gdeltproject.org/api/v2/doc/doc?query=domain:www.jamestownsun.com&mode=artlist&maxrecords=250&format=json&DATE=202501
www.jamestownsun.com,December 2024,https://api.gdeltproject.org/api/v2/doc/doc?query=domain:www.jamestownsun.com&mode=artlist&maxrecords=250&format=json&DATE=202412
www.jamestownsun.com,November 2024,https://api.gdeltproject.org/api/v2/doc/doc?query=domain:www.jamestownsun.com&mode=artlist&maxrecords=250&format=json&DATE=202411
www.jamestownsun.com,October 2024,https://api.gdeltproject.org/api/v2/doc/doc?query=domain:www.jamestownsun.com&mode=artlist&maxrecords=250&format=json&DATE=202410
www.jamestownsun.com,September 2024,https://api.gdeltproject.org/api/v2/doc/doc?query=domain:www.jamestownsun.com&mode=artlist&maxrecords=250&format=json&DATE=202409
www.jamestownsun.com,August 2024,https://api.gdeltproject.org/api/v2/doc/doc?query=domain:www.jamestownsun.com&mode=artlist&maxrecords=250&format=json&DATE=202408
www.jamestownsun.com,July 2024,https://api.gdeltproject.org/api/v2/doc/doc?query=domain:www.jamestownsun.com&mode=artlist&maxrecords=250&format=json&DATE=202407
www.jamestownsun.com,June 2024,https://api.gdeltproject.org/api/v2/doc/doc?query=domain:www.jamestownsun.com&mode=artlist&maxrecords=250&format=json&DATE=202406
www.jamestownsun.com,May 2024,https://api.gdeltproject.org/api/v2/doc/doc?query=domain:www.jamestownsun.com&mode=artlist&maxrecords=250&format=json&DATE=202405
www.jamestownsun.com,April 2024,https://api.gdeltproject.org/api/v2/doc/doc?query=domain:www.jamestownsun.com&mode=artlist&maxrecords=250&format=json&DATE=202404
www.dispatch.com,March 2025,https://api.gdeltproject.org/api/v2/doc/doc?query=domain:www.dispatch.com&mode=artlist&maxrecords=250&format=json&DATE=202503
www.dispatch.com,February 2025,https://api.gdeltproject.org/api/v2/doc/doc?query=domain:www.dispatch.com&mode=artlist&maxrecords=250&format=json&DATE=202502
www.dispatch.com,January 2025,https://api.gdeltproject.org/api/v2/doc/doc?query=domain:www.dispatch.com&mode=artlist&maxrecords=250&format=json&DATE=202501
www.dispatch.com,December 2024,https://api.gdeltproject.org/api/v2/doc/doc?query=domain:www.dispatch.com&mode=artlist&maxrecords=250&format=json&DATE=202412
www.dispatch.com,November 2024,https://api.gdeltproject.org/api/v2/doc/doc?query=domain:www.dispatch.com&mode=artlist&maxrecords=250&format=json&DATE=202411
www.dispatch.com,October 2024,https://api.gdeltproject.org/api/v2/doc/doc?query=domain:www.dispatch.com&mode=artlist&maxrecords=250&format=json&DATE=202410
www.dispatch.com,September 2024,https://api.gdeltproject.org/api/v2/doc/doc?query=domain:www.dispatch.com&mode=artlist&maxrecords=250&format=json&DATE=202409
www.dispatch.com,August 2024,https://api.gdeltproject.org/api/v2/doc/doc?query=domain:www.dispatch.com&mode=artlist&maxrecords=250&format=json&DATE=202408
www.dispatch.com,July 2024,https://api.gdeltproject.org/api/v2/doc/doc?query=domain:www.dispatch.com&mode=artlist&maxrecords=250&format=json&DATE=202407
www.dispatch.com,June 2024,https://api.gdeltproject.org/api/v2/doc/doc?query=domain:www.dispatch.com&mode=artlist&maxrecords=250&format=json&DATE=202406
www.dispatch.com,May 2024,https://api.gdeltproject.org/api/v2/doc/doc?query=domain:www.dispatch.com&mode=artlist&maxrecords=250&format=json&DATE=202405
www.dispatch.com,April 2024,https://api.gdeltproject.org/api/v2/doc/doc?query=domain:www.dispatch.com&mode=artlist&maxrecords=250&format=json&DATE=202404
www.delgazette.com,March 2025,https://api.gdeltproject.org/api/v2/doc/doc?query=domain:www.delgazette.com&mode=artlist&maxrecords=250&format=json&DATE=202503
www.delgazette.com,February 2025,https://api.gdeltproject.org/api/v2/doc/doc?query=domain:www.delgazette.com&mode=artlist&maxrecords=250&format=json&DATE=202502
www.delgazette.com,January 2025,https://api.gdeltproject.org/api/v2/doc/doc?query=domain:www.delgazette.com&mode=artlist&maxrecords=250&format=json&DATE=202501
www.delgazette.com,December 2024,https://api.gdeltproject.org/api/v2/doc/doc?query=domain:www.delgazette.com&mode=artlist&maxrecords=250&format=json&DATE=202412
www.delgazette.com,November 2024,https://api.gdeltproject.org/api/v2/doc/doc?query=domain:www.delgazette.com&mode=artlist&maxrecords=250&format=json&DATE=202411
www.delgazette.com,October 2024,https://api.gdeltproject.org/api/v2/doc/doc?query=domain:www.delgazette.com&mode=artlist&maxrecords=250&format=json&DATE=202410
www.delgazette.com,September 2024,https://api.gdeltproject.org/api/v2/doc/doc?query=domain:www.delgazette.com&mode=artlist&maxrecords=250&format=json&DATE=202409
www.delgazette.com,August 2024,https://api.gdeltproject.org/api/v2/doc/doc?query=domain:www.delgazette.com&mode=artlist&maxrecords=250&format=json&DATE=202408
www.delgazette.com,July 2024,https://api.gdeltproject.org/api/v2/doc/doc?query=domain:www.delgazette.com&mode=artlist&maxrecords=250&format=json&DATE=202407
www.delgazette.com,June 2024,https://api.gdeltproject.org/api/v2/doc/doc?query=domain:www.delgazette.com&mode=artlist&maxrecords=250&format=json&DATE=202406
www.delgazette.com,May 2024,https://api.gdeltproject.org/api/v2/doc/doc?query=domain:www.delgazette.com&mode=artlist&maxrecords=250&format=json&DATE=202405
www.delgazette.com,April 2024,https://api.gdeltproject.org/api/v2/doc/doc?query=domain:www.delgazette.com&mode=artlist&maxrecords=250&format=json&DATE=202404
www.registerherald.com,March 2025,https://api.gdeltproject.org/api/v2/doc/doc?query=domain:www.registerherald.com&mode=artlist&maxrecords=250&format=json&DATE=202503
www.registerherald.com,February 2025,https://api.gdeltproject.org/api/v2/doc/doc?query=domain:www.registerherald.com&mode=artlist&maxrecords=250&format=json&DATE=202502
www.registerherald.com,January 2025,https://api.gdeltproject.org/api/v2/doc/doc?query=domain:www.registerherald.com&mode=artlist&maxrecords=250&format=json&DATE=202501
www.registerherald.com,December 2024,https://api.gdeltproject.org/api/v2/doc/doc?query=domain:www.registerherald.com&mode=artlist&maxrecords=250&format=json&DATE=202412
www.registerherald.com,November 2024,https://api.gdeltproject.org/api/v2/doc/doc?query=domain:www.registerherald.com&mode=artlist&maxrecords=250&format=json&DATE=202411
www.registerherald.com,October 2024,https://api.gdeltproject.org/api/v2/doc/doc?query=domain:www.registerherald.com&mode=artlist&maxrecords=250&format=json&DATE=202410
www.registerherald.com,September 2024,https://api.gdeltproject.org/api/v2/doc/doc?query=domain:www.registerherald.com&mode=artlist&maxrecords=250&format=json&DATE=202409
www.registerherald.com,August 2024,https://api.gdeltproject.org/api/v2/doc/doc?query=domain:www.registerherald.com&mode=artlist&maxrecords=250&format=json&DATE=202408
www.registerherald.com,July 2024,https://api.gdeltproject.org/api/v2/doc/doc?query=domain:www.registerherald.com&mode=artlist&maxrecords=250&format=json&DATE=202407
www.registerherald.com,June 2024,https://api.gdeltproject.org/api/v2/doc/doc?query=domain:www.registerherald.com&mode=artlist&maxrecords=250&format=json&DATE=202406
www.registerherald.com,May 2024,https://api.gdeltproject.org/api/v2/doc/doc?query=domain:www.registerherald.com&mode=artlist&maxrecords=250&format=json&DATE=202405
www.registerherald.com,April 2024,https://api.gdeltproject.org/api/v2/doc/doc?query=domain:www.registerherald.com&mode=artlist&maxrecords=250&format=json&DATE=202404
www.newsdemocrat.com,March 2025,https://api.gdeltproject.org/api/v2/doc/doc?query=domain:www.newsdemocrat.com&mode=artlist&maxrecords=250&format=json&DATE=202503
www.newsdemocrat.com,February 2025,https://api.gdeltproject.org/api/v2/doc/doc?query=domain:www.newsdemocrat.com&mode=artlist&maxrecords=250&format=json&DATE=202502
www.newsdemocrat.com,January 2025,https://api.gdeltproject.org/api/v2/doc/doc?query=domain:www.newsdemocrat.com&mode=artlist&maxrecords=250&format=json&DATE=202501
www.newsdemocrat.com,December 2024,https://api.gdeltproject.org/api/v2/doc/doc?query=domain:www.newsdemocrat.com&mode=artlist&maxrecords=250&format=json&DATE=202412
www.newsdemocrat.com,November 2024,https://api.gdeltproject.org/api/v2/doc/doc?query=domain:www.newsdemocrat.com&mode=artlist&maxrecords=250&format=json&DATE=202411
www.newsdemocrat.com,October 2024,https://api.gdeltproject.org/api/v2/doc/doc?query=domain:www.newsdemocrat.com&mode=artlist&maxrecords=250&format=json&DATE=202410
www.newsdemocrat.com,September 2024,https://api.gdeltproject.org/api/v2/doc/doc?query=domain:www.newsdemocrat.com&mode=artlist&maxrecords=250&format=json&DATE=202409
www.newsdemocrat.com,August 2024,https://api.gdeltproject.org/api/v2/doc/doc?query=domain:www.newsdemocrat.com&mode=artlist&maxrecords=250&format=json&DATE=202408
www.newsdemocrat.com,July 2024,https://api.gdeltproject.org/api/v2/doc/doc?query=domain:www.newsdemocrat.com&mode=artlist&maxrecords=250&format=json&DATE=202407
www.newsdemocrat.com,June 2024,https://api.gdeltproject.org/api/v2/doc/doc?query=domain:www.newsdemocrat.com&mode=artlist&maxrecords=250&format=json&DATE=202406
www.newsdemocrat.com,May 2024,https://api.gdeltproject.org/api/v2/doc/doc?query=domain:www.newsdemocrat.com&mode=artlist&maxrecords=250&format=json&DATE=202405
www.newsdemocrat.com,April 2024,https://api.gdeltproject.org/api/v2/doc/doc?query=domain:www.newsdemocrat.com&mode=artlist&maxrecords=250&format=json&DATE=202404
www.irontontribune.com,March 2025,https://api.gdeltproject.org/api/v2/doc/doc?query=domain:www.irontontribune.com&mode=artlist&maxrecords=250&format=json&DATE=202503
www.irontontribune.com,February 2025,https://api.gdeltproject.org/api/v2/doc/doc?query=domain:www.irontontribune.com&mode=artlist&maxrecords=250&format=json&DATE=202502
www.irontontribune.com,January 2025,https://api.gdeltproject.org/api/v2/doc/doc?query=domain:www.irontontribune.com&mode=artlist&maxrecords=250&format=json&DATE=202501
www.irontontribune.com,December 2024,https://api.gdeltproject.org/api/v2/doc/doc?query=domain:www.irontontribune.com&mode=artlist&maxrecords=250&format=json&DATE=202412
www.irontontribune.com,November 2024,https://api.gdeltproject.org/api/v2/doc/doc?query=domain:www.irontontribune.com&mode=artlist&maxrecords=250&format=json&DATE=202411
www.irontontribune.com,October 2024,https://api.gdeltproject.org/api/v2/doc/doc?query=domain:www.irontontribune.com&mode=artlist&maxrecords=250&format=json&DATE=202410
www.irontontribune.com,September 2024,https://api.gdeltproject.org/api/v2/doc/doc?query=domain:www.irontontribune.com&mode=artlist&maxrecords=250&format=json&DATE=202409
www.irontontribune.com,August 2024,https://api.gdeltproject.org/api/v2/doc/doc?query=domain:www.irontontribune.com&mode=artlist&maxrecords=250&format=json&DATE=202408
www.irontontribune.com,July 2024,https://api.gdeltproject.org/api/v2/doc/doc?query=domain:www.irontontribune.com&mode=artlist&maxrecords=250&format=json&DATE=202407
www.irontontribune.com,June 2024,https://api.gdeltproject.org/api/v2/doc/doc?query=domain:www.irontontribune.com&mode=artlist&maxrecords=250&format=json&DATE=202406
www.irontontribune.com,May 2024,https://api.gdeltproject.org/api/v2/doc/doc?query=domain:www.irontontribune.com&mode=artlist&maxrecords=250&format=json&DATE=202405
www.irontontribune.com,April 2024,https://api.gdeltproject.org/api/v2/doc/doc?query=domain:www.irontontribune.com&mode=artlist&maxrecords=250&format=json&DATE=202404
www.akron.com,March 2025,https://api.gdeltproject.org/api/v2/doc/doc?query=domain:www.akron.com&mode=artlist&maxrecords=250&format=json&DATE=202503
www.akron.com,February 2025,https://api.gdeltproject.org/api/v2/doc/doc?query=domain:www.akron.com&mode=artlist&maxrecords=250&format=json&DATE=202502
www.akron.com,January 2025,https://api.gdeltproject.org/api/v2/doc/doc?query=domain:www.akron.com&mode=artlist&maxrecords=250&format=json&DATE=202501
www.akron.com,December 2024,https://api.gdeltproject.org/api/v2/doc/doc?query=domain:www.akron.com&mode=artlist&maxrecords=250&format=json&DATE=202412
www.akron.com,November 2024,https://api.gdeltproject.org/api/v2/doc/doc?query=domain:www.akron.com&mode=artlist&maxrecords=250&format=json&DATE=202411
www.akron.com,October 2024,https://api.gdeltproject.org/api/v2/doc/doc?query=domain:www.akron.com&mode=artlist&maxrecords=250&format=json&DATE=202410
www.akron.com,September 2024,https://api.gdeltproject.org/api/v2/doc/doc?query=domain:www.akron.com&mode=artlist&maxrecords=250&format=json&DATE=202409
www.akron.com,August 2024,https://api.gdeltproject.org/api/v2/doc/doc?query=domain:www.akron.com&mode=artlist&maxrecords=250&format=json&DATE=202408
www.akron.com,July 2024,https://api.gdeltproject.org/api/v2/doc/doc?query=domain:www.akron.com&mode=artlist&maxrecords=250&format=json&DATE=202407
www.akron.com,June 2024,https://api.gdeltproject.org/api/v2/doc/doc?query=domain:www.akron.com&mode=artlist&maxrecords=250&format=json&DATE=202406
www.akron.com,May 2024,https://api.gdeltproject.org/api/v2/doc/doc?query=domain:www.akron.com&mode=artlist&maxrecords=250&format=json&DATE=202405
www.akron.com,April 2024,https://api.gdeltproject.org/api/v2/doc/doc?query=domain:www.akron.com&mode=artlist&maxrecords=250&format=json&DATE=202404
www.marysvillejt.com,March 2025,https://api.gdeltproject.org/api/v2/doc/doc?query=domain:www.marysvillejt.com&mode=artlist&maxrecords=250&format=json&DATE=202503
www.marysvillejt.com,February 2025,https://api.gdeltproject.org/api/v2/doc/doc?query=domain:www.marysvillejt.com&mode=artlist&maxrecords=250&format=json&DATE=202502
www.marysvillejt.com,January 2025,https://api.gdeltproject.org/api/v2/doc/doc?query=domain:www.marysvillejt.com&mode=artlist&maxrecords=250&format=json&DATE=202501
www.marysvillejt.com,December 2024,https://api.gdeltproject.org/api/v2/doc/doc?query=domain:www.marysvillejt.com&mode=artlist&maxrecords=250&format=json&DATE=202412
www.marysvillejt.com,November 2024,https://api.gdeltproject.org/api/v2/doc/doc?query=domain:www.marysvillejt.com&mode=artlist&maxrecords=250&format=json&DATE=202411
www.marysvillejt.com,October 2024,https://api.gdeltproject.org/api/v2/doc/doc?query=domain:www.marysvillejt.com&mode=artlist&maxrecords=250&format=json&DATE=202410
www.marysvillejt.com,September 2024,https://api.gdeltproject.org/api/v2/doc/doc?query=domain:www.marysvillejt.com&mode=artlist&maxrecords=250&format=json&DATE=202409
www.marysvillejt.com,August 2024,https://api.gdeltproject.org/api/v2/doc/doc?query=domain:www.marysvillejt.com&mode=artlist&maxrecords=250&format=json&DATE=202408
www.marysvillejt.com,July 2024,https://api.gdeltproject.org/api/v2/doc/doc?query=domain:www.marysvillejt.com&mode=artlist&maxrecords=250&format=json&DATE=202407
www.marysvillejt.com,June 2024,https://api.gdeltproject.org/api/v2/doc/doc?query=domain:www.marysvillejt.com&mode=artlist&maxrecords=250&format=json&DATE=202406
www.marysvillejt.com,May 2024,https://api.gdeltproject.org/api/v2/doc/doc?query=domain:www.marysvillejt.com&mode=artlist&maxrecords=250&format=json&DATE=202405
www.marysvillejt.com,April 2024,https://api.gdeltproject.org/api/v2/doc/doc?query=domain:www.marysvillejt.com&mode=artlist&maxrecords=250&format=json&DATE=202404
www.recordherald.com,March 2025,https://api.gdeltproject.org/api/v2/doc/doc?query=domain:www.recordherald.com&mode=artlist&maxrecords=250&format=json&DATE=202503
www.recordherald.com,February 2025,https://api.gdeltproject.org/api/v2/doc/doc?query=domain:www.recordherald.com&mode=artlist&maxrecords=250&format=json&DATE=202502
www.recordherald.com,January 2025,https://api.gdeltproject.org/api/v2/doc/doc?query=domain:www.recordherald.com&mode=artlist&maxrecords=250&format=json&DATE=202501
www.recordherald.com,December 2024,https://api.gdeltproject.org/api/v2/doc/doc?query=domain:www.recordherald.com&mode=artlist&maxrecords=250&format=json&DATE=202412
www.recordherald.com,November 2024,https://api.gdeltproject.org/api/v2/doc/doc?query=domain:www.recordherald.com&mode=artlist&maxrecords=250&format=json&DATE=202411
www.recordherald.com,October 2024,https://api.gdeltproject.org/api/v2/doc/doc?query=domain:www.recordherald.com&mode=artlist&maxrecords=250&format=json&DATE=202410
www.recordherald.com,September 2024,https://api.gdeltproject.org/api/v2/doc/doc?query=domain:www.recordherald.com&mode=artlist&maxrecords=250&format=json&DATE=202409
www.recordherald.com,August 2024,https://api.gdeltproject.org/api/v2/doc/doc?query=domain:www.recordherald.com&mode=artlist&maxrecords=250&format=json&DATE=202408
www.recordherald.com,July 2024,https://api.gdeltproject.org/api/v2/doc/doc?query=domain:www.recordherald.com&mode=artlist&maxrecords=250&format=json&DATE=202407
www.recordherald.com,June 2024,https://api.gdeltproject.org/api/v2/doc/doc?query=domain:www.recordherald.com&mode=artlist&maxrecords=250&format=json&DATE=202406
www.recordherald.com,May 2024,https://api.gdeltproject.org/api/v2/doc/doc?query=domain:www.recordherald.com&mode=artlist&maxrecords=250&format=json&DATE=202405
www.recordherald.com,April 2024,https://api.gdeltproject.org/api/v2/doc/doc?query=domain:www.recordherald.com&mode=artlist&maxrecords=250&format=json&DATE=202404
www.cantonrep.com,March 2025,https://api.gdeltproject.org/api/v2/doc/doc?query=domain:www.cantonrep.com&mode=artlist&maxrecords=250&format=json&DATE=202503
www.cantonrep.com,February 2025,https://api.gdeltproject.org/api/v2/doc/doc?query=domain:www.cantonrep.com&mode=artlist&maxrecords=250&format=json&DATE=202502
www.cantonrep.com,January 2025,https://api.gdeltproject.org/api/v2/doc/doc?query=domain:www.cantonrep.com&mode=artlist&maxrecords=250&format=json&DATE=202501
www.cantonrep.com,December 2024,https://api.gdeltproject.org/api/v2/doc/doc?query=domain:www.cantonrep.com&mode=artlist&maxrecords=250&format=json&DATE=202412
www.cantonrep.com,November 2024,https://api.gdeltproject.org/api/v2/doc/doc?query=domain:www.cantonrep.com&mode=artlist&maxrecords=250&format=json&DATE=202411
www.cantonrep.com,October 2024,https://api.gdeltproject.org/api/v2/doc/doc?query=domain:www.cantonrep.com&mode=artlist&maxrecords=250&format=json&DATE=202410
www.cantonrep.com,September 2024,https://api.gdeltproject.org/api/v2/doc/doc?query=domain:www.cantonrep.com&mode=artlist&maxrecords=250&format=json&DATE=202409
www.cantonrep.com,August 2024,https://api.gdeltproject.org/api/v2/doc/doc?query=domain:www.cantonrep.com&mode=artlist&maxrecords=250&format=json&DATE=202408
www.cantonrep.com,July 2024,https://api.gdeltproject.org/api/v2/doc/doc?query=domain:www.cantonrep.com&mode=artlist&maxrecords=250&format=json&DATE=202407
www.cantonrep.com,June 2024,https://api.gdeltproject.org/api/v2/doc/doc?query=domain:www.cantonrep.com&mode=artlist&maxrecords=250&format=json&DATE=202406
www.cantonrep.com,May 2024,https://api.gdeltproject.org/api/v2/doc/doc?query=domain:www.cantonrep.com&mode=artlist&maxrecords=250&format=json&DATE=202405
www.cantonrep.com,April 2024,https://api.gdeltproject.org/api/v2/doc/doc?query=domain:www.cantonrep.com&mode=artlist&maxrecords=250&format=json&DATE=202404
www.sidneydailynews.com,March 2025,https://api.gdeltproject.org/api/v2/doc/doc?query=domain:www.sidneydailynews.com&mode=artlist&maxrecords=250&format=json&DATE=202503
www.sidneydailynews.com,February 2025,https://api.gdeltproject.org/api/v2/doc/doc?query=domain:www.sidneydailynews.com&mode=artlist&maxrecords=250&format=json&DATE=202502
www.sidneydailynews.com,January 2025,https://api.gdeltproject.org/api/v2/doc/doc?query=domain:www.sidneydailynews.com&mode=artlist&maxrecords=250&format=json&DATE=202501
www.sidneydailynews.com,December 2024,https://api.gdeltproject.org/api/v2/doc/doc?query=domain:www.sidneydailynews.com&mode=artlist&maxrecords=250&format=json&DATE=202412
www.sidneydailynews.com,November 2024,https://api.gdeltproject.org/api/v2/doc/doc?query=domain:www.sidneydailynews.com&mode=artlist&maxrecords=250&format=json&DATE=202411
www.sidneydailynews.com,October 2024,https://api.gdeltproject.org/api/v2/doc/doc?query=domain:www.sidneydailynews.com&mode=artlist&maxrecords=250&format=json&DATE=202410
www.sidneydailynews.com,September 2024,https://api.gdeltproject.org/api/v2/doc/doc?query=domain:www.sidneydailynews.com&mode=artlist&maxrecords=250&format=json&DATE=202409
www.sidneydailynews.com,August 2024,https://api.gdeltproject.org/api/v2/doc/doc?query=domain:www.sidneydailynews.com&mode=artlist&maxrecords=250&format=json&DATE=202408
www.sidneydailynews.com,July 2024,https://api.gdeltproject.org/api/v2/doc/doc?query=domain:www.sidneydailynews.com&mode=artlist&maxrecords=250&format=json&DATE=202407
www.sidneydailynews.com,June 2024,https://api.gdeltproject.org/api/v2/doc/doc?query=domain:www.sidneydailynews.com&mode=artlist&maxrecords=250&format=json&DATE=202406
www.sidneydailynews.com,May 2024,https://api.gdeltproject.org/api/v2/doc/doc?query=domain:www.sidneydailynews.com&mode=artlist&maxrecords=250&format=json&DATE=202405
www.sidneydailynews.com,April 2024,https://api.gdeltproject.org/api/v2/doc/doc?query=domain:www.sidneydailynews.com&mode=artlist&maxrecords=250&format=json&DATE=202404
www.thisweeknews.com,March 2025,https://api.gdeltproject.org/api/v2/doc/doc?query=domain:www.thisweeknews.com&mode=artlist&maxrecords=250&format=json&DATE=202503
www.thisweeknews.com,February 2025,https://api.gdeltproject.org/api/v2/doc/doc?query=domain:www.thisweeknews.com&mode=artlist&maxrecords=250&format=json&DATE=202502
www.thisweeknews.com,January 2025,https://api.gdeltproject.org/api/v2/doc/doc?query=domain:www.thisweeknews.com&mode=artlist&maxrecords=250&format=json&DATE=202501
www.thisweeknews.com,December 2024,https://api.gdeltproject.org/api/v2/doc/doc?query=domain:www.thisweeknews.com&mode=artlist&maxrecords=250&format=json&DATE=202412
www.thisweeknews.com,November 2024,https://api.gdeltproject.org/api/v2/doc/doc?query=domain:www.thisweeknews.com&mode=artlist&maxrecords=250&format=json&DATE=202411
www.thisweeknews.com,October 2024,https://api.gdeltproject.org/api/v2/doc/doc?query=domain:www.thisweeknews.com&mode=artlist&maxrecords=250&format=json&DATE=202410
www.thisweeknews.com,September 2024,https://api.gdeltproject.org/api/v2/doc/doc?query=domain:www.thisweeknews.com&mode=artlist&maxrecords=250&format=json&DATE=202409
www.thisweeknews.com,August 2024,https://api.gdeltproject.org/api/v2/doc/doc?query=domain:www.thisweeknews.com&mode=artlist&maxrecords=250&format=json&DATE=202408
www.thisweeknews.com,July 2024,https://api.gdeltproject.org/api/v2/doc/doc?query=domain:www.thisweeknews.com&mode=artlist&maxrecords=250&format=json&DATE=202407
www.thisweeknews.com,June 2024,https://api.gdeltproject.org/api/v2/doc/doc?query=domain:www.thisweeknews.com&mode=artlist&maxrecords=250&format=json&DATE=202406
www.thisweeknews.com,May 2024,https://api.gdeltproject.org/api/v2/doc/doc?query=domain:www.thisweeknews.com&mode=artlist&maxrecords=250&format=json&DATE=202405
www.thisweeknews.com,April 2024,https://api.gdeltproject.org/api/v2/doc/doc?query=domain:www.thisweeknews.com&mode=artlist&maxrecords=250&format=json&DATE=202404
www.timesgazette.com,March 2025,https://api.gdeltproject.org/api/v2/doc/doc?query=domain:www.timesgazette.com&mode=artlist&maxrecords=250&format=json&DATE=202503
www.timesgazette.com,February 2025,https://api.gdeltproject.org/api/v2/doc/doc?query=domain:www.timesgazette.com&mode=artlist&maxrecords=250&format=json&DATE=202502
www.timesgazette.com,January 2025,https://api.gdeltproject.org/api/v2/doc/doc?query=domain:www.timesgazette.com&mode=artlist&maxrecords=250&format=json&DATE=202501
www.timesgazette.com,December 2024,https://api.gdeltproject.org/api/v2/doc/doc?query=domain:www.timesgazette.com&mode=artlist&maxrecords=250&format=json&DATE=202412
www.timesgazette.com,November 2024,https://api.gdeltproject.org/api/v2/doc/doc?query=domain:www.timesgazette.com&mode=artlist&maxrecords=250&format=json&DATE=202411
www.timesgazette.com,October 2024,https://api.gdeltproject.org/api/v2/doc/doc?query=domain:www.timesgazette.com&mode=artlist&maxrecords=250&format=json&DATE=202410
www.timesgazette.com,September 2024,https://api.gdeltproject.org/api/v2/doc/doc?query=domain:www.timesgazette.com&mode=artlist&maxrecords=250&format=json&DATE=202409
www.timesgazette.com,August 2024,https://api.gdeltproject.org/api/v2/doc/doc?query=domain:www.timesgazette.com&mode=artlist&maxrecords=250&format=json&DATE=202408
www.timesgazette.com,July 2024,https://api.gdeltproject.org/api/v2/doc/doc?query=domain:www.timesgazette.com&mode=artlist&maxrecords=250&format=json&DATE=202407
www.timesgazette.com,June 2024,https://api.gdeltproject.org/api/v2/doc/doc?query=domain:www.timesgazette.com&mode=artlist&maxrecords=250&format=json&DATE=202406
www.timesgazette.com,May 2024,https://api.gdeltproject.org/api/v2/doc/doc?query=domain:www.timesgazette.com&mode=artlist&maxrecords=250&format=json&DATE=202405
www.timesgazette.com,April 2024,https://api.gdeltproject.org/api/v2/doc/doc?query=domain:www.timesgazette.com&mode=artlist&maxrecords=250&format=json&DATE=202404
www.timesreporter.com,March 2025,https://api.gdeltproject.org/api/v2/doc/doc?query=domain:www.timesreporter.com&mode=artlist&maxrecords=250&format=json&DATE=202503
www.timesreporter.com,February 2025,https://api.gdeltproject.org/api/v2/doc/doc?query=domain:www.timesreporter.com&mode=artlist&maxrecords=250&format=json&DATE=202502
www.timesreporter.com,January 2025,https://api.gdeltproject.org/api/v2/doc/doc?query=domain:www.timesreporter.com&mode=artlist&maxrecords=250&format=json&DATE=202501
www.timesreporter.com,December 2024,https://api.gdeltproject.org/api/v2/doc/doc?query=domain:www.timesreporter.com&mode=artlist&maxrecords=250&format=json&DATE=202412
www.timesreporter.com,November 2024,https://api.gdeltproject.org/api/v2/doc/doc?query=domain:www.timesreporter.com&mode=artlist&maxrecords=250&format=json&DATE=202411
www.timesreporter.com,October 2024,https://api.gdeltproject.org/api/v2/doc/doc?query=domain:www.timesreporter.com&mode=artlist&maxrecords=250&format=json&DATE=202410
www.timesreporter.com,September 2024,https://api.gdeltproject.org/api/v2/doc/doc?query=domain:www.timesreporter.com&mode=artlist&maxrecords=250&format=json&DATE=202409
www.timesreporter.com,August 2024,https://api.gdeltproject.org/api/v2/doc/doc?query=domain:www.timesreporter.com&mode=artlist&maxrecords=250&format=json&DATE=202408
www.timesreporter.com,July 2024,https://api.gdeltproject.org/api/v2/doc/doc?query=domain:www.timesreporter.com&mode=artlist&maxrecords=250&format=json&DATE=202407
www.timesreporter.com,June 2024,https://api.gdeltproject.org/api/v2/doc/doc?query=domain:www.timesreporter.com&mode=artlist&maxrecords=250&format=json&DATE=202406
www.timesreporter.com,May 2024,https://api.gdeltproject.org/api/v2/doc/doc?query=domain:www.timesreporter.com&mode=artlist&maxrecords=250&format=json&DATE=202405
www.timesreporter.com,April 2024,https://api.gdeltproject.org/api/v2/doc/doc?query=domain:www.timesreporter.com&mode=artlist&maxrecords=250&format=json&DATE=202404
www.tribtoday.com,March 2025,https://api.gdeltproject.org/api/v2/doc/doc?query=domain:www.tribtoday.com&mode=artlist&maxrecords=250&format=json&DATE=202503
www.tribtoday.com,February 2025,https://api.gdeltproject.org/api/v2/doc/doc?query=domain:www.tribtoday.com&mode=artlist&maxrecords=250&format=json&DATE=202502
www.tribtoday.com,January 2025,https://api.gdeltproject.org/api/v2/doc/doc?query=domain:www.tribtoday.com&mode=artlist&maxrecords=250&format=json&DATE=202501
www.tribtoday.com,December 2024,https://api.gdeltproject.org/api/v2/doc/doc?query=domain:www.tribtoday.com&mode=artlist&maxrecords=250&format=json&DATE=202412
www.tribtoday.com,November 2024,https://api.gdeltproject.org/api/v2/doc/doc?query=domain:www.tribtoday.com&mode=artlist&maxrecords=250&format=json&DATE=202411
www.tribtoday.com,October 2024,https://api.gdeltproject.org/api/v2/doc/doc?query=domain:www.tribtoday.com&mode=artlist&maxrecords=250&format=json&DATE=202410
www.tribtoday.com,September 2024,https://api.gdeltproject.org/api/v2/doc/doc?query=domain:www.tribtoday.com&mode=artlist&maxrecords=250&format=json&DATE=202409
www.tribtoday.com,August 2024,https://api.gdeltproject.org/api/v2/doc/doc?query=domain:www.tribtoday.com&mode=artlist&maxrecords=250&format=json&DATE=202408
www.tribtoday.com,July 2024,https://api.gdeltproject.org/api/v2/doc/doc?query=domain:www.tribtoday.com&mode=artlist&maxrecords=250&format=json&DATE=202407
www.tribtoday.com,June 2024,https://api.gdeltproject.org/api/v2/doc/doc?query=domain:www.tribtoday.com&mode=artlist&maxrecords=250&format=json&DATE=202406
www.tribtoday.com,May 2024,https://api.gdeltproject.org/api/v2/doc/doc?query=domain:www.tribtoday.com&mode=artlist&maxrecords=250&format=json&DATE=202405
www.tribtoday.com,April 2024,https://api.gdeltproject.org/api/v2/doc/doc?query=domain:www.tribtoday.com&mode=artlist&maxrecords=250&format=json&DATE=202404
www.urbanacitizen.com,March 2025,https://api.gdeltproject.org/api/v2/doc/doc?query=domain:www.urbanacitizen.com&mode=artlist&maxrecords=250&format=json&DATE=202503
www.urbanacitizen.com,February 2025,https://api.gdeltproject.org/api/v2/doc/doc?query=domain:www.urbanacitizen.com&mode=artlist&maxrecords=250&format=json&DATE=202502
www.urbanacitizen.com,January 2025,https://api.gdeltproject.org/api/v2/doc/doc?query=domain:www.urbanacitizen.com&mode=artlist&maxrecords=250&format=json&DATE=202501
www.urbanacitizen.com,December 2024,https://api.gdeltproject.org/api/v2/doc/doc?query=domain:www.urbanacitizen.com&mode=artlist&maxrecords=250&format=json&DATE=202412
www.urbanacitizen.com,November 2024,https://api.gdeltproject.org/api/v2/doc/doc?query=domain:www.urbanacitizen.com&mode=artlist&maxrecords=250&format=json&DATE=202411
www.urbanacitizen.com,October 2024,https://api.gdeltproject.org/api/v2/doc/doc?query=domain:www.urbanacitizen.com&mode=artlist&maxrecords=250&format=json&DATE=202410
www.urbanacitizen.com,September 2024,https://api.gdeltproject.org/api/v2/doc/doc?query=domain:www.urbanacitizen.com&mode=artlist&maxrecords=250&format=json&DATE=202409
www.urbanacitizen.com,August 2024,https://api.gdeltproject.org/api/v2/doc/doc?query=domain:www.urbanacitizen.com&mode=artlist&maxrecords=250&format=json&DATE=202408
www.urbanacitizen.com,July 2024,https://api.gdeltproject.org/api/v2/doc/doc?query=domain:www.urbanacitizen.com&mode=artlist&maxrecords=250&format=json&DATE=202407
www.urbanacitizen.com,June 2024,https://api.gdeltproject.org/api/v2/doc/doc?query=domain:www.urbanacitizen.com&mode=artlist&maxrecords=250&format=json&DATE=202406
www.urbanacitizen.com,May 2024,https://api.gdeltproject.org/api/v2/doc/doc?query=domain:www.urbanacitizen.com&mode=artlist&maxrecords=250&format=json&DATE=202405
www.urbanacitizen.com,April 2024,https://api.gdeltproject.org/api/v2/doc/doc?query=domain:www.urbanacitizen.com&mode=artlist&maxrecords=250&format=json&DATE=202404
www.wnewsj.com,March 2025,https://api.gdeltproject.org/api/v2/doc/doc?query=domain:www.wnewsj.com&mode=artlist&maxrecords=250&format=json&DATE=202503
www.wnewsj.com,February 2025,https://api.gdeltproject.org/api/v2/doc/doc?query=domain:www.wnewsj.com&mode=artlist&maxrecords=250&format=json&DATE=202502
www.wnewsj.com,January 2025,https://api.gdeltproject.org/api/v2/doc/doc?query=domain:www.wnewsj.com&mode=artlist&maxrecords=250&format=json&DATE=202501
www.wnewsj.com,December 2024,https://api.gdeltproject.org/api/v2/doc/doc?query=domain:www.wnewsj.com&mode=artlist&maxrecords=250&format=json&DATE=202412
www.wnewsj.com,November 2024,https://api.gdeltproject.org/api/v2/doc/doc?query=domain:www.wnewsj.com&mode=artlist&maxrecords=250&format=json&DATE=202411
www.wnewsj.com,October 2024,https://api.gdeltproject.org/api/v2/doc/doc?query=domain:www.wnewsj.com&mode=artlist&maxrecords=250&format=json&DATE=202410
www.wnewsj.com,September 2024,https://api.gdeltproject.org/api/v2/doc/doc?query=domain:www.wnewsj.com&mode=artlist&maxrecords=250&format=json&DATE=202409
www.wnewsj.com,August 2024,https://api.gdeltproject.org/api/v2/doc/doc?query=domain:www.wnewsj.com&mode=artlist&maxrecords=250&format=json&DATE=202408
www.wnewsj.com,July 2024,https://api.gdeltproject.org/api/v2/doc/doc?query=domain:www.wnewsj.com&mode=artlist&maxrecords=250&format=json&DATE=202407
www.wnewsj.com,June 2024,https://api.gdeltproject.org/api/v2/doc/doc?query=domain:www.wnewsj.com&mode=artlist&maxrecords=250&format=json&DATE=202406
www.wnewsj.com,May 2024,https://api.gdeltproject.org/api/v2/doc/doc?query=domain:www.wnewsj.com&mode=artlist&maxrecords=250&format=json&DATE=202405
www.wnewsj.com,April 2024,https://api.gdeltproject.org/api/v2/doc/doc?query=domain:www.wnewsj.com&mode=artlist&maxrecords=250&format=json&DATE=202404
ysnews.com,March 2025,https://api.gdeltproject.org/api/v2/doc/doc?query=domain:ysnews.com&mode=artlist&maxrecords=250&format=json&DATE=202503
ysnews.com,February 2025,https://api.gdeltproject.org/api/v2/doc/doc?query=domain:ysnews.com&mode=artlist&maxrecords=250&format=json&DATE=202502
ysnews.com,January 2025,https://api.gdeltproject.org/api/v2/doc/doc?query=domain:ysnews.com&mode=artlist&maxrecords=250&format=json&DATE=202501
ysnews.com,December 2024,https://api.gdeltproject.org/api/v2/doc/doc?query=domain:ysnews.com&mode=artlist&maxrecords=250&format=json&DATE=202412
ysnews.com,November 2024,https://api.gdeltproject.org/api/v2/doc/doc?query=domain:ysnews.com&mode=artlist&maxrecords=250&format=json&DATE=202411
ysnews.com,October 2024,https://api.gdeltproject.org/api/v2/doc/doc?query=domain:ysnews.com&mode=artlist&maxrecords=250&format=json&DATE=202410
ysnews.com,September 2024,https://api.gdeltproject.org/api/v2/doc/doc?query=domain:ysnews.com&mode=artlist&maxrecords=250&format=json&DATE=202409
ysnews.com,August 2024,https://api.gdeltproject.org/api/v2/doc/doc?query=domain:ysnews.com&mode=artlist&maxrecords=250&format=json&DATE=202408
ysnews.com,July 2024,https://api.gdeltproject.org/api/v2/doc/doc?query=domain:ysnews.com&mode=artlist&maxrecords=250&format=json&DATE=202407
ysnews.com,June 2024,https://api.gdeltproject.org/api/v2/doc/doc?query=domain:ysnews.com&mode=artlist&maxrecords=250&format=json&DATE=202406
ysnews.com,May 2024,https://api.gdeltproject.org/api/v2/doc/doc?query=domain:ysnews.com&mode=artlist&maxrecords=250&format=json&DATE=202405
ysnews.com,April 2024,https://api.gdeltproject.org/api/v2/doc/doc?query=domain:ysnews.com&mode=artlist&maxrecords=250&format=json&DATE=202404
journalrecord.com,March 2025,https://api.gdeltproject.org/api/v2/doc/doc?query=domain:journalrecord.com&mode=artlist&maxrecords=250&format=json&DATE=202503
journalrecord.com,February 2025,https://api.gdeltproject.org/api/v2/doc/doc?query=domain:journalrecord.com&mode=artlist&maxrecords=250&format=json&DATE=202502
journalrecord.com,January 2025,https://api.gdeltproject.org/api/v2/doc/doc?query=domain:journalrecord.com&mode=artlist&maxrecords=250&format=json&DATE=202501
journalrecord.com,December 2024,https://api.gdeltproject.org/api/v2/doc/doc?query=domain:journalrecord.com&mode=artlist&maxrecords=250&format=json&DATE=202412
journalrecord.com,November 2024,https://api.gdeltproject.org/api/v2/doc/doc?query=domain:journalrecord.com&mode=artlist&maxrecords=250&format=json&DATE=202411
journalrecord.com,October 2024,https://api.gdeltproject.org/api/v2/doc/doc?query=domain:journalrecord.com&mode=artlist&maxrecords=250&format=json&DATE=202410
journalrecord.com,September 2024,https://api.gdeltproject.org/api/v2/doc/doc?query=domain:journalrecord.com&mode=artlist&maxrecords=250&format=json&DATE=202409
journalrecord.com,August 2024,https://api.gdeltproject.org/api/v2/doc/doc?query=domain:journalrecord.com&mode=artlist&maxrecords=250&format=json&DATE=202408
journalrecord.com,July 2024,https://api.gdeltproject.org/api/v2/doc/doc?query=domain:journalrecord.com&mode=artlist&maxrecords=250&format=json&DATE=202407
journalrecord.com,June 2024,https://api.gdeltproject.org/api/v2/doc/doc?query=domain:journalrecord.com&mode=artlist&maxrecords=250&format=json&DATE=202406
journalrecord.com,May 2024,https://api.gdeltproject.org/api/v2/doc/doc?query=domain:journalrecord.com&mode=artlist&maxrecords=250&format=json&DATE=202405
journalrecord.com,April 2024,https://api.gdeltproject.org/api/v2/doc/doc?query=domain:journalrecord.com&mode=artlist&maxrecords=250&format=json&DATE=202404
www.poncacitynews.com,March 2025,https://api.gdeltproject.org/api/v2/doc/doc?query=domain:www.poncacitynews.com&mode=artlist&maxrecords=250&format=json&DATE=202503
www.poncacitynews.com,February 2025,https://api.gdeltproject.org/api/v2/doc/doc?query=domain:www.poncacitynews.com&mode=artlist&maxrecords=250&format=json&DATE=202502
www.poncacitynews.com,January 2025,https://api.gdeltproject.org/api/v2/doc/doc?query=domain:www.poncacitynews.com&mode=artlist&maxrecords=250&format=json&DATE=202501
www.poncacitynews.com,December 2024,https://api.gdeltproject.org/api/v2/doc/doc?query=domain:www.poncacitynews.com&mode=artlist&maxrecords=250&format=json&DATE=202412
www.poncacitynews.com,November 2024,https://api.gdeltproject.org/api/v2/doc/doc?query=domain:www.poncacitynews.com&mode=artlist&maxrecords=250&format=json&DATE=202411
www.poncacitynews.com,October 2024,https://api.gdeltproject.org/api/v2/doc/doc?query=domain:www.poncacitynews.com&mode=artlist&maxrecords=250&format=json&DATE=202410
www.poncacitynews.com,September 2024,https://api.gdeltproject.org/api/v2/doc/doc?query=domain:www.poncacitynews.com&mode=artlist&maxrecords=250&format=json&DATE=202409
www.poncacitynews.com,August 2024,https://api.gdeltproject.org/api/v2/doc/doc?query=domain:www.poncacitynews.com&mode=artlist&maxrecords=250&format=json&DATE=202408
www.poncacitynews.com,July 2024,https://api.gdeltproject.org/api/v2/doc/doc?query=domain:www.poncacitynews.com&mode=artlist&maxrecords=250&format=json&DATE=202407
www.poncacitynews.com,June 2024,https://api.gdeltproject.org/api/v2/doc/doc?query=domain:www.poncacitynews.com&mode=artlist&maxrecords=250&format=json&DATE=202406
www.poncacitynews.com,May 2024,https://api.gdeltproject.org/api/v2/doc/doc?query=domain:www.poncacitynews.com&mode=artlist&maxrecords=250&format=json&DATE=202405
www.poncacitynews.com,April 2024,https://api.gdeltproject.org/api/v2/doc/doc?query=domain:www.poncacitynews.com&mode=artlist&maxrecords=250&format=json&DATE=202404
cascadebusnews.com,March 2025,https://api.gdeltproject.org/api/v2/doc/doc?query=domain:cascadebusnews.com&mode=artlist&maxrecords=250&format=json&DATE=202503
cascadebusnews.com,February 2025,https://api.gdeltproject.org/api/v2/doc/doc?query=domain:cascadebusnews.com&mode=artlist&maxrecords=250&format=json&DATE=202502
cascadebusnews.com,January 2025,https://api.gdeltproject.org/api/v2/doc/doc?query=domain:cascadebusnews.com&mode=artlist&maxrecords=250&format=json&DATE=202501
cascadebusnews.com,December 2024,https://api.gdeltproject.org/api/v2/doc/doc?query=domain:cascadebusnews.com&mode=artlist&maxrecords=250&format=json&DATE=202412
cascadebusnews.com,November 2024,https://api.gdeltproject.org/api/v2/doc/doc?query=domain:cascadebusnews.com&mode=artlist&maxrecords=250&format=json&DATE=202411
cascadebusnews.com,October 2024,https://api.gdeltproject.org/api/v2/doc/doc?query=domain:cascadebusnews.com&mode=artlist&maxrecords=250&format=json&DATE=202410
cascadebusnews.com,September 2024,https://api.gdeltproject.org/api/v2/doc/doc?query=domain:cascadebusnews.com&mode=artlist&maxrecords=250&format=json&DATE=202409
cascadebusnews.com,August 2024,https://api.gdeltproject.org/api/v2/doc/doc?query=domain:cascadebusnews.com&mode=artlist&maxrecords=250&format=json&DATE=202408
cascadebusnews.com,July 2024,https://api.gdeltproject.org/api/v2/doc/doc?query=domain:cascadebusnews.com&mode=artlist&maxrecords=250&format=json&DATE=202407
cascadebusnews.com,June 2024,https://api.gdeltproject.org/api/v2/doc/doc?query=domain:cascadebusnews.com&mode=artlist&maxrecords=250&format=json&DATE=202406
cascadebusnews.com,May 2024,https://api.gdeltproject.org/api/v2/doc/doc?query=domain:cascadebusnews.com&mode=artlist&maxrecords=250&format=json&DATE=202405
cascadebusnews.com,April 2024,https://api.gdeltproject.org/api/v2/doc/doc?query=domain:cascadebusnews.com&mode=artlist&maxrecords=250&format=json&DATE=202404
www.keizertimes.com,March 2025,https://api.gdeltproject.org/api/v2/doc/doc?query=domain:www.keizertimes.com&mode=artlist&maxrecords=250&format=json&DATE=202503
www.keizertimes.com,February 2025,https://api.gdeltproject.org/api/v2/doc/doc?query=domain:www.keizertimes.com&mode=artlist&maxrecords=250&format=json&DATE=202502
www.keizertimes.com,January 2025,https://api.gdeltproject.org/api/v2/doc/doc?query=domain:www.keizertimes.com&mode=artlist&maxrecords=250&format=json&DATE=202501
www.keizertimes.com,December 2024,https://api.gdeltproject.org/api/v2/doc/doc?query=domain:www.keizertimes.com&mode=artlist&maxrecords=250&format=json&DATE=202412
www.keizertimes.com,November 2024,https://api.gdeltproject.org/api/v2/doc/doc?query=domain:www.keizertimes.com&mode=artlist&maxrecords=250&format=json&DATE=202411
www.keizertimes.com,October 2024,https://api.gdeltproject.org/api/v2/doc/doc?query=domain:www.keizertimes.com&mode=artlist&maxrecords=250&format=json&DATE=202410
www.keizertimes.com,September 2024,https://api.gdeltproject.org/api/v2/doc/doc?query=domain:www.keizertimes.com&mode=artlist&maxrecords=250&format=json&DATE=202409
www.keizertimes.com,August 2024,https://api.gdeltproject.org/api/v2/doc/doc?query=domain:www.keizertimes.com&mode=artlist&maxrecords=250&format=json&DATE=202408
www.keizertimes.com,July 2024,https://api.gdeltproject.org/api/v2/doc/doc?query=domain:www.keizertimes.com&mode=artlist&maxrecords=250&format=json&DATE=202407
www.keizertimes.com,June 2024,https://api.gdeltproject.org/api/v2/doc/doc?query=domain:www.keizertimes.com&mode=artlist&maxrecords=250&format=json&DATE=202406
www.keizertimes.com,May 2024,https://api.gdeltproject.org/api/v2/doc/doc?query=domain:www.keizertimes.com&mode=artlist&maxrecords=250&format=json&DATE=202405
www.keizertimes.com,April 2024,https://api.gdeltproject.org/api/v2/doc/doc?query=domain:www.keizertimes.com&mode=artlist&maxrecords=250&format=json&DATE=202404
www.dailycourier.com,March 2025,https://api.gdeltproject.org/api/v2/doc/doc?query=domain:www.dailycourier.com&mode=artlist&maxrecords=250&format=json&DATE=202503
www.dailycourier.com,February 2025,https://api.gdeltproject.org/api/v2/doc/doc?query=domain:www.dailycourier.com&mode=artlist&maxrecords=250&format=json&DATE=202502
www.dailycourier.com,January 2025,https://api.gdeltproject.org/api/v2/doc/doc?query=domain:www.dailycourier.com&mode=artlist&maxrecords=250&format=json&DATE=202501
www.dailycourier.com,December 2024,https://api.gdeltproject.org/api/v2/doc/doc?query=domain:www.dailycourier.com&mode=artlist&maxrecords=250&format=json&DATE=202412
www.dailycourier.com,November 2024,https://api.gdeltproject.org/api/v2/doc/doc?query=domain:www.dailycourier.com&mode=artlist&maxrecords=250&format=json&DATE=202411
www.dailycourier.com,October 2024,https://api.gdeltproject.org/api/v2/doc/doc?query=domain:www.dailycourier.com&mode=artlist&maxrecords=250&format=json&DATE=202410
www.dailycourier.com,September 2024,https://api.gdeltproject.org/api/v2/doc/doc?query=domain:www.dailycourier.com&mode=artlist&maxrecords=250&format=json&DATE=202409
www.dailycourier.com,August 2024,https://api.gdeltproject.org/api/v2/doc/doc?query=domain:www.dailycourier.com&mode=artlist&maxrecords=250&format=json&DATE=202408
www.dailycourier.com,July 2024,https://api.gdeltproject.org/api/v2/doc/doc?query=domain:www.dailycourier.com&mode=artlist&maxrecords=250&format=json&DATE=202407
www.dailycourier.com,June 2024,https://api.gdeltproject.org/api/v2/doc/doc?query=domain:www.dailycourier.com&mode=artlist&maxrecords=250&format=json&DATE=202406
www.dailycourier.com,May 2024,https://api.gdeltproject.org/api/v2/doc/doc?query=domain:www.dailycourier.com&mode=artlist&maxrecords=250&format=json&DATE=202405
www.dailycourier.com,April 2024,https://api.gdeltproject.org/api/v2/doc/doc?query=domain:www.dailycourier.com&mode=artlist&maxrecords=250&format=json&DATE=202404
www.fultoncountynews.com,March 2025,https://api.gdeltproject.org/api/v2/doc/doc?query=domain:www.fultoncountynews.com&mode=artlist&maxrecords=250&format=json&DATE=202503
www.fultoncountynews.com,February 2025,https://api.gdeltproject.org/api/v2/doc/doc?query=domain:www.fultoncountynews.com&mode=artlist&maxrecords=250&format=json&DATE=202502
www.fultoncountynews.com,January 2025,https://api.gdeltproject.org/api/v2/doc/doc?query=domain:www.fultoncountynews.com&mode=artlist&maxrecords=250&format=json&DATE=202501
www.fultoncountynews.com,December 2024,https://api.gdeltproject.org/api/v2/doc/doc?query=domain:www.fultoncountynews.com&mode=artlist&maxrecords=250&format=json&DATE=202412
www.fultoncountynews.com,November 2024,https://api.gdeltproject.org/api/v2/doc/doc?query=domain:www.fultoncountynews.com&mode=artlist&maxrecords=250&format=json&DATE=202411
www.fultoncountynews.com,October 2024,https://api.gdeltproject.org/api/v2/doc/doc?query=domain:www.fultoncountynews.com&mode=artlist&maxrecords=250&format=json&DATE=202410
www.fultoncountynews.com,September 2024,https://api.gdeltproject.org/api/v2/doc/doc?query=domain:www.fultoncountynews.com&mode=artlist&maxrecords=250&format=json&DATE=202409
www.fultoncountynews.com,August 2024,https://api.gdeltproject.org/api/v2/doc/doc?query=domain:www.fultoncountynews.com&mode=artlist&maxrecords=250&format=json&DATE=202408
www.fultoncountynews.com,July 2024,https://api.gdeltproject.org/api/v2/doc/doc?query=domain:www.fultoncountynews.com&mode=artlist&maxrecords=250&format=json&DATE=202407
www.fultoncountynews.com,June 2024,https://api.gdeltproject.org/api/v2/doc/doc?query=domain:www.fultoncountynews.com&mode=artlist&maxrecords=250&format=json&DATE=202406
www.fultoncountynews.com,May 2024,https://api.gdeltproject.org/api/v2/doc/doc?query=domain:www.fultoncountynews.com&mode=artlist&maxrecords=250&format=json&DATE=202405
www.fultoncountynews.com,April 2024,https://api.gdeltproject.org/api/v2/doc/doc?query=domain:www.fultoncountynews.com&mode=artlist&maxrecords=250&format=json&DATE=202404
www.leadertimes.com,March 2025,https://api.gdeltproject.org/api/v2/doc/doc?query=domain:www.leadertimes.com&mode=artlist&maxrecords=250&format=json&DATE=202503
www.leadertimes.com,February 2025,https://api.gdeltproject.org/api/v2/doc/doc?query=domain:www.leadertimes.com&mode=artlist&maxrecords=250&format=json&DATE=202502
www.leadertimes.com,January 2025,https://api.gdeltproject.org/api/v2/doc/doc?query=domain:www.leadertimes.com&mode=artlist&maxrecords=250&format=json&DATE=202501
www.leadertimes.com,December 2024,https://api.gdeltproject.org/api/v2/doc/doc?query=domain:www.leadertimes.com&mode=artlist&maxrecords=250&format=json&DATE=202412
www.leadertimes.com,November 2024,https://api.gdeltproject.org/api/v2/doc/doc?query=domain:www.leadertimes.com&mode=artlist&maxrecords=250&format=json&DATE=202411
www.leadertimes.com,October 2024,https://api.gdeltproject.org/api/v2/doc/doc?query=domain:www.leadertimes.com&mode=artlist&maxrecords=250&format=json&DATE=202410
www.leadertimes.com,September 2024,https://api.gdeltproject.org/api/v2/doc/doc?query=domain:www.leadertimes.com&mode=artlist&maxrecords=250&format=json&DATE=202409
www.leadertimes.com,August 2024,https://api.gdeltproject.org/api/v2/doc/doc?query=domain:www.leadertimes.com&mode=artlist&maxrecords=250&format=json&DATE=202408
www.leadertimes.com,July 2024,https://api.gdeltproject.org/api/v2/doc/doc?query=domain:www.leadertimes.com&mode=artlist&maxrecords=250&format=json&DATE=202407
www.leadertimes.com,June 2024,https://api.gdeltproject.org/api/v2/doc/doc?query=domain:www.leadertimes.com&mode=artlist&maxrecords=250&format=json&DATE=202406
www.leadertimes.com,May 2024,https://api.gdeltproject.org/api/v2/doc/doc?query=domain:www.leadertimes.com&mode=artlist&maxrecords=250&format=json&DATE=202405
www.leadertimes.com,April 2024,https://api.gdeltproject.org/api/v2/doc/doc?query=domain:www.leadertimes.com&mode=artlist&maxrecords=250&format=json&DATE=202404
www.philadelphiaweekly.com,March 2025,https://api.gdeltproject.org/api/v2/doc/doc?query=domain:www.philadelphiaweekly.com&mode=artlist&maxrecords=250&format=json&DATE=202503
www.philadelphiaweekly.com,February 2025,https://api.gdeltproject.org/api/v2/doc/doc?query=domain:www.philadelphiaweekly.com&mode=artlist&maxrecords=250&format=json&DATE=202502
www.philadelphiaweekly.com,January 2025,https://api.gdeltproject.org/api/v2/doc/doc?query=domain:www.philadelphiaweekly.com&mode=artlist&maxrecords=250&format=json&DATE=202501
www.philadelphiaweekly.com,December 2024,https://api.gdeltproject.org/api/v2/doc/doc?query=domain:www.philadelphiaweekly.com&mode=artlist&maxrecords=250&format=json&DATE=202412
www.philadelphiaweekly.com,November 2024,https://api.gdeltproject.org/api/v2/doc/doc?query=domain:www.philadelphiaweekly.com&mode=artlist&maxrecords=250&format=json&DATE=202411
www.philadelphiaweekly.com,October 2024,https://api.gdeltproject.org/api/v2/doc/doc?query=domain:www.philadelphiaweekly.com&mode=artlist&maxrecords=250&format=json&DATE=202410
www.philadelphiaweekly.com,September 2024,https://api.gdeltproject.org/api/v2/doc/doc?query=domain:www.philadelphiaweekly.com&mode=artlist&maxrecords=250&format=json&DATE=202409
www.philadelphiaweekly.com,August 2024,https://api.gdeltproject.org/api/v2/doc/doc?query=domain:www.philadelphiaweekly.com&mode=artlist&maxrecords=250&format=json&DATE=202408
www.philadelphiaweekly.com,July 2024,https://api.gdeltproject.org/api/v2/doc/doc?query=domain:www.philadelphiaweekly.com&mode=artlist&maxrecords=250&format=json&DATE=202407
www.philadelphiaweekly.com,June 2024,https://api.gdeltproject.org/api/v2/doc/doc?query=domain:www.philadelphiaweekly.com&mode=artlist&maxrecords=250&format=json&DATE=202406
www.philadelphiaweekly.com,May 2024,https://api.gdeltproject.org/api/v2/doc/doc?query=domain:www.philadelphiaweekly.com&mode=artlist&maxrecords=250&format=json&DATE=202405
www.philadelphiaweekly.com,April 2024,https://api.gdeltproject.org/api/v2/doc/doc?query=domain:www.philadelphiaweekly.com&mode=artlist&maxrecords=250&format=json&DATE=202404
triblive.com/category/local,March 2025,https://api.gdeltproject.org/api/v2/doc/doc?query=domain:triblive.com/category/local&mode=artlist&maxrecords=250&format=json&DATE=202503
triblive.com/category/local,February 2025,https://api.gdeltproject.org/api/v2/doc/doc?query=domain:triblive.com/category/local&mode=artlist&maxrecords=250&format=json&DATE=202502
triblive.com/category/local,January 2025,https://api.gdeltproject.org/api/v2/doc/doc?query=domain:triblive.com/category/local&mode=artlist&maxrecords=250&format=json&DATE=202501
triblive.com/category/local,December 2024,https://api.gdeltproject.org/api/v2/doc/doc?query=domain:triblive.com/category/local&mode=artlist&maxrecords=250&format=json&DATE=202412
triblive.com/category/local,November 2024,https://api.gdeltproject.org/api/v2/doc/doc?query=domain:triblive.com/category/local&mode=artlist&maxrecords=250&format=json&DATE=202411
triblive.com/category/local,October 2024,https://api.gdeltproject.org/api/v2/doc/doc?query=domain:triblive.com/category/local&mode=artlist&maxrecords=250&format=json&DATE=202410
triblive.com/category/local,September 2024,https://api.gdeltproject.org/api/v2/doc/doc?query=domain:triblive.com/category/local&mode=artlist&maxrecords=250&format=json&DATE=202409
triblive.com/category/local,August 2024,https://api.gdeltproject.org/api/v2/doc/doc?query=domain:triblive.com/category/local&mode=artlist&maxrecords=250&format=json&DATE=202408
triblive.com/category/local,July 2024,https://api.gdeltproject.org/api/v2/doc/doc?query=domain:triblive.com/category/local&mode=artlist&maxrecords=250&format=json&DATE=202407
triblive.com/category/local,June 2024,https://api.gdeltproject.org/api/v2/doc/doc?query=domain:triblive.com/category/local&mode=artlist&maxrecords=250&format=json&DATE=202406
triblive.com/category/local,May 2024,https://api.gdeltproject.org/api/v2/doc/doc?query=domain:triblive.com/category/local&mode=artlist&maxrecords=250&format=json&DATE=202405
triblive.com/category/local,April 2024,https://api.gdeltproject.org/api/v2/doc/doc?query=domain:triblive.com/category/local&mode=artlist&maxrecords=250&format=json&DATE=202404
www.rocket-courier.com,March 2025,https://api.gdeltproject.org/api/v2/doc/doc?query=domain:www.rocket-courier.com&mode=artlist&maxrecords=250&format=json&DATE=202503
www.rocket-courier.com,February 2025,https://api.gdeltproject.org/api/v2/doc/doc?query=domain:www.rocket-courier.com&mode=artlist&maxrecords=250&format=json&DATE=202502
www.rocket-courier.com,January 2025,https://api.gdeltproject.org/api/v2/doc/doc?query=domain:www.rocket-courier.com&mode=artlist&maxrecords=250&format=json&DATE=202501
www.rocket-courier.com,December 2024,https://api.gdeltproject.org/api/v2/doc/doc?query=domain:www.rocket-courier.com&mode=artlist&maxrecords=250&format=json&DATE=202412
www.rocket-courier.com,November 2024,https://api.gdeltproject.org/api/v2/doc/doc?query=domain:www.rocket-courier.com&mode=artlist&maxrecords=250&format=json&DATE=202411
www.rocket-courier.com,October 2024,https://api.gdeltproject.org/api/v2/doc/doc?query=domain:www.rocket-courier.com&mode=artlist&maxrecords=250&format=json&DATE=202410
www.rocket-courier.com,September 2024,https://api.gdeltproject.org/api/v2/doc/doc?query=domain:www.rocket-courier.com&mode=artlist&maxrecords=250&format=json&DATE=202409
www.rocket-courier.com,August 2024,https://api.gdeltproject.org/api/v2/doc/doc?query=domain:www.rocket-courier.com&mode=artlist&maxrecords=250&format=json&DATE=202408
www.rocket-courier.com,July 2024,https://api.gdeltproject.org/api/v2/doc/doc?query=domain:www.rocket-courier.com&mode=artlist&maxrecords=250&format=json&DATE=202407
www.rocket-courier.com,June 2024,https://api.gdeltproject.org/api/v2/doc/doc?query=domain:www.rocket-courier.com&mode=artlist&maxrecords=250&format=json&DATE=202406
www.rocket-courier.com,May 2024,https://api.gdeltproject.org/api/v2/doc/doc?query=domain:www.rocket-courier.com&mode=artlist&maxrecords=250&format=json&DATE=202405
www.rocket-courier.com,April 2024,https://api.gdeltproject.org/api/v2/doc/doc?query=domain:www.rocket-courier.com&mode=artlist&maxrecords=250&format=json&DATE=202404
www.newportthisweek.com,March 2025,https://api.gdeltproject.org/api/v2/doc/doc?query=domain:www.newportthisweek.com&mode=artlist&maxrecords=250&format=json&DATE=202503
www.newportthisweek.com,February 2025,https://api.gdeltproject.org/api/v2/doc/doc?query=domain:www.newportthisweek.com&mode=artlist&maxrecords=250&format=json&DATE=202502
www.newportthisweek.com,January 2025,https://api.gdeltproject.org/api/v2/doc/doc?query=domain:www.newportthisweek.com&mode=artlist&maxrecords=250&format=json&DATE=202501
www.newportthisweek.com,December 2024,https://api.gdeltproject.org/api/v2/doc/doc?query=domain:www.newportthisweek.com&mode=artlist&maxrecords=250&format=json&DATE=202412
www.newportthisweek.com,November 2024,https://api.gdeltproject.org/api/v2/doc/doc?query=domain:www.newportthisweek.com&mode=artlist&maxrecords=250&format=json&DATE=202411
www.newportthisweek.com,October 2024,https://api.gdeltproject.org/api/v2/doc/doc?query=domain:www.newportthisweek.com&mode=artlist&maxrecords=250&format=json&DATE=202410
www.newportthisweek.com,September 2024,https://api.gdeltproject.org/api/v2/doc/doc?query=domain:www.newportthisweek.com&mode=artlist&maxrecords=250&format=json&DATE=202409
www.newportthisweek.com,August 2024,https://api.gdeltproject.org/api/v2/doc/doc?query=domain:www.newportthisweek.com&mode=artlist&maxrecords=250&format=json&DATE=202408
www.newportthisweek.com,July 2024,https://api.gdeltproject.org/api/v2/doc/doc?query=domain:www.newportthisweek.com&mode=artlist&maxrecords=250&format=json&DATE=202407
www.newportthisweek.com,June 2024,https://api.gdeltproject.org/api/v2/doc/doc?query=domain:www.newportthisweek.com&mode=artlist&maxrecords=250&format=json&DATE=202406
www.newportthisweek.com,May 2024,https://api.gdeltproject.org/api/v2/doc/doc?query=domain:www.newportthisweek.com&mode=artlist&maxrecords=250&format=json&DATE=202405
www.newportthisweek.com,April 2024,https://api.gdeltproject.org/api/v2/doc/doc?query=domain:www.newportthisweek.com&mode=artlist&maxrecords=250&format=json&DATE=202404
pbn.com,March 2025,https://api.gdeltproject.org/api/v2/doc/doc?query=domain:pbn.com&mode=artlist&maxrecords=250&format=json&DATE=202503
pbn.com,February 2025,https://api.gdeltproject.org/api/v2/doc/doc?query=domain:pbn.com&mode=artlist&maxrecords=250&format=json&DATE=202502
pbn.com,January 2025,https://api.gdeltproject.org/api/v2/doc/doc?query=domain:pbn.com&mode=artlist&maxrecords=250&format=json&DATE=202501
pbn.com,December 2024,https://api.gdeltproject.org/api/v2/doc/doc?query=domain:pbn.com&mode=artlist&maxrecords=250&format=json&DATE=202412
pbn.com,November 2024,https://api.gdeltproject.org/api/v2/doc/doc?query=domain:pbn.com&mode=artlist&maxrecords=250&format=json&DATE=202411
pbn.com,October 2024,https://api.gdeltproject.org/api/v2/doc/doc?query=domain:pbn.com&mode=artlist&maxrecords=250&format=json&DATE=202410
pbn.com,September 2024,https://api.gdeltproject.org/api/v2/doc/doc?query=domain:pbn.com&mode=artlist&maxrecords=250&format=json&DATE=202409
pbn.com,August 2024,https://api.gdeltproject.org/api/v2/doc/doc?query=domain:pbn.com&mode=artlist&maxrecords=250&format=json&DATE=202408
pbn.com,July 2024,https://api.gdeltproject.org/api/v2/doc/doc?query=domain:pbn.com&mode=artlist&maxrecords=250&format=json&DATE=202407
pbn.com,June 2024,https://api.gdeltproject.org/api/v2/doc/doc?query=domain:pbn.com&mode=artlist&maxrecords=250&format=json&DATE=202406
pbn.com,May 2024,https://api.gdeltproject.org/api/v2/doc/doc?query=domain:pbn.com&mode=artlist&maxrecords=250&format=json&DATE=202405
pbn.com,April 2024,https://api.gdeltproject.org/api/v2/doc/doc?query=domain:pbn.com&mode=artlist&maxrecords=250&format=json&DATE=202404
www.chronicle-independent.com,March 2025,https://api.gdeltproject.org/api/v2/doc/doc?query=domain:www.chronicle-independent.com&mode=artlist&maxrecords=250&format=json&DATE=202503
www.chronicle-independent.com,February 2025,https://api.gdeltproject.org/api/v2/doc/doc?query=domain:www.chronicle-independent.com&mode=artlist&maxrecords=250&format=json&DATE=202502
www.chronicle-independent.com,January 2025,https://api.gdeltproject.org/api/v2/doc/doc?query=domain:www.chronicle-independent.com&mode=artlist&maxrecords=250&format=json&DATE=202501
www.chronicle-independent.com,December 2024,https://api.gdeltproject.org/api/v2/doc/doc?query=domain:www.chronicle-independent.com&mode=artlist&maxrecords=250&format=json&DATE=202412
www.chronicle-independent.com,November 2024,https://api.gdeltproject.org/api/v2/doc/doc?query=domain:www.chronicle-independent.com&mode=artlist&maxrecords=250&format=json&DATE=202411
www.chronicle-independent.com,October 2024,https://api.gdeltproject.org/api/v2/doc/doc?query=domain:www.chronicle-independent.com&mode=artlist&maxrecords=250&format=json&DATE=202410
www.chronicle-independent.com,September 2024,https://api.gdeltproject.org/api/v2/doc/doc?query=domain:www.chronicle-independent.com&mode=artlist&maxrecords=250&format=json&DATE=202409
www.chronicle-independent.com,August 2024,https://api.gdeltproject.org/api/v2/doc/doc?query=domain:www.chronicle-independent.com&mode=artlist&maxrecords=250&format=json&DATE=202408
www.chronicle-independent.com,July 2024,https://api.gdeltproject.org/api/v2/doc/doc?query=domain:www.chronicle-independent.com&mode=artlist&maxrecords=250&format=json&DATE=202407
www.chronicle-independent.com,June 2024,https://api.gdeltproject.org/api/v2/doc/doc?query=domain:www.chronicle-independent.com&mode=artlist&maxrecords=250&format=json&DATE=202406
www.chronicle-independent.com,May 2024,https://api.gdeltproject.org/api/v2/doc/doc?query=domain:www.chronicle-independent.com&mode=artlist&maxrecords=250&format=json&DATE=202405
www.chronicle-independent.com,April 2024,https://api.gdeltproject.org/api/v2/doc/doc?query=domain:www.chronicle-independent.com&mode=artlist&maxrecords=250&format=json&DATE=202404
www.thecolumbiastar.com,March 2025,https://api.gdeltproject.org/api/v2/doc/doc?query=domain:www.thecolumbiastar.com&mode=artlist&maxrecords=250&format=json&DATE=202503
www.thecolumbiastar.com,February 2025,https://api.gdeltproject.org/api/v2/doc/doc?query=domain:www.thecolumbiastar.com&mode=artlist&maxrecords=250&format=json&DATE=202502
www.thecolumbiastar.com,January 2025,https://api.gdeltproject.org/api/v2/doc/doc?query=domain:www.thecolumbiastar.com&mode=artlist&maxrecords=250&format=json&DATE=202501
www.thecolumbiastar.com,December 2024,https://api.gdeltproject.org/api/v2/doc/doc?query=domain:www.thecolumbiastar.com&mode=artlist&maxrecords=250&format=json&DATE=202412
www.thecolumbiastar.com,November 2024,https://api.gdeltproject.org/api/v2/doc/doc?query=domain:www.thecolumbiastar.com&mode=artlist&maxrecords=250&format=json&DATE=202411
www.thecolumbiastar.com,October 2024,https://api.gdeltproject.org/api/v2/doc/doc?query=domain:www.thecolumbiastar.com&mode=artlist&maxrecords=250&format=json&DATE=202410
www.thecolumbiastar.com,September 2024,https://api.gdeltproject.org/api/v2/doc/doc?query=domain:www.thecolumbiastar.com&mode=artlist&maxrecords=250&format=json&DATE=202409
www.thecolumbiastar.com,August 2024,https://api.gdeltproject.org/api/v2/doc/doc?query=domain:www.thecolumbiastar.com&mode=artlist&maxrecords=250&format=json&DATE=202408
www.thecolumbiastar.com,July 2024,https://api.gdeltproject.org/api/v2/doc/doc?query=domain:www.thecolumbiastar.com&mode=artlist&maxrecords=250&format=json&DATE=202407
www.thecolumbiastar.com,June 2024,https://api.gdeltproject.org/api/v2/doc/doc?query=domain:www.thecolumbiastar.com&mode=artlist&maxrecords=250&format=json&DATE=202406
www.thecolumbiastar.com,May 2024,https://api.gdeltproject.org/api/v2/doc/doc?query=domain:www.thecolumbiastar.com&mode=artlist&maxrecords=250&format=json&DATE=202405
www.thecolumbiastar.com,April 2024,https://api.gdeltproject.org/api/v2/doc/doc?query=domain:www.thecolumbiastar.com&mode=artlist&maxrecords=250&format=json&DATE=202404
www.gaffneyledger.com,March 2025,https://api.gdeltproject.org/api/v2/doc/doc?query=domain:www.gaffneyledger.com&mode=artlist&maxrecords=250&format=json&DATE=202503
www.gaffneyledger.com,February 2025,https://api.gdeltproject.org/api/v2/doc/doc?query=domain:www.gaffneyledger.com&mode=artlist&maxrecords=250&format=json&DATE=202502
www.gaffneyledger.com,January 2025,https://api.gdeltproject.org/api/v2/doc/doc?query=domain:www.gaffneyledger.com&mode=artlist&maxrecords=250&format=json&DATE=202501
www.gaffneyledger.com,December 2024,https://api.gdeltproject.org/api/v2/doc/doc?query=domain:www.gaffneyledger.com&mode=artlist&maxrecords=250&format=json&DATE=202412
www.gaffneyledger.com,November 2024,https://api.gdeltproject.org/api/v2/doc/doc?query=domain:www.gaffneyledger.com&mode=artlist&maxrecords=250&format=json&DATE=202411
www.gaffneyledger.com,October 2024,https://api.gdeltproject.org/api/v2/doc/doc?query=domain:www.gaffneyledger.com&mode=artlist&maxrecords=250&format=json&DATE=202410
www.gaffneyledger.com,September 2024,https://api.gdeltproject.org/api/v2/doc/doc?query=domain:www.gaffneyledger.com&mode=artlist&maxrecords=250&format=json&DATE=202409
www.gaffneyledger.com,August 2024,https://api.gdeltproject.org/api/v2/doc/doc?query=domain:www.gaffneyledger.com&mode=artlist&maxrecords=250&format=json&DATE=202408
www.gaffneyledger.com,July 2024,https://api.gdeltproject.org/api/v2/doc/doc?query=domain:www.gaffneyledger.com&mode=artlist&maxrecords=250&format=json&DATE=202407
www.gaffneyledger.com,June 2024,https://api.gdeltproject.org/api/v2/doc/doc?query=domain:www.gaffneyledger.com&mode=artlist&maxrecords=250&format=json&DATE=202406
www.gaffneyledger.com,May 2024,https://api.gdeltproject.org/api/v2/doc/doc?query=domain:www.gaffneyledger.com&mode=artlist&maxrecords=250&format=json&DATE=202405
www.gaffneyledger.com,April 2024,https://api.gdeltproject.org/api/v2/doc/doc?query=domain:www.gaffneyledger.com&mode=artlist&maxrecords=250&format=json&DATE=202404
www.uniondailytimes.com,March 2025,https://api.gdeltproject.org/api/v2/doc/doc?query=domain:www.uniondailytimes.com&mode=artlist&maxrecords=250&format=json&DATE=202503
www.uniondailytimes.com,February 2025,https://api.gdeltproject.org/api/v2/doc/doc?query=domain:www.uniondailytimes.com&mode=artlist&maxrecords=250&format=json&DATE=202502
www.uniondailytimes.com,January 2025,https://api.gdeltproject.org/api/v2/doc/doc?query=domain:www.uniondailytimes.com&mode=artlist&maxrecords=250&format=json&DATE=202501
www.uniondailytimes.com,December 2024,https://api.gdeltproject.org/api/v2/doc/doc?query=domain:www.uniondailytimes.com&mode=artlist&maxrecords=250&format=json&DATE=202412
www.uniondailytimes.com,November 2024,https://api.gdeltproject.org/api/v2/doc/doc?query=domain:www.uniondailytimes.com&mode=artlist&maxrecords=250&format=json&DATE=202411
www.uniondailytimes.com,October 2024,https://api.gdeltproject.org/api/v2/doc/doc?query=domain:www.uniondailytimes.com&mode=artlist&maxrecords=250&format=json&DATE=202410
www.uniondailytimes.com,September 2024,https://api.gdeltproject.org/api/v2/doc/doc?query=domain:www.uniondailytimes.com&mode=artlist&maxrecords=250&format=json&DATE=202409
www.uniondailytimes.com,August 2024,https://api.gdeltproject.org/api/v2/doc/doc?query=domain:www.uniondailytimes.com&mode=artlist&maxrecords=250&format=json&DATE=202408
www.uniondailytimes.com,July 2024,https://api.gdeltproject.org/api/v2/doc/doc?query=domain:www.uniondailytimes.com&mode=artlist&maxrecords=250&format=json&DATE=202407
www.uniondailytimes.com,June 2024,https://api.gdeltproject.org/api/v2/doc/doc?query=domain:www.uniondailytimes.com&mode=artlist&maxrecords=250&format=json&DATE=202406
www.uniondailytimes.com,May 2024,https://api.gdeltproject.org/api/v2/doc/doc?query=domain:www.uniondailytimes.com&mode=artlist&maxrecords=250&format=json&DATE=202405
www.uniondailytimes.com,April 2024,https://api.gdeltproject.org/api/v2/doc/doc?query=domain:www.uniondailytimes.com&mode=artlist&maxrecords=250&format=json&DATE=202404
www.mitchellrepublic.com,March 2025,https://api.gdeltproject.org/api/v2/doc/doc?query=domain:www.mitchellrepublic.com&mode=artlist&maxrecords=250&format=json&DATE=202503
www.mitchellrepublic.com,February 2025,https://api.gdeltproject.org/api/v2/doc/doc?query=domain:www.mitchellrepublic.com&mode=artlist&maxrecords=250&format=json&DATE=202502
www.mitchellrepublic.com,January 2025,https://api.gdeltproject.org/api/v2/doc/doc?query=domain:www.mitchellrepublic.com&mode=artlist&maxrecords=250&format=json&DATE=202501
www.mitchellrepublic.com,December 2024,https://api.gdeltproject.org/api/v2/doc/doc?query=domain:www.mitchellrepublic.com&mode=artlist&maxrecords=250&format=json&DATE=202412
www.mitchellrepublic.com,November 2024,https://api.gdeltproject.org/api/v2/doc/doc?query=domain:www.mitchellrepublic.com&mode=artlist&maxrecords=250&format=json&DATE=202411
www.mitchellrepublic.com,October 2024,https://api.gdeltproject.org/api/v2/doc/doc?query=domain:www.mitchellrepublic.com&mode=artlist&maxrecords=250&format=json&DATE=202410
www.mitchellrepublic.com,September 2024,https://api.gdeltproject.org/api/v2/doc/doc?query=domain:www.mitchellrepublic.com&mode=artlist&maxrecords=250&format=json&DATE=202409
www.mitchellrepublic.com,August 2024,https://api.gdeltproject.org/api/v2/doc/doc?query=domain:www.mitchellrepublic.com&mode=artlist&maxrecords=250&format=json&DATE=202408
www.mitchellrepublic.com,July 2024,https://api.gdeltproject.org/api/v2/doc/doc?query=domain:www.mitchellrepublic.com&mode=artlist&maxrecords=250&format=json&DATE=202407
www.mitchellrepublic.com,June 2024,https://api.gdeltproject.org/api/v2/doc/doc?query=domain:www.mitchellrepublic.com&mode=artlist&maxrecords=250&format=json&DATE=202406
www.mitchellrepublic.com,May 2024,https://api.gdeltproject.org/api/v2/doc/doc?query=domain:www.mitchellrepublic.com&mode=artlist&maxrecords=250&format=json&DATE=202405
www.mitchellrepublic.com,April 2024,https://api.gdeltproject.org/api/v2/doc/doc?query=domain:www.mitchellrepublic.com&mode=artlist&maxrecords=250&format=json&DATE=202404
www.freemansd.com,March 2025,https://api.gdeltproject.org/api/v2/doc/doc?query=domain:www.freemansd.com&mode=artlist&maxrecords=250&format=json&DATE=202503
www.freemansd.com,February 2025,https://api.gdeltproject.org/api/v2/doc/doc?query=domain:www.freemansd.com&mode=artlist&maxrecords=250&format=json&DATE=202502
www.freemansd.com,January 2025,https://api.gdeltproject.org/api/v2/doc/doc?query=domain:www.freemansd.com&mode=artlist&maxrecords=250&format=json&DATE=202501
www.freemansd.com,December 2024,https://api.gdeltproject.org/api/v2/doc/doc?query=domain:www.freemansd.com&mode=artlist&maxrecords=250&format=json&DATE=202412
www.freemansd.com,November 2024,https://api.gdeltproject.org/api/v2/doc/doc?query=domain:www.freemansd.com&mode=artlist&maxrecords=250&format=json&DATE=202411
www.freemansd.com,October 2024,https://api.gdeltproject.org/api/v2/doc/doc?query=domain:www.freemansd.com&mode=artlist&maxrecords=250&format=json&DATE=202410
www.freemansd.com,September 2024,https://api.gdeltproject.org/api/v2/doc/doc?query=domain:www.freemansd.com&mode=artlist&maxrecords=250&format=json&DATE=202409
www.freemansd.com,August 2024,https://api.gdeltproject.org/api/v2/doc/doc?query=domain:www.freemansd.com&mode=artlist&maxrecords=250&format=json&DATE=202408
www.freemansd.com,July 2024,https://api.gdeltproject.org/api/v2/doc/doc?query=domain:www.freemansd.com&mode=artlist&maxrecords=250&format=json&DATE=202407
www.freemansd.com,June 2024,https://api.gdeltproject.org/api/v2/doc/doc?query=domain:www.freemansd.com&mode=artlist&maxrecords=250&format=json&DATE=202406
www.freemansd.com,May 2024,https://api.gdeltproject.org/api/v2/doc/doc?query=domain:www.freemansd.com&mode=artlist&maxrecords=250&format=json&DATE=202405
www.freemansd.com,April 2024,https://api.gdeltproject.org/api/v2/doc/doc?query=domain:www.freemansd.com&mode=artlist&maxrecords=250&format=json&DATE=202404
www.mobridgetribune.com,March 2025,https://api.gdeltproject.org/api/v2/doc/doc?query=domain:www.mobridgetribune.com&mode=artlist&maxrecords=250&format=json&DATE=202503
www.mobridgetribune.com,February 2025,https://api.gdeltproject.org/api/v2/doc/doc?query=domain:www.mobridgetribune.com&mode=artlist&maxrecords=250&format=json&DATE=202502
www.mobridgetribune.com,January 2025,https://api.gdeltproject.org/api/v2/doc/doc?query=domain:www.mobridgetribune.com&mode=artlist&maxrecords=250&format=json&DATE=202501
www.mobridgetribune.com,December 2024,https://api.gdeltproject.org/api/v2/doc/doc?query=domain:www.mobridgetribune.com&mode=artlist&maxrecords=250&format=json&DATE=202412
www.mobridgetribune.com,November 2024,https://api.gdeltproject.org/api/v2/doc/doc?query=domain:www.mobridgetribune.com&mode=artlist&maxrecords=250&format=json&DATE=202411
www.mobridgetribune.com,October 2024,https://api.gdeltproject.org/api/v2/doc/doc?query=domain:www.mobridgetribune.com&mode=artlist&maxrecords=250&format=json&DATE=202410
www.mobridgetribune.com,September 2024,https://api.gdeltproject.org/api/v2/doc/doc?query=domain:www.mobridgetribune.com&mode=artlist&maxrecords=250&format=json&DATE=202409
www.mobridgetribune.com,August 2024,https://api.gdeltproject.org/api/v2/doc/doc?query=domain:www.mobridgetribune.com&mode=artlist&maxrecords=250&format=json&DATE=202408
www.mobridgetribune.com,July 2024,https://api.gdeltproject.org/api/v2/doc/doc?query=domain:www.mobridgetribune.com&mode=artlist&maxrecords=250&format=json&DATE=202407
www.mobridgetribune.com,June 2024,https://api.gdeltproject.org/api/v2/doc/doc?query=domain:www.mobridgetribune.com&mode=artlist&maxrecords=250&format=json&DATE=202406
www.mobridgetribune.com,May 2024,https://api.gdeltproject.org/api/v2/doc/doc?query=domain:www.mobridgetribune.com&mode=artlist&maxrecords=250&format=json&DATE=202405
www.mobridgetribune.com,April 2024,https://api.gdeltproject.org/api/v2/doc/doc?query=domain:www.mobridgetribune.com&mode=artlist&maxrecords=250&format=json&DATE=202404
rapidcityjournal.com,March 2025,https://api.gdeltproject.org/api/v2/doc/doc?query=domain:rapidcityjournal.com&mode=artlist&maxrecords=250&format=json&DATE=202503
rapidcityjournal.com,February 2025,https://api.gdeltproject.org/api/v2/doc/doc?query=domain:rapidcityjournal.com&mode=artlist&maxrecords=250&format=json&DATE=202502
rapidcityjournal.com,January 2025,https://api.gdeltproject.org/api/v2/doc/doc?query=domain:rapidcityjournal.com&mode=artlist&maxrecords=250&format=json&DATE=202501
rapidcityjournal.com,December 2024,https://api.gdeltproject.org/api/v2/doc/doc?query=domain:rapidcityjournal.com&mode=artlist&maxrecords=250&format=json&DATE=202412
rapidcityjournal.com,November 2024,https://api.gdeltproject.org/api/v2/doc/doc?query=domain:rapidcityjournal.com&mode=artlist&maxrecords=250&format=json&DATE=202411
rapidcityjournal.com,October 2024,https://api.gdeltproject.org/api/v2/doc/doc?query=domain:rapidcityjournal.com&mode=artlist&maxrecords=250&format=json&DATE=202410
rapidcityjournal.com,September 2024,https://api.gdeltproject.org/api/v2/doc/doc?query=domain:rapidcityjournal.com&mode=artlist&maxrecords=250&format=json&DATE=202409
rapidcityjournal.com,August 2024,https://api.gdeltproject.org/api/v2/doc/doc?query=domain:rapidcityjournal.com&mode=artlist&maxrecords=250&format=json&DATE=202408
rapidcityjournal.com,July 2024,https://api.gdeltproject.org/api/v2/doc/doc?query=domain:rapidcityjournal.com&mode=artlist&maxrecords=250&format=json&DATE=202407
rapidcityjournal.com,June 2024,https://api.gdeltproject.org/api/v2/doc/doc?query=domain:rapidcityjournal.com&mode=artlist&maxrecords=250&format=json&DATE=202406
rapidcityjournal.com,May 2024,https://api.gdeltproject.org/api/v2/doc/doc?query=domain:rapidcityjournal.com&mode=artlist&maxrecords=250&format=json&DATE=202405
rapidcityjournal.com,April 2024,https://api.gdeltproject.org/api/v2/doc/doc?query=domain:rapidcityjournal.com&mode=artlist&maxrecords=250&format=json&DATE=202404
www.smithvillereview.com,March 2025,https://api.gdeltproject.org/api/v2/doc/doc?query=domain:www.smithvillereview.com&mode=artlist&maxrecords=250&format=json&DATE=202503
www.smithvillereview.com,February 2025,https://api.gdeltproject.org/api/v2/doc/doc?query=domain:www.smithvillereview.com&mode=artlist&maxrecords=250&format=json&DATE=202502
www.smithvillereview.com,January 2025,https://api.gdeltproject.org/api/v2/doc/doc?query=domain:www.smithvillereview.com&mode=artlist&maxrecords=250&format=json&DATE=202501
www.smithvillereview.com,December 2024,https://api.gdeltproject.org/api/v2/doc/doc?query=domain:www.smithvillereview.com&mode=artlist&maxrecords=250&format=json&DATE=202412
www.smithvillereview.com,November 2024,https://api.gdeltproject.org/api/v2/doc/doc?query=domain:www.smithvillereview.com&mode=artlist&maxrecords=250&format=json&DATE=202411
www.smithvillereview.com,October 2024,https://api.gdeltproject.org/api/v2/doc/doc?query=domain:www.smithvillereview.com&mode=artlist&maxrecords=250&format=json&DATE=202410
www.smithvillereview.com,September 2024,https://api.gdeltproject.org/api/v2/doc/doc?query=domain:www.smithvillereview.com&mode=artlist&maxrecords=250&format=json&DATE=202409
www.smithvillereview.com,August 2024,https://api.gdeltproject.org/api/v2/doc/doc?query=domain:www.smithvillereview.com&mode=artlist&maxrecords=250&format=json&DATE=202408
www.smithvillereview.com,July 2024,https://api.gdeltproject.org/api/v2/doc/doc?query=domain:www.smithvillereview.com&mode=artlist&maxrecords=250&format=json&DATE=202407
www.smithvillereview.com,June 2024,https://api.gdeltproject.org/api/v2/doc/doc?query=domain:www.smithvillereview.com&mode=artlist&maxrecords=250&format=json&DATE=202406
www.smithvillereview.com,May 2024,https://api.gdeltproject.org/api/v2/doc/doc?query=domain:www.smithvillereview.com&mode=artlist&maxrecords=250&format=json&DATE=202405
www.smithvillereview.com,April 2024,https://api.gdeltproject.org/api/v2/doc/doc?query=domain:www.smithvillereview.com&mode=artlist&maxrecords=250&format=json&DATE=202404
www.southernstandard.com,March 2025,https://api.gdeltproject.org/api/v2/doc/doc?query=domain:www.southernstandard.com&mode=artlist&maxrecords=250&format=json&DATE=202503
www.southernstandard.com,February 2025,https://api.gdeltproject.org/api/v2/doc/doc?query=domain:www.southernstandard.com&mode=artlist&maxrecords=250&format=json&DATE=202502
www.southernstandard.com,January 2025,https://api.gdeltproject.org/api/v2/doc/doc?query=domain:www.southernstandard.com&mode=artlist&maxrecords=250&format=json&DATE=202501
www.southernstandard.com,December 2024,https://api.gdeltproject.org/api/v2/doc/doc?query=domain:www.southernstandard.com&mode=artlist&maxrecords=250&format=json&DATE=202412
www.southernstandard.com,November 2024,https://api.gdeltproject.org/api/v2/doc/doc?query=domain:www.southernstandard.com&mode=artlist&maxrecords=250&format=json&DATE=202411
www.southernstandard.com,October 2024,https://api.gdeltproject.org/api/v2/doc/doc?query=domain:www.southernstandard.com&mode=artlist&maxrecords=250&format=json&DATE=202410
www.southernstandard.com,September 2024,https://api.gdeltproject.org/api/v2/doc/doc?query=domain:www.southernstandard.com&mode=artlist&maxrecords=250&format=json&DATE=202409
www.southernstandard.com,August 2024,https://api.gdeltproject.org/api/v2/doc/doc?query=domain:www.southernstandard.com&mode=artlist&maxrecords=250&format=json&DATE=202408
www.southernstandard.com,July 2024,https://api.gdeltproject.org/api/v2/doc/doc?query=domain:www.southernstandard.com&mode=artlist&maxrecords=250&format=json&DATE=202407
www.southernstandard.com,June 2024,https://api.gdeltproject.org/api/v2/doc/doc?query=domain:www.southernstandard.com&mode=artlist&maxrecords=250&format=json&DATE=202406
www.southernstandard.com,May 2024,https://api.gdeltproject.org/api/v2/doc/doc?query=domain:www.southernstandard.com&mode=artlist&maxrecords=250&format=json&DATE=202405
www.southernstandard.com,April 2024,https://api.gdeltproject.org/api/v2/doc/doc?query=domain:www.southernstandard.com&mode=artlist&maxrecords=250&format=json&DATE=202404
www.thetomahawk.com,March 2025,https://api.gdeltproject.org/api/v2/doc/doc?query=domain:www.thetomahawk.com&mode=artlist&maxrecords=250&format=json&DATE=202503
www.thetomahawk.com,February 2025,https://api.gdeltproject.org/api/v2/doc/doc?query=domain:www.thetomahawk.com&mode=artlist&maxrecords=250&format=json&DATE=202502
www.thetomahawk.com,January 2025,https://api.gdeltproject.org/api/v2/doc/doc?query=domain:www.thetomahawk.com&mode=artlist&maxrecords=250&format=json&DATE=202501
www.thetomahawk.com,December 2024,https://api.gdeltproject.org/api/v2/doc/doc?query=domain:www.thetomahawk.com&mode=artlist&maxrecords=250&format=json&DATE=202412
www.thetomahawk.com,November 2024,https://api.gdeltproject.org/api/v2/doc/doc?query=domain:www.thetomahawk.com&mode=artlist&maxrecords=250&format=json&DATE=202411
www.thetomahawk.com,October 2024,https://api.gdeltproject.org/api/v2/doc/doc?query=domain:www.thetomahawk.com&mode=artlist&maxrecords=250&format=json&DATE=202410
www.thetomahawk.com,September 2024,https://api.gdeltproject.org/api/v2/doc/doc?query=domain:www.thetomahawk.com&mode=artlist&maxrecords=250&format=json&DATE=202409
www.thetomahawk.com,August 2024,https://api.gdeltproject.org/api/v2/doc/doc?query=domain:www.thetomahawk.com&mode=artlist&maxrecords=250&format=json&DATE=202408
www.thetomahawk.com,July 2024,https://api.gdeltproject.org/api/v2/doc/doc?query=domain:www.thetomahawk.com&mode=artlist&maxrecords=250&format=json&DATE=202407
www.thetomahawk.com,June 2024,https://api.gdeltproject.org/api/v2/doc/doc?query=domain:www.thetomahawk.com&mode=artlist&maxrecords=250&format=json&DATE=202406
www.thetomahawk.com,May 2024,https://api.gdeltproject.org/api/v2/doc/doc?query=domain:www.thetomahawk.com&mode=artlist&maxrecords=250&format=json&DATE=202405
www.thetomahawk.com,April 2024,https://api.gdeltproject.org/api/v2/doc/doc?query=domain:www.thetomahawk.com&mode=artlist&maxrecords=250&format=json&DATE=202404
www.fwweekly.com,March 2025,https://api.gdeltproject.org/api/v2/doc/doc?query=domain:www.fwweekly.com&mode=artlist&maxrecords=250&format=json&DATE=202503
www.fwweekly.com,February 2025,https://api.gdeltproject.org/api/v2/doc/doc?query=domain:www.fwweekly.com&mode=artlist&maxrecords=250&format=json&DATE=202502
www.fwweekly.com,January 2025,https://api.gdeltproject.org/api/v2/doc/doc?query=domain:www.fwweekly.com&mode=artlist&maxrecords=250&format=json&DATE=202501
www.fwweekly.com,December 2024,https://api.gdeltproject.org/api/v2/doc/doc?query=domain:www.fwweekly.com&mode=artlist&maxrecords=250&format=json&DATE=202412
www.fwweekly.com,November 2024,https://api.gdeltproject.org/api/v2/doc/doc?query=domain:www.fwweekly.com&mode=artlist&maxrecords=250&format=json&DATE=202411
www.fwweekly.com,October 2024,https://api.gdeltproject.org/api/v2/doc/doc?query=domain:www.fwweekly.com&mode=artlist&maxrecords=250&format=json&DATE=202410
www.fwweekly.com,September 2024,https://api.gdeltproject.org/api/v2/doc/doc?query=domain:www.fwweekly.com&mode=artlist&maxrecords=250&format=json&DATE=202409
www.fwweekly.com,August 2024,https://api.gdeltproject.org/api/v2/doc/doc?query=domain:www.fwweekly.com&mode=artlist&maxrecords=250&format=json&DATE=202408
www.fwweekly.com,July 2024,https://api.gdeltproject.org/api/v2/doc/doc?query=domain:www.fwweekly.com&mode=artlist&maxrecords=250&format=json&DATE=202407
www.fwweekly.com,June 2024,https://api.gdeltproject.org/api/v2/doc/doc?query=domain:www.fwweekly.com&mode=artlist&maxrecords=250&format=json&DATE=202406
www.fwweekly.com,May 2024,https://api.gdeltproject.org/api/v2/doc/doc?query=domain:www.fwweekly.com&mode=artlist&maxrecords=250&format=json&DATE=202405
www.fwweekly.com,April 2024,https://api.gdeltproject.org/api/v2/doc/doc?query=domain:www.fwweekly.com&mode=artlist&maxrecords=250&format=json&DATE=202404
www.post-register.com,March 2025,https://api.gdeltproject.org/api/v2/doc/doc?query=domain:www.post-register.com&mode=artlist&maxrecords=250&format=json&DATE=202503
www.post-register.com,February 2025,https://api.gdeltproject.org/api/v2/doc/doc?query=domain:www.post-register.com&mode=artlist&maxrecords=250&format=json&DATE=202502
www.post-register.com,January 2025,https://api.gdeltproject.org/api/v2/doc/doc?query=domain:www.post-register.com&mode=artlist&maxrecords=250&format=json&DATE=202501
www.post-register.com,December 2024,https://api.gdeltproject.org/api/v2/doc/doc?query=domain:www.post-register.com&mode=artlist&maxrecords=250&format=json&DATE=202412
www.post-register.com,November 2024,https://api.gdeltproject.org/api/v2/doc/doc?query=domain:www.post-register.com&mode=artlist&maxrecords=250&format=json&DATE=202411
www.post-register.com,October 2024,https://api.gdeltproject.org/api/v2/doc/doc?query=domain:www.post-register.com&mode=artlist&maxrecords=250&format=json&DATE=202410
www.post-register.com,September 2024,https://api.gdeltproject.org/api/v2/doc/doc?query=domain:www.post-register.com&mode=artlist&maxrecords=250&format=json&DATE=202409
www.post-register.com,August 2024,https://api.gdeltproject.org/api/v2/doc/doc?query=domain:www.post-register.com&mode=artlist&maxrecords=250&format=json&DATE=202408
www.post-register.com,July 2024,https://api.gdeltproject.org/api/v2/doc/doc?query=domain:www.post-register.com&mode=artlist&maxrecords=250&format=json&DATE=202407
www.post-register.com,June 2024,https://api.gdeltproject.org/api/v2/doc/doc?query=domain:www.post-register.com&mode=artlist&maxrecords=250&format=json&DATE=202406
www.post-register.com,May 2024,https://api.gdeltproject.org/api/v2/doc/doc?query=domain:www.post-register.com&mode=artlist&maxrecords=250&format=json&DATE=202405
www.post-register.com,April 2024,https://api.gdeltproject.org/api/v2/doc/doc?query=domain:www.post-register.com&mode=artlist&maxrecords=250&format=json&DATE=202404
www.themonitor.com,March 2025,https://api.gdeltproject.org/api/v2/doc/doc?query=domain:www.themonitor.com&mode=artlist&maxrecords=250&format=json&DATE=202503
www.themonitor.com,February 2025,https://api.gdeltproject.org/api/v2/doc/doc?query=domain:www.themonitor.com&mode=artlist&maxrecords=250&format=json&DATE=202502
www.themonitor.com,January 2025,https://api.gdeltproject.org/api/v2/doc/doc?query=domain:www.themonitor.com&mode=artlist&maxrecords=250&format=json&DATE=202501
www.themonitor.com,December 2024,https://api.gdeltproject.org/api/v2/doc/doc?query=domain:www.themonitor.com&mode=artlist&maxrecords=250&format=json&DATE=202412
www.themonitor.com,November 2024,https://api.gdeltproject.org/api/v2/doc/doc?query=domain:www.themonitor.com&mode=artlist&maxrecords=250&format=json&DATE=202411
www.themonitor.com,October 2024,https://api.gdeltproject.org/api/v2/doc/doc?query=domain:www.themonitor.com&mode=artlist&maxrecords=250&format=json&DATE=202410
www.themonitor.com,September 2024,https://api.gdeltproject.org/api/v2/doc/doc?query=domain:www.themonitor.com&mode=artlist&maxrecords=250&format=json&DATE=202409
www.themonitor.com,August 2024,https://api.gdeltproject.org/api/v2/doc/doc?query=domain:www.themonitor.com&mode=artlist&maxrecords=250&format=json&DATE=202408
www.themonitor.com,July 2024,https://api.gdeltproject.org/api/v2/doc/doc?query=domain:www.themonitor.com&mode=artlist&maxrecords=250&format=json&DATE=202407
www.themonitor.com,June 2024,https://api.gdeltproject.org/api/v2/doc/doc?query=domain:www.themonitor.com&mode=artlist&maxrecords=250&format=json&DATE=202406
www.themonitor.com,May 2024,https://api.gdeltproject.org/api/v2/doc/doc?query=domain:www.themonitor.com&mode=artlist&maxrecords=250&format=json&DATE=202405
www.themonitor.com,April 2024,https://api.gdeltproject.org/api/v2/doc/doc?query=domain:www.themonitor.com&mode=artlist&maxrecords=250&format=json&DATE=202404
www.themonitor.net,March 2025,https://api.gdeltproject.org/api/v2/doc/doc?query=domain:www.themonitor.net&mode=artlist&maxrecords=250&format=json&DATE=202503
www.themonitor.net,February 2025,https://api.gdeltproject.org/api/v2/doc/doc?query=domain:www.themonitor.net&mode=artlist&maxrecords=250&format=json&DATE=202502
www.themonitor.net,January 2025,https://api.gdeltproject.org/api/v2/doc/doc?query=domain:www.themonitor.net&mode=artlist&maxrecords=250&format=json&DATE=202501
www.themonitor.net,December 2024,https://api.gdeltproject.org/api/v2/doc/doc?query=domain:www.themonitor.net&mode=artlist&maxrecords=250&format=json&DATE=202412
www.themonitor.net,November 2024,https://api.gdeltproject.org/api/v2/doc/doc?query=domain:www.themonitor.net&mode=artlist&maxrecords=250&format=json&DATE=202411
www.themonitor.net,October 2024,https://api.gdeltproject.org/api/v2/doc/doc?query=domain:www.themonitor.net&mode=artlist&maxrecords=250&format=json&DATE=202410
www.themonitor.net,September 2024,https://api.gdeltproject.org/api/v2/doc/doc?query=domain:www.themonitor.net&mode=artlist&maxrecords=250&format=json&DATE=202409
www.themonitor.net,August 2024,https://api.gdeltproject.org/api/v2/doc/doc?query=domain:www.themonitor.net&mode=artlist&maxrecords=250&format=json&DATE=202408
www.themonitor.net,July 2024,https://api.gdeltproject.org/api/v2/doc/doc?query=domain:www.themonitor.net&mode=artlist&maxrecords=250&format=json&DATE=202407
www.themonitor.net,June 2024,https://api.gdeltproject.org/api/v2/doc/doc?query=domain:www.themonitor.net&mode=artlist&maxrecords=250&format=json&DATE=202406
www.themonitor.net,May 2024,https://api.gdeltproject.org/api/v2/doc/doc?query=domain:www.themonitor.net&mode=artlist&maxrecords=250&format=json&DATE=202405
www.themonitor.net,April 2024,https://api.gdeltproject.org/api/v2/doc/doc?query=domain:www.themonitor.net&mode=artlist&maxrecords=250&format=json&DATE=202404
www.orangeleader.com,March 2025,https://api.gdeltproject.org/api/v2/doc/doc?query=domain:www.orangeleader.com&mode=artlist&maxrecords=250&format=json&DATE=202503
www.orangeleader.com,February 2025,https://api.gdeltproject.org/api/v2/doc/doc?query=domain:www.orangeleader.com&mode=artlist&maxrecords=250&format=json&DATE=202502
www.orangeleader.com,January 2025,https://api.gdeltproject.org/api/v2/doc/doc?query=domain:www.orangeleader.com&mode=artlist&maxrecords=250&format=json&DATE=202501
www.orangeleader.com,December 2024,https://api.gdeltproject.org/api/v2/doc/doc?query=domain:www.orangeleader.com&mode=artlist&maxrecords=250&format=json&DATE=202412
www.orangeleader.com,November 2024,https://api.gdeltproject.org/api/v2/doc/doc?query=domain:www.orangeleader.com&mode=artlist&maxrecords=250&format=json&DATE=202411
www.orangeleader.com,October 2024,https://api.gdeltproject.org/api/v2/doc/doc?query=domain:www.orangeleader.com&mode=artlist&maxrecords=250&format=json&DATE=202410
www.orangeleader.com,September 2024,https://api.gdeltproject.org/api/v2/doc/doc?query=domain:www.orangeleader.com&mode=artlist&maxrecords=250&format=json&DATE=202409
www.orangeleader.com,August 2024,https://api.gdeltproject.org/api/v2/doc/doc?query=domain:www.orangeleader.com&mode=artlist&maxrecords=250&format=json&DATE=202408
www.orangeleader.com,July 2024,https://api.gdeltproject.org/api/v2/doc/doc?query=domain:www.orangeleader.com&mode=artlist&maxrecords=250&format=json&DATE=202407
www.orangeleader.com,June 2024,https://api.gdeltproject.org/api/v2/doc/doc?query=domain:www.orangeleader.com&mode=artlist&maxrecords=250&format=json&DATE=202406
www.orangeleader.com,May 2024,https://api.gdeltproject.org/api/v2/doc/doc?query=domain:www.orangeleader.com&mode=artlist&maxrecords=250&format=json&DATE=202405
www.orangeleader.com,April 2024,https://api.gdeltproject.org/api/v2/doc/doc?query=domain:www.orangeleader.com&mode=artlist&maxrecords=250&format=json&DATE=202404
www.pleasantonexpress.com,March 2025,https://api.gdeltproject.org/api/v2/doc/doc?query=domain:www.pleasantonexpress.com&mode=artlist&maxrecords=250&format=json&DATE=202503
www.pleasantonexpress.com,February 2025,https://api.gdeltproject.org/api/v2/doc/doc?query=domain:www.pleasantonexpress.com&mode=artlist&maxrecords=250&format=json&DATE=202502
www.pleasantonexpress.com,January 2025,https://api.gdeltproject.org/api/v2/doc/doc?query=domain:www.pleasantonexpress.com&mode=artlist&maxrecords=250&format=json&DATE=202501
www.pleasantonexpress.com,December 2024,https://api.gdeltproject.org/api/v2/doc/doc?query=domain:www.pleasantonexpress.com&mode=artlist&maxrecords=250&format=json&DATE=202412
www.pleasantonexpress.com,November 2024,https://api.gdeltproject.org/api/v2/doc/doc?query=domain:www.pleasantonexpress.com&mode=artlist&maxrecords=250&format=json&DATE=202411
www.pleasantonexpress.com,October 2024,https://api.gdeltproject.org/api/v2/doc/doc?query=domain:www.pleasantonexpress.com&mode=artlist&maxrecords=250&format=json&DATE=202410
www.pleasantonexpress.com,September 2024,https://api.gdeltproject.org/api/v2/doc/doc?query=domain:www.pleasantonexpress.com&mode=artlist&maxrecords=250&format=json&DATE=202409
www.pleasantonexpress.com,August 2024,https://api.gdeltproject.org/api/v2/doc/doc?query=domain:www.pleasantonexpress.com&mode=artlist&maxrecords=250&format=json&DATE=202408
www.pleasantonexpress.com,July 2024,https://api.gdeltproject.org/api/v2/doc/doc?query=domain:www.pleasantonexpress.com&mode=artlist&maxrecords=250&format=json&DATE=202407
www.pleasantonexpress.com,June 2024,https://api.gdeltproject.org/api/v2/doc/doc?query=domain:www.pleasantonexpress.com&mode=artlist&maxrecords=250&format=json&DATE=202406
www.pleasantonexpress.com,May 2024,https://api.gdeltproject.org/api/v2/doc/doc?query=domain:www.pleasantonexpress.com&mode=artlist&maxrecords=250&format=json&DATE=202405
www.pleasantonexpress.com,April 2024,https://api.gdeltproject.org/api/v2/doc/doc?query=domain:www.pleasantonexpress.com&mode=artlist&maxrecords=250&format=json&DATE=202404
www.panews.com,March 2025,https://api.gdeltproject.org/api/v2/doc/doc?query=domain:www.panews.com&mode=artlist&maxrecords=250&format=json&DATE=202503
www.panews.com,February 2025,https://api.gdeltproject.org/api/v2/doc/doc?query=domain:www.panews.com&mode=artlist&maxrecords=250&format=json&DATE=202502
www.panews.com,January 2025,https://api.gdeltproject.org/api/v2/doc/doc?query=domain:www.panews.com&mode=artlist&maxrecords=250&format=json&DATE=202501
www.panews.com,December 2024,https://api.gdeltproject.org/api/v2/doc/doc?query=domain:www.panews.com&mode=artlist&maxrecords=250&format=json&DATE=202412
www.panews.com,November 2024,https://api.gdeltproject.org/api/v2/doc/doc?query=domain:www.panews.com&mode=artlist&maxrecords=250&format=json&DATE=202411
www.panews.com,October 2024,https://api.gdeltproject.org/api/v2/doc/doc?query=domain:www.panews.com&mode=artlist&maxrecords=250&format=json&DATE=202410
www.panews.com,September 2024,https://api.gdeltproject.org/api/v2/doc/doc?query=domain:www.panews.com&mode=artlist&maxrecords=250&format=json&DATE=202409
www.panews.com,August 2024,https://api.gdeltproject.org/api/v2/doc/doc?query=domain:www.panews.com&mode=artlist&maxrecords=250&format=json&DATE=202408
www.panews.com,July 2024,https://api.gdeltproject.org/api/v2/doc/doc?query=domain:www.panews.com&mode=artlist&maxrecords=250&format=json&DATE=202407
www.panews.com,June 2024,https://api.gdeltproject.org/api/v2/doc/doc?query=domain:www.panews.com&mode=artlist&maxrecords=250&format=json&DATE=202406
www.panews.com,May 2024,https://api.gdeltproject.org/api/v2/doc/doc?query=domain:www.panews.com&mode=artlist&maxrecords=250&format=json&DATE=202405
www.panews.com,April 2024,https://api.gdeltproject.org/api/v2/doc/doc?query=domain:www.panews.com&mode=artlist&maxrecords=250&format=json&DATE=202404
www.sanmarcosrecord.com,March 2025,https://api.gdeltproject.org/api/v2/doc/doc?query=domain:www.sanmarcosrecord.com&mode=artlist&maxrecords=250&format=json&DATE=202503
www.sanmarcosrecord.com,February 2025,https://api.gdeltproject.org/api/v2/doc/doc?query=domain:www.sanmarcosrecord.com&mode=artlist&maxrecords=250&format=json&DATE=202502
www.sanmarcosrecord.com,January 2025,https://api.gdeltproject.org/api/v2/doc/doc?query=domain:www.sanmarcosrecord.com&mode=artlist&maxrecords=250&format=json&DATE=202501
www.sanmarcosrecord.com,December 2024,https://api.gdeltproject.org/api/v2/doc/doc?query=domain:www.sanmarcosrecord.com&mode=artlist&maxrecords=250&format=json&DATE=202412
www.sanmarcosrecord.com,November 2024,https://api.gdeltproject.org/api/v2/doc/doc?query=domain:www.sanmarcosrecord.com&mode=artlist&maxrecords=250&format=json&DATE=202411
www.sanmarcosrecord.com,October 2024,https://api.gdeltproject.org/api/v2/doc/doc?query=domain:www.sanmarcosrecord.com&mode=artlist&maxrecords=250&format=json&DATE=202410
www.sanmarcosrecord.com,September 2024,https://api.gdeltproject.org/api/v2/doc/doc?query=domain:www.sanmarcosrecord.com&mode=artlist&maxrecords=250&format=json&DATE=202409
www.sanmarcosrecord.com,August 2024,https://api.gdeltproject.org/api/v2/doc/doc?query=domain:www.sanmarcosrecord.com&mode=artlist&maxrecords=250&format=json&DATE=202408
www.sanmarcosrecord.com,July 2024,https://api.gdeltproject.org/api/v2/doc/doc?query=domain:www.sanmarcosrecord.com&mode=artlist&maxrecords=250&format=json&DATE=202407
www.sanmarcosrecord.com,June 2024,https://api.gdeltproject.org/api/v2/doc/doc?query=domain:www.sanmarcosrecord.com&mode=artlist&maxrecords=250&format=json&DATE=202406
www.sanmarcosrecord.com,May 2024,https://api.gdeltproject.org/api/v2/doc/doc?query=domain:www.sanmarcosrecord.com&mode=artlist&maxrecords=250&format=json&DATE=202405
www.sanmarcosrecord.com,April 2024,https://api.gdeltproject.org/api/v2/doc/doc?query=domain:www.sanmarcosrecord.com&mode=artlist&maxrecords=250&format=json&DATE=202404
uvaldeleadernews.com,March 2025,https://api.gdeltproject.org/api/v2/doc/doc?query=domain:uvaldeleadernews.com&mode=artlist&maxrecords=250&format=json&DATE=202503
uvaldeleadernews.com,February 2025,https://api.gdeltproject.org/api/v2/doc/doc?query=domain:uvaldeleadernews.com&mode=artlist&maxrecords=250&format=json&DATE=202502
uvaldeleadernews.com,January 2025,https://api.gdeltproject.org/api/v2/doc/doc?query=domain:uvaldeleadernews.com&mode=artlist&maxrecords=250&format=json&DATE=202501
uvaldeleadernews.com,December 2024,https://api.gdeltproject.org/api/v2/doc/doc?query=domain:uvaldeleadernews.com&mode=artlist&maxrecords=250&format=json&DATE=202412
uvaldeleadernews.com,November 2024,https://api.gdeltproject.org/api/v2/doc/doc?query=domain:uvaldeleadernews.com&mode=artlist&maxrecords=250&format=json&DATE=202411
uvaldeleadernews.com,October 2024,https://api.gdeltproject.org/api/v2/doc/doc?query=domain:uvaldeleadernews.com&mode=artlist&maxrecords=250&format=json&DATE=202410
uvaldeleadernews.com,September 2024,https://api.gdeltproject.org/api/v2/doc/doc?query=domain:uvaldeleadernews.com&mode=artlist&maxrecords=250&format=json&DATE=202409
uvaldeleadernews.com,August 2024,https://api.gdeltproject.org/api/v2/doc/doc?query=domain:uvaldeleadernews.com&mode=artlist&maxrecords=250&format=json&DATE=202408
uvaldeleadernews.com,July 2024,https://api.gdeltproject.org/api/v2/doc/doc?query=domain:uvaldeleadernews.com&mode=artlist&maxrecords=250&format=json&DATE=202407
uvaldeleadernews.com,June 2024,https://api.gdeltproject.org/api/v2/doc/doc?query=domain:uvaldeleadernews.com&mode=artlist&maxrecords=250&format=json&DATE=202406
uvaldeleadernews.com,May 2024,https://api.gdeltproject.org/api/v2/doc/doc?query=domain:uvaldeleadernews.com&mode=artlist&maxrecords=250&format=json&DATE=202405
uvaldeleadernews.com,April 2024,https://api.gdeltproject.org/api/v2/doc/doc?query=domain:uvaldeleadernews.com&mode=artlist&maxrecords=250&format=json&DATE=202404
www.valleymorningstar.com,March 2025,https://api.gdeltproject.org/api/v2/doc/doc?query=domain:www.valleymorningstar.com&mode=artlist&maxrecords=250&format=json&DATE=202503
www.valleymorningstar.com,February 2025,https://api.gdeltproject.org/api/v2/doc/doc?query=domain:www.valleymorningstar.com&mode=artlist&maxrecords=250&format=json&DATE=202502
www.valleymorningstar.com,January 2025,https://api.gdeltproject.org/api/v2/doc/doc?query=domain:www.valleymorningstar.com&mode=artlist&maxrecords=250&format=json&DATE=202501
www.valleymorningstar.com,December 2024,https://api.gdeltproject.org/api/v2/doc/doc?query=domain:www.valleymorningstar.com&mode=artlist&maxrecords=250&format=json&DATE=202412
www.valleymorningstar.com,November 2024,https://api.gdeltproject.org/api/v2/doc/doc?query=domain:www.valleymorningstar.com&mode=artlist&maxrecords=250&format=json&DATE=202411
www.valleymorningstar.com,October 2024,https://api.gdeltproject.org/api/v2/doc/doc?query=domain:www.valleymorningstar.com&mode=artlist&maxrecords=250&format=json&DATE=202410
www.valleymorningstar.com,September 2024,https://api.gdeltproject.org/api/v2/doc/doc?query=domain:www.valleymorningstar.com&mode=artlist&maxrecords=250&format=json&DATE=202409
www.valleymorningstar.com,August 2024,https://api.gdeltproject.org/api/v2/doc/doc?query=domain:www.valleymorningstar.com&mode=artlist&maxrecords=250&format=json&DATE=202408
www.valleymorningstar.com,July 2024,https://api.gdeltproject.org/api/v2/doc/doc?query=domain:www.valleymorningstar.com&mode=artlist&maxrecords=250&format=json&DATE=202407
www.valleymorningstar.com,June 2024,https://api.gdeltproject.org/api/v2/doc/doc?query=domain:www.valleymorningstar.com&mode=artlist&maxrecords=250&format=json&DATE=202406
www.valleymorningstar.com,May 2024,https://api.gdeltproject.org/api/v2/doc/doc?query=domain:www.valleymorningstar.com&mode=artlist&maxrecords=250&format=json&DATE=202405
www.valleymorningstar.com,April 2024,https://api.gdeltproject.org/api/v2/doc/doc?query=domain:www.valleymorningstar.com&mode=artlist&maxrecords=250&format=json&DATE=202404
www.wilsoncountynews.com,March 2025,https://api.gdeltproject.org/api/v2/doc/doc?query=domain:www.wilsoncountynews.com&mode=artlist&maxrecords=250&format=json&DATE=202503
www.wilsoncountynews.com,February 2025,https://api.gdeltproject.org/api/v2/doc/doc?query=domain:www.wilsoncountynews.com&mode=artlist&maxrecords=250&format=json&DATE=202502
www.wilsoncountynews.com,January 2025,https://api.gdeltproject.org/api/v2/doc/doc?query=domain:www.wilsoncountynews.com&mode=artlist&maxrecords=250&format=json&DATE=202501
www.wilsoncountynews.com,December 2024,https://api.gdeltproject.org/api/v2/doc/doc?query=domain:www.wilsoncountynews.com&mode=artlist&maxrecords=250&format=json&DATE=202412
www.wilsoncountynews.com,November 2024,https://api.gdeltproject.org/api/v2/doc/doc?query=domain:www.wilsoncountynews.com&mode=artlist&maxrecords=250&format=json&DATE=202411
www.wilsoncountynews.com,October 2024,https://api.gdeltproject.org/api/v2/doc/doc?query=domain:www.wilsoncountynews.com&mode=artlist&maxrecords=250&format=json&DATE=202410
www.wilsoncountynews.com,September 2024,https://api.gdeltproject.org/api/v2/doc/doc?query=domain:www.wilsoncountynews.com&mode=artlist&maxrecords=250&format=json&DATE=202409
www.wilsoncountynews.com,August 2024,https://api.gdeltproject.org/api/v2/doc/doc?query=domain:www.wilsoncountynews.com&mode=artlist&maxrecords=250&format=json&DATE=202408
www.wilsoncountynews.com,July 2024,https://api.gdeltproject.org/api/v2/doc/doc?query=domain:www.wilsoncountynews.com&mode=artlist&maxrecords=250&format=json&DATE=202407
www.wilsoncountynews.com,June 2024,https://api.gdeltproject.org/api/v2/doc/doc?query=domain:www.wilsoncountynews.com&mode=artlist&maxrecords=250&format=json&DATE=202406
www.wilsoncountynews.com,May 2024,https://api.gdeltproject.org/api/v2/doc/doc?query=domain:www.wilsoncountynews.com&mode=artlist&maxrecords=250&format=json&DATE=202405
www.wilsoncountynews.com,April 2024,https://api.gdeltproject.org/api/v2/doc/doc?query=domain:www.wilsoncountynews.com&mode=artlist&maxrecords=250&format=json&DATE=202404
www.wcmessenger.com,March 2025,https://api.gdeltproject.org/api/v2/doc/doc?query=domain:www.wcmessenger.com&mode=artlist&maxrecords=250&format=json&DATE=202503
www.wcmessenger.com,February 2025,https://api.gdeltproject.org/api/v2/doc/doc?query=domain:www.wcmessenger.com&mode=artlist&maxrecords=250&format=json&DATE=202502
www.wcmessenger.com,January 2025,https://api.gdeltproject.org/api/v2/doc/doc?query=domain:www.wcmessenger.com&mode=artlist&maxrecords=250&format=json&DATE=202501
www.wcmessenger.com,December 2024,https://api.gdeltproject.org/api/v2/doc/doc?query=domain:www.wcmessenger.com&mode=artlist&maxrecords=250&format=json&DATE=202412
www.wcmessenger.com,November 2024,https://api.gdeltproject.org/api/v2/doc/doc?query=domain:www.wcmessenger.com&mode=artlist&maxrecords=250&format=json&DATE=202411
www.wcmessenger.com,October 2024,https://api.gdeltproject.org/api/v2/doc/doc?query=domain:www.wcmessenger.com&mode=artlist&maxrecords=250&format=json&DATE=202410
www.wcmessenger.com,September 2024,https://api.gdeltproject.org/api/v2/doc/doc?query=domain:www.wcmessenger.com&mode=artlist&maxrecords=250&format=json&DATE=202409
www.wcmessenger.com,August 2024,https://api.gdeltproject.org/api/v2/doc/doc?query=domain:www.wcmessenger.com&mode=artlist&maxrecords=250&format=json&DATE=202408
www.wcmessenger.com,July 2024,https://api.gdeltproject.org/api/v2/doc/doc?query=domain:www.wcmessenger.com&mode=artlist&maxrecords=250&format=json&DATE=202407
www.wcmessenger.com,June 2024,https://api.gdeltproject.org/api/v2/doc/doc?query=domain:www.wcmessenger.com&mode=artlist&maxrecords=250&format=json&DATE=202406
www.wcmessenger.com,May 2024,https://api.gdeltproject.org/api/v2/doc/doc?query=domain:www.wcmessenger.com&mode=artlist&maxrecords=250&format=json&DATE=202405
www.wcmessenger.com,April 2024,https://api.gdeltproject.org/api/v2/doc/doc?query=domain:www.wcmessenger.com&mode=artlist&maxrecords=250&format=json&DATE=202404
www.deseretnews.com,March 2025,https://api.gdeltproject.org/api/v2/doc/doc?query=domain:www.deseretnews.com&mode=artlist&maxrecords=250&format=json&DATE=202503
www.deseretnews.com,February 2025,https://api.gdeltproject.org/api/v2/doc/doc?query=domain:www.deseretnews.com&mode=artlist&maxrecords=250&format=json&DATE=202502
www.deseretnews.com,January 2025,https://api.gdeltproject.org/api/v2/doc/doc?query=domain:www.deseretnews.com&mode=artlist&maxrecords=250&format=json&DATE=202501
www.deseretnews.com,December 2024,https://api.gdeltproject.org/api/v2/doc/doc?query=domain:www.deseretnews.com&mode=artlist&maxrecords=250&format=json&DATE=202412
www.deseretnews.com,November 2024,https://api.gdeltproject.org/api/v2/doc/doc?query=domain:www.deseretnews.com&mode=artlist&maxrecords=250&format=json&DATE=202411
www.deseretnews.com,October 2024,https://api.gdeltproject.org/api/v2/doc/doc?query=domain:www.deseretnews.com&mode=artlist&maxrecords=250&format=json&DATE=202410
www.deseretnews.com,September 2024,https://api.gdeltproject.org/api/v2/doc/doc?query=domain:www.deseretnews.com&mode=artlist&maxrecords=250&format=json&DATE=202409
www.deseretnews.com,August 2024,https://api.gdeltproject.org/api/v2/doc/doc?query=domain:www.deseretnews.com&mode=artlist&maxrecords=250&format=json&DATE=202408
www.deseretnews.com,July 2024,https://api.gdeltproject.org/api/v2/doc/doc?query=domain:www.deseretnews.com&mode=artlist&maxrecords=250&format=json&DATE=202407
www.deseretnews.com,June 2024,https://api.gdeltproject.org/api/v2/doc/doc?query=domain:www.deseretnews.com&mode=artlist&maxrecords=250&format=json&DATE=202406
www.deseretnews.com,May 2024,https://api.gdeltproject.org/api/v2/doc/doc?query=domain:www.deseretnews.com&mode=artlist&maxrecords=250&format=json&DATE=202405
www.deseretnews.com,April 2024,https://api.gdeltproject.org/api/v2/doc/doc?query=domain:www.deseretnews.com&mode=artlist&maxrecords=250&format=json&DATE=202404
moabtimes.com,March 2025,https://api.gdeltproject.org/api/v2/doc/doc?query=domain:moabtimes.com&mode=artlist&maxrecords=250&format=json&DATE=202503
moabtimes.com,February 2025,https://api.gdeltproject.org/api/v2/doc/doc?query=domain:moabtimes.com&mode=artlist&maxrecords=250&format=json&DATE=202502
moabtimes.com,January 2025,https://api.gdeltproject.org/api/v2/doc/doc?query=domain:moabtimes.com&mode=artlist&maxrecords=250&format=json&DATE=202501
moabtimes.com,December 2024,https://api.gdeltproject.org/api/v2/doc/doc?query=domain:moabtimes.com&mode=artlist&maxrecords=250&format=json&DATE=202412
moabtimes.com,November 2024,https://api.gdeltproject.org/api/v2/doc/doc?query=domain:moabtimes.com&mode=artlist&maxrecords=250&format=json&DATE=202411
moabtimes.com,October 2024,https://api.gdeltproject.org/api/v2/doc/doc?query=domain:moabtimes.com&mode=artlist&maxrecords=250&format=json&DATE=202410
moabtimes.com,September 2024,https://api.gdeltproject.org/api/v2/doc/doc?query=domain:moabtimes.com&mode=artlist&maxrecords=250&format=json&DATE=202409
moabtimes.com,August 2024,https://api.gdeltproject.org/api/v2/doc/doc?query=domain:moabtimes.com&mode=artlist&maxrecords=250&format=json&DATE=202408
moabtimes.com,July 2024,https://api.gdeltproject.org/api/v2/doc/doc?query=domain:moabtimes.com&mode=artlist&maxrecords=250&format=json&DATE=202407
moabtimes.com,June 2024,https://api.gdeltproject.org/api/v2/doc/doc?query=domain:moabtimes.com&mode=artlist&maxrecords=250&format=json&DATE=202406
moabtimes.com,May 2024,https://api.gdeltproject.org/api/v2/doc/doc?query=domain:moabtimes.com&mode=artlist&maxrecords=250&format=json&DATE=202405
moabtimes.com,April 2024,https://api.gdeltproject.org/api/v2/doc/doc?query=domain:moabtimes.com&mode=artlist&maxrecords=250&format=json&DATE=202404
www.parkrecord.com,March 2025,https://api.gdeltproject.org/api/v2/doc/doc?query=domain:www.parkrecord.com&mode=artlist&maxrecords=250&format=json&DATE=202503
www.parkrecord.com,February 2025,https://api.gdeltproject.org/api/v2/doc/doc?query=domain:www.parkrecord.com&mode=artlist&maxrecords=250&format=json&DATE=202502
www.parkrecord.com,January 2025,https://api.gdeltproject.org/api/v2/doc/doc?query=domain:www.parkrecord.com&mode=artlist&maxrecords=250&format=json&DATE=202501
www.parkrecord.com,December 2024,https://api.gdeltproject.org/api/v2/doc/doc?query=domain:www.parkrecord.com&mode=artlist&maxrecords=250&format=json&DATE=202412
www.parkrecord.com,November 2024,https://api.gdeltproject.org/api/v2/doc/doc?query=domain:www.parkrecord.com&mode=artlist&maxrecords=250&format=json&DATE=202411
www.parkrecord.com,October 2024,https://api.gdeltproject.org/api/v2/doc/doc?query=domain:www.parkrecord.com&mode=artlist&maxrecords=250&format=json&DATE=202410
www.parkrecord.com,September 2024,https://api.gdeltproject.org/api/v2/doc/doc?query=domain:www.parkrecord.com&mode=artlist&maxrecords=250&format=json&DATE=202409
www.parkrecord.com,August 2024,https://api.gdeltproject.org/api/v2/doc/doc?query=domain:www.parkrecord.com&mode=artlist&maxrecords=250&format=json&DATE=202408
www.parkrecord.com,July 2024,https://api.gdeltproject.org/api/v2/doc/doc?query=domain:www.parkrecord.com&mode=artlist&maxrecords=250&format=json&DATE=202407
www.parkrecord.com,June 2024,https://api.gdeltproject.org/api/v2/doc/doc?query=domain:www.parkrecord.com&mode=artlist&maxrecords=250&format=json&DATE=202406
www.parkrecord.com,May 2024,https://api.gdeltproject.org/api/v2/doc/doc?query=domain:www.parkrecord.com&mode=artlist&maxrecords=250&format=json&DATE=202405
www.parkrecord.com,April 2024,https://api.gdeltproject.org/api/v2/doc/doc?query=domain:www.parkrecord.com&mode=artlist&maxrecords=250&format=json&DATE=202404
tooeleonline.com,March 2025,https://api.gdeltproject.org/api/v2/doc/doc?query=domain:tooeleonline.com&mode=artlist&maxrecords=250&format=json&DATE=202503
tooeleonline.com,February 2025,https://api.gdeltproject.org/api/v2/doc/doc?query=domain:tooeleonline.com&mode=artlist&maxrecords=250&format=json&DATE=202502
tooeleonline.com,January 2025,https://api.gdeltproject.org/api/v2/doc/doc?query=domain:tooeleonline.com&mode=artlist&maxrecords=250&format=json&DATE=202501
tooeleonline.com,December 2024,https://api.gdeltproject.org/api/v2/doc/doc?query=domain:tooeleonline.com&mode=artlist&maxrecords=250&format=json&DATE=202412
tooeleonline.com,November 2024,https://api.gdeltproject.org/api/v2/doc/doc?query=domain:tooeleonline.com&mode=artlist&maxrecords=250&format=json&DATE=202411
tooeleonline.com,October 2024,https://api.gdeltproject.org/api/v2/doc/doc?query=domain:tooeleonline.com&mode=artlist&maxrecords=250&format=json&DATE=202410
tooeleonline.com,September 2024,https://api.gdeltproject.org/api/v2/doc/doc?query=domain:tooeleonline.com&mode=artlist&maxrecords=250&format=json&DATE=202409
tooeleonline.com,August 2024,https://api.gdeltproject.org/api/v2/doc/doc?query=domain:tooeleonline.com&mode=artlist&maxrecords=250&format=json&DATE=202408
tooeleonline.com,July 2024,https://api.gdeltproject.org/api/v2/doc/doc?query=domain:tooeleonline.com&mode=artlist&maxrecords=250&format=json&DATE=202407
tooeleonline.com,June 2024,https://api.gdeltproject.org/api/v2/doc/doc?query=domain:tooeleonline.com&mode=artlist&maxrecords=250&format=json&DATE=202406
tooeleonline.com,May 2024,https://api.gdeltproject.org/api/v2/doc/doc?query=domain:tooeleonline.com&mode=artlist&maxrecords=250&format=json&DATE=202405
tooeleonline.com,April 2024,https://api.gdeltproject.org/api/v2/doc/doc?query=domain:tooeleonline.com&mode=artlist&maxrecords=250&format=json&DATE=202404
www.addisonindependent.com,March 2025,https://api.gdeltproject.org/api/v2/doc/doc?query=domain:www.addisonindependent.com&mode=artlist&maxrecords=250&format=json&DATE=202503
www.addisonindependent.com,February 2025,https://api.gdeltproject.org/api/v2/doc/doc?query=domain:www.addisonindependent.com&mode=artlist&maxrecords=250&format=json&DATE=202502
www.addisonindependent.com,January 2025,https://api.gdeltproject.org/api/v2/doc/doc?query=domain:www.addisonindependent.com&mode=artlist&maxrecords=250&format=json&DATE=202501
www.addisonindependent.com,December 2024,https://api.gdeltproject.org/api/v2/doc/doc?query=domain:www.addisonindependent.com&mode=artlist&maxrecords=250&format=json&DATE=202412
www.addisonindependent.com,November 2024,https://api.gdeltproject.org/api/v2/doc/doc?query=domain:www.addisonindependent.com&mode=artlist&maxrecords=250&format=json&DATE=202411
www.addisonindependent.com,October 2024,https://api.gdeltproject.org/api/v2/doc/doc?query=domain:www.addisonindependent.com&mode=artlist&maxrecords=250&format=json&DATE=202410
www.addisonindependent.com,September 2024,https://api.gdeltproject.org/api/v2/doc/doc?query=domain:www.addisonindependent.com&mode=artlist&maxrecords=250&format=json&DATE=202409
www.addisonindependent.com,August 2024,https://api.gdeltproject.org/api/v2/doc/doc?query=domain:www.addisonindependent.com&mode=artlist&maxrecords=250&format=json&DATE=202408
www.addisonindependent.com,July 2024,https://api.gdeltproject.org/api/v2/doc/doc?query=domain:www.addisonindependent.com&mode=artlist&maxrecords=250&format=json&DATE=202407
www.addisonindependent.com,June 2024,https://api.gdeltproject.org/api/v2/doc/doc?query=domain:www.addisonindependent.com&mode=artlist&maxrecords=250&format=json&DATE=202406
www.addisonindependent.com,May 2024,https://api.gdeltproject.org/api/v2/doc/doc?query=domain:www.addisonindependent.com&mode=artlist&maxrecords=250&format=json&DATE=202405
www.addisonindependent.com,April 2024,https://api.gdeltproject.org/api/v2/doc/doc?query=domain:www.addisonindependent.com&mode=artlist&maxrecords=250&format=json&DATE=202404
bartonchronicle.com,March 2025,https://api.gdeltproject.org/api/v2/doc/doc?query=domain:bartonchronicle.com&mode=artlist&maxrecords=250&format=json&DATE=202503
bartonchronicle.com,February 2025,https://api.gdeltproject.org/api/v2/doc/doc?query=domain:bartonchronicle.com&mode=artlist&maxrecords=250&format=json&DATE=202502
bartonchronicle.com,January 2025,https://api.gdeltproject.org/api/v2/doc/doc?query=domain:bartonchronicle.com&mode=artlist&maxrecords=250&format=json&DATE=202501
bartonchronicle.com,December 2024,https://api.gdeltproject.org/api/v2/doc/doc?query=domain:bartonchronicle.com&mode=artlist&maxrecords=250&format=json&DATE=202412
bartonchronicle.com,November 2024,https://api.gdeltproject.org/api/v2/doc/doc?query=domain:bartonchronicle.com&mode=artlist&maxrecords=250&format=json&DATE=202411
bartonchronicle.com,October 2024,https://api.gdeltproject.org/api/v2/doc/doc?query=domain:bartonchronicle.com&mode=artlist&maxrecords=250&format=json&DATE=202410
bartonchronicle.com,September 2024,https://api.gdeltproject.org/api/v2/doc/doc?query=domain:bartonchronicle.com&mode=artlist&maxrecords=250&format=json&DATE=202409
bartonchronicle.com,August 2024,https://api.gdeltproject.org/api/v2/doc/doc?query=domain:bartonchronicle.com&mode=artlist&maxrecords=250&format=json&DATE=202408
bartonchronicle.com,July 2024,https://api.gdeltproject.org/api/v2/doc/doc?query=domain:bartonchronicle.com&mode=artlist&maxrecords=250&format=json&DATE=202407
bartonchronicle.com,June 2024,https://api.gdeltproject.org/api/v2/doc/doc?query=domain:bartonchronicle.com&mode=artlist&maxrecords=250&format=json&DATE=202406
bartonchronicle.com,May 2024,https://api.gdeltproject.org/api/v2/doc/doc?query=domain:bartonchronicle.com&mode=artlist&maxrecords=250&format=json&DATE=202405
bartonchronicle.com,April 2024,https://api.gdeltproject.org/api/v2/doc/doc?query=domain:bartonchronicle.com&mode=artlist&maxrecords=250&format=json&DATE=202404
theenterprise.net,March 2025,https://api.gdeltproject.org/api/v2/doc/doc?query=domain:theenterprise.net&mode=artlist&maxrecords=250&format=json&DATE=202503
theenterprise.net,February 2025,https://api.gdeltproject.org/api/v2/doc/doc?query=domain:theenterprise.net&mode=artlist&maxrecords=250&format=json&DATE=202502
theenterprise.net,January 2025,https://api.gdeltproject.org/api/v2/doc/doc?query=domain:theenterprise.net&mode=artlist&maxrecords=250&format=json&DATE=202501
theenterprise.net,December 2024,https://api.gdeltproject.org/api/v2/doc/doc?query=domain:theenterprise.net&mode=artlist&maxrecords=250&format=json&DATE=202412
theenterprise.net,November 2024,https://api.gdeltproject.org/api/v2/doc/doc?query=domain:theenterprise.net&mode=artlist&maxrecords=250&format=json&DATE=202411
theenterprise.net,October 2024,https://api.gdeltproject.org/api/v2/doc/doc?query=domain:theenterprise.net&mode=artlist&maxrecords=250&format=json&DATE=202410
theenterprise.net,September 2024,https://api.gdeltproject.org/api/v2/doc/doc?query=domain:theenterprise.net&mode=artlist&maxrecords=250&format=json&DATE=202409
theenterprise.net,August 2024,https://api.gdeltproject.org/api/v2/doc/doc?query=domain:theenterprise.net&mode=artlist&maxrecords=250&format=json&DATE=202408
theenterprise.net,July 2024,https://api.gdeltproject.org/api/v2/doc/doc?query=domain:theenterprise.net&mode=artlist&maxrecords=250&format=json&DATE=202407
theenterprise.net,June 2024,https://api.gdeltproject.org/api/v2/doc/doc?query=domain:theenterprise.net&mode=artlist&maxrecords=250&format=json&DATE=202406
theenterprise.net,May 2024,https://api.gdeltproject.org/api/v2/doc/doc?query=domain:theenterprise.net&mode=artlist&maxrecords=250&format=json&DATE=202405
theenterprise.net,April 2024,https://api.gdeltproject.org/api/v2/doc/doc?query=domain:theenterprise.net&mode=artlist&maxrecords=250&format=json&DATE=202404
fcnp.com,March 2025,https://api.gdeltproject.org/api/v2/doc/doc?query=domain:fcnp.com&mode=artlist&maxrecords=250&format=json&DATE=202503
fcnp.com,February 2025,https://api.gdeltproject.org/api/v2/doc/doc?query=domain:fcnp.com&mode=artlist&maxrecords=250&format=json&DATE=202502
fcnp.com,January 2025,https://api.gdeltproject.org/api/v2/doc/doc?query=domain:fcnp.com&mode=artlist&maxrecords=250&format=json&DATE=202501
fcnp.com,December 2024,https://api.gdeltproject.org/api/v2/doc/doc?query=domain:fcnp.com&mode=artlist&maxrecords=250&format=json&DATE=202412
fcnp.com,November 2024,https://api.gdeltproject.org/api/v2/doc/doc?query=domain:fcnp.com&mode=artlist&maxrecords=250&format=json&DATE=202411
fcnp.com,October 2024,https://api.gdeltproject.org/api/v2/doc/doc?query=domain:fcnp.com&mode=artlist&maxrecords=250&format=json&DATE=202410
fcnp.com,September 2024,https://api.gdeltproject.org/api/v2/doc/doc?query=domain:fcnp.com&mode=artlist&maxrecords=250&format=json&DATE=202409
fcnp.com,August 2024,https://api.gdeltproject.org/api/v2/doc/doc?query=domain:fcnp.com&mode=artlist&maxrecords=250&format=json&DATE=202408
fcnp.com,July 2024,https://api.gdeltproject.org/api/v2/doc/doc?query=domain:fcnp.com&mode=artlist&maxrecords=250&format=json&DATE=202407
fcnp.com,June 2024,https://api.gdeltproject.org/api/v2/doc/doc?query=domain:fcnp.com&mode=artlist&maxrecords=250&format=json&DATE=202406
fcnp.com,May 2024,https://api.gdeltproject.org/api/v2/doc/doc?query=domain:fcnp.com&mode=artlist&maxrecords=250&format=json&DATE=202405
fcnp.com,April 2024,https://api.gdeltproject.org/api/v2/doc/doc?query=domain:fcnp.com&mode=artlist&maxrecords=250&format=json&DATE=202404
rrecord.com,March 2025,https://api.gdeltproject.org/api/v2/doc/doc?query=domain:rrecord.com&mode=artlist&maxrecords=250&format=json&DATE=202503
rrecord.com,February 2025,https://api.gdeltproject.org/api/v2/doc/doc?query=domain:rrecord.com&mode=artlist&maxrecords=250&format=json&DATE=202502
rrecord.com,January 2025,https://api.gdeltproject.org/api/v2/doc/doc?query=domain:rrecord.com&mode=artlist&maxrecords=250&format=json&DATE=202501
rrecord.com,December 2024,https://api.gdeltproject.org/api/v2/doc/doc?query=domain:rrecord.com&mode=artlist&maxrecords=250&format=json&DATE=202412
rrecord.com,November 2024,https://api.gdeltproject.org/api/v2/doc/doc?query=domain:rrecord.com&mode=artlist&maxrecords=250&format=json&DATE=202411
rrecord.com,October 2024,https://api.gdeltproject.org/api/v2/doc/doc?query=domain:rrecord.com&mode=artlist&maxrecords=250&format=json&DATE=202410
rrecord.com,September 2024,https://api.gdeltproject.org/api/v2/doc/doc?query=domain:rrecord.com&mode=artlist&maxrecords=250&format=json&DATE=202409
rrecord.com,August 2024,https://api.gdeltproject.org/api/v2/doc/doc?query=domain:rrecord.com&mode=artlist&maxrecords=250&format=json&DATE=202408
rrecord.com,July 2024,https://api.gdeltproject.org/api/v2/doc/doc?query=domain:rrecord.com&mode=artlist&maxrecords=250&format=json&DATE=202407
rrecord.com,June 2024,https://api.gdeltproject.org/api/v2/doc/doc?query=domain:rrecord.com&mode=artlist&maxrecords=250&format=json&DATE=202406
rrecord.com,May 2024,https://api.gdeltproject.org/api/v2/doc/doc?query=domain:rrecord.com&mode=artlist&maxrecords=250&format=json&DATE=202405
rrecord.com,April 2024,https://api.gdeltproject.org/api/v2/doc/doc?query=domain:rrecord.com&mode=artlist&maxrecords=250&format=json&DATE=202404
www.ssentinel.com,March 2025,https://api.gdeltproject.org/api/v2/doc/doc?query=domain:www.ssentinel.com&mode=artlist&maxrecords=250&format=json&DATE=202503
www.ssentinel.com,February 2025,https://api.gdeltproject.org/api/v2/doc/doc?query=domain:www.ssentinel.com&mode=artlist&maxrecords=250&format=json&DATE=202502
www.ssentinel.com,January 2025,https://api.gdeltproject.org/api/v2/doc/doc?query=domain:www.ssentinel.com&mode=artlist&maxrecords=250&format=json&DATE=202501
www.ssentinel.com,December 2024,https://api.gdeltproject.org/api/v2/doc/doc?query=domain:www.ssentinel.com&mode=artlist&maxrecords=250&format=json&DATE=202412
www.ssentinel.com,November 2024,https://api.gdeltproject.org/api/v2/doc/doc?query=domain:www.ssentinel.com&mode=artlist&maxrecords=250&format=json&DATE=202411
www.ssentinel.com,October 2024,https://api.gdeltproject.org/api/v2/doc/doc?query=domain:www.ssentinel.com&mode=artlist&maxrecords=250&format=json&DATE=202410
www.ssentinel.com,September 2024,https://api.gdeltproject.org/api/v2/doc/doc?query=domain:www.ssentinel.com&mode=artlist&maxrecords=250&format=json&DATE=202409
www.ssentinel.com,August 2024,https://api.gdeltproject.org/api/v2/doc/doc?query=domain:www.ssentinel.com&mode=artlist&maxrecords=250&format=json&DATE=202408
www.ssentinel.com,July 2024,https://api.gdeltproject.org/api/v2/doc/doc?query=domain:www.ssentinel.com&mode=artlist&maxrecords=250&format=json&DATE=202407
www.ssentinel.com,June 2024,https://api.gdeltproject.org/api/v2/doc/doc?query=domain:www.ssentinel.com&mode=artlist&maxrecords=250&format=json&DATE=202406
www.ssentinel.com,May 2024,https://api.gdeltproject.org/api/v2/doc/doc?query=domain:www.ssentinel.com&mode=artlist&maxrecords=250&format=json&DATE=202405
www.ssentinel.com,April 2024,https://api.gdeltproject.org/api/v2/doc/doc?query=domain:www.ssentinel.com&mode=artlist&maxrecords=250&format=json&DATE=202404
www.bainbridgereview.com,March 2025,https://api.gdeltproject.org/api/v2/doc/doc?query=domain:www.bainbridgereview.com&mode=artlist&maxrecords=250&format=json&DATE=202503
www.bainbridgereview.com,February 2025,https://api.gdeltproject.org/api/v2/doc/doc?query=domain:www.bainbridgereview.com&mode=artlist&maxrecords=250&format=json&DATE=202502
www.bainbridgereview.com,January 2025,https://api.gdeltproject.org/api/v2/doc/doc?query=domain:www.bainbridgereview.com&mode=artlist&maxrecords=250&format=json&DATE=202501
www.bainbridgereview.com,December 2024,https://api.gdeltproject.org/api/v2/doc/doc?query=domain:www.bainbridgereview.com&mode=artlist&maxrecords=250&format=json&DATE=202412
www.bainbridgereview.com,November 2024,https://api.gdeltproject.org/api/v2/doc/doc?query=domain:www.bainbridgereview.com&mode=artlist&maxrecords=250&format=json&DATE=202411
www.bainbridgereview.com,October 2024,https://api.gdeltproject.org/api/v2/doc/doc?query=domain:www.bainbridgereview.com&mode=artlist&maxrecords=250&format=json&DATE=202410
www.bainbridgereview.com,September 2024,https://api.gdeltproject.org/api/v2/doc/doc?query=domain:www.bainbridgereview.com&mode=artlist&maxrecords=250&format=json&DATE=202409
www.bainbridgereview.com,August 2024,https://api.gdeltproject.org/api/v2/doc/doc?query=domain:www.bainbridgereview.com&mode=artlist&maxrecords=250&format=json&DATE=202408
www.bainbridgereview.com,July 2024,https://api.gdeltproject.org/api/v2/doc/doc?query=domain:www.bainbridgereview.com&mode=artlist&maxrecords=250&format=json&DATE=202407
www.bainbridgereview.com,June 2024,https://api.gdeltproject.org/api/v2/doc/doc?query=domain:www.bainbridgereview.com&mode=artlist&maxrecords=250&format=json&DATE=202406
www.bainbridgereview.com,May 2024,https://api.gdeltproject.org/api/v2/doc/doc?query=domain:www.bainbridgereview.com&mode=artlist&maxrecords=250&format=json&DATE=202405
www.bainbridgereview.com,April 2024,https://api.gdeltproject.org/api/v2/doc/doc?query=domain:www.bainbridgereview.com&mode=artlist&maxrecords=250&format=json&DATE=202404
southsoundbiz.com,March 2025,https://api.gdeltproject.org/api/v2/doc/doc?query=domain:southsoundbiz.com&mode=artlist&maxrecords=250&format=json&DATE=202503
southsoundbiz.com,February 2025,https://api.gdeltproject.org/api/v2/doc/doc?query=domain:southsoundbiz.com&mode=artlist&maxrecords=250&format=json&DATE=202502
southsoundbiz.com,January 2025,https://api.gdeltproject.org/api/v2/doc/doc?query=domain:southsoundbiz.com&mode=artlist&maxrecords=250&format=json&DATE=202501
southsoundbiz.com,December 2024,https://api.gdeltproject.org/api/v2/doc/doc?query=domain:southsoundbiz.com&mode=artlist&maxrecords=250&format=json&DATE=202412
southsoundbiz.com,November 2024,https://api.gdeltproject.org/api/v2/doc/doc?query=domain:southsoundbiz.com&mode=artlist&maxrecords=250&format=json&DATE=202411
southsoundbiz.com,October 2024,https://api.gdeltproject.org/api/v2/doc/doc?query=domain:southsoundbiz.com&mode=artlist&maxrecords=250&format=json&DATE=202410
southsoundbiz.com,September 2024,https://api.gdeltproject.org/api/v2/doc/doc?query=domain:southsoundbiz.com&mode=artlist&maxrecords=250&format=json&DATE=202409
southsoundbiz.com,August 2024,https://api.gdeltproject.org/api/v2/doc/doc?query=domain:southsoundbiz.com&mode=artlist&maxrecords=250&format=json&DATE=202408
southsoundbiz.com,July 2024,https://api.gdeltproject.org/api/v2/doc/doc?query=domain:southsoundbiz.com&mode=artlist&maxrecords=250&format=json&DATE=202407
southsoundbiz.com,June 2024,https://api.gdeltproject.org/api/v2/doc/doc?query=domain:southsoundbiz.com&mode=artlist&maxrecords=250&format=json&DATE=202406
southsoundbiz.com,May 2024,https://api.gdeltproject.org/api/v2/doc/doc?query=domain:southsoundbiz.com&mode=artlist&maxrecords=250&format=json&DATE=202405
southsoundbiz.com,April 2024,https://api.gdeltproject.org/api/v2/doc/doc?query=domain:southsoundbiz.com&mode=artlist&maxrecords=250&format=json&DATE=202404
www.camaspostrecord.com,March 2025,https://api.gdeltproject.org/api/v2/doc/doc?query=domain:www.camaspostrecord.com&mode=artlist&maxrecords=250&format=json&DATE=202503
www.camaspostrecord.com,February 2025,https://api.gdeltproject.org/api/v2/doc/doc?query=domain:www.camaspostrecord.com&mode=artlist&maxrecords=250&format=json&DATE=202502
www.camaspostrecord.com,January 2025,https://api.gdeltproject.org/api/v2/doc/doc?query=domain:www.camaspostrecord.com&mode=artlist&maxrecords=250&format=json&DATE=202501
www.camaspostrecord.com,December 2024,https://api.gdeltproject.org/api/v2/doc/doc?query=domain:www.camaspostrecord.com&mode=artlist&maxrecords=250&format=json&DATE=202412
www.camaspostrecord.com,November 2024,https://api.gdeltproject.org/api/v2/doc/doc?query=domain:www.camaspostrecord.com&mode=artlist&maxrecords=250&format=json&DATE=202411
www.camaspostrecord.com,October 2024,https://api.gdeltproject.org/api/v2/doc/doc?query=domain:www.camaspostrecord.com&mode=artlist&maxrecords=250&format=json&DATE=202410
www.camaspostrecord.com,September 2024,https://api.gdeltproject.org/api/v2/doc/doc?query=domain:www.camaspostrecord.com&mode=artlist&maxrecords=250&format=json&DATE=202409
www.camaspostrecord.com,August 2024,https://api.gdeltproject.org/api/v2/doc/doc?query=domain:www.camaspostrecord.com&mode=artlist&maxrecords=250&format=json&DATE=202408
www.camaspostrecord.com,July 2024,https://api.gdeltproject.org/api/v2/doc/doc?query=domain:www.camaspostrecord.com&mode=artlist&maxrecords=250&format=json&DATE=202407
www.camaspostrecord.com,June 2024,https://api.gdeltproject.org/api/v2/doc/doc?query=domain:www.camaspostrecord.com&mode=artlist&maxrecords=250&format=json&DATE=202406
www.camaspostrecord.com,May 2024,https://api.gdeltproject.org/api/v2/doc/doc?query=domain:www.camaspostrecord.com&mode=artlist&maxrecords=250&format=json&DATE=202405
www.camaspostrecord.com,April 2024,https://api.gdeltproject.org/api/v2/doc/doc?query=domain:www.camaspostrecord.com&mode=artlist&maxrecords=250&format=json&DATE=202404
www.kitsapdailynews.com,March 2025,https://api.gdeltproject.org/api/v2/doc/doc?query=domain:www.kitsapdailynews.com&mode=artlist&maxrecords=250&format=json&DATE=202503
www.kitsapdailynews.com,February 2025,https://api.gdeltproject.org/api/v2/doc/doc?query=domain:www.kitsapdailynews.com&mode=artlist&maxrecords=250&format=json&DATE=202502
www.kitsapdailynews.com,January 2025,https://api.gdeltproject.org/api/v2/doc/doc?query=domain:www.kitsapdailynews.com&mode=artlist&maxrecords=250&format=json&DATE=202501
www.kitsapdailynews.com,December 2024,https://api.gdeltproject.org/api/v2/doc/doc?query=domain:www.kitsapdailynews.com&mode=artlist&maxrecords=250&format=json&DATE=202412
www.kitsapdailynews.com,November 2024,https://api.gdeltproject.org/api/v2/doc/doc?query=domain:www.kitsapdailynews.com&mode=artlist&maxrecords=250&format=json&DATE=202411
www.kitsapdailynews.com,October 2024,https://api.gdeltproject.org/api/v2/doc/doc?query=domain:www.kitsapdailynews.com&mode=artlist&maxrecords=250&format=json&DATE=202410
www.kitsapdailynews.com,September 2024,https://api.gdeltproject.org/api/v2/doc/doc?query=domain:www.kitsapdailynews.com&mode=artlist&maxrecords=250&format=json&DATE=202409
www.kitsapdailynews.com,August 2024,https://api.gdeltproject.org/api/v2/doc/doc?query=domain:www.kitsapdailynews.com&mode=artlist&maxrecords=250&format=json&DATE=202408
www.kitsapdailynews.com,July 2024,https://api.gdeltproject.org/api/v2/doc/doc?query=domain:www.kitsapdailynews.com&mode=artlist&maxrecords=250&format=json&DATE=202407
www.kitsapdailynews.com,June 2024,https://api.gdeltproject.org/api/v2/doc/doc?query=domain:www.kitsapdailynews.com&mode=artlist&maxrecords=250&format=json&DATE=202406
www.kitsapdailynews.com,May 2024,https://api.gdeltproject.org/api/v2/doc/doc?query=domain:www.kitsapdailynews.com&mode=artlist&maxrecords=250&format=json&DATE=202405
www.kitsapdailynews.com,April 2024,https://api.gdeltproject.org/api/v2/doc/doc?query=domain:www.kitsapdailynews.com&mode=artlist&maxrecords=250&format=json&DATE=202404
www.columbian.com,March 2025,https://api.gdeltproject.org/api/v2/doc/doc?query=domain:www.columbian.com&mode=artlist&maxrecords=250&format=json&DATE=202503
www.columbian.com,February 2025,https://api.gdeltproject.org/api/v2/doc/doc?query=domain:www.columbian.com&mode=artlist&maxrecords=250&format=json&DATE=202502
www.columbian.com,January 2025,https://api.gdeltproject.org/api/v2/doc/doc?query=domain:www.columbian.com&mode=artlist&maxrecords=250&format=json&DATE=202501
www.columbian.com,December 2024,https://api.gdeltproject.org/api/v2/doc/doc?query=domain:www.columbian.com&mode=artlist&maxrecords=250&format=json&DATE=202412
www.columbian.com,November 2024,https://api.gdeltproject.org/api/v2/doc/doc?query=domain:www.columbian.com&mode=artlist&maxrecords=250&format=json&DATE=202411
www.columbian.com,October 2024,https://api.gdeltproject.org/api/v2/doc/doc?query=domain:www.columbian.com&mode=artlist&maxrecords=250&format=json&DATE=202410
www.columbian.com,September 2024,https://api.gdeltproject.org/api/v2/doc/doc?query=domain:www.columbian.com&mode=artlist&maxrecords=250&format=json&DATE=202409
www.columbian.com,August 2024,https://api.gdeltproject.org/api/v2/doc/doc?query=domain:www.columbian.com&mode=artlist&maxrecords=250&format=json&DATE=202408
www.columbian.com,July 2024,https://api.gdeltproject.org/api/v2/doc/doc?query=domain:www.columbian.com&mode=artlist&maxrecords=250&format=json&DATE=202407
www.columbian.com,June 2024,https://api.gdeltproject.org/api/v2/doc/doc?query=domain:www.columbian.com&mode=artlist&maxrecords=250&format=json&DATE=202406
www.columbian.com,May 2024,https://api.gdeltproject.org/api/v2/doc/doc?query=domain:www.columbian.com&mode=artlist&maxrecords=250&format=json&DATE=202405
www.columbian.com,April 2024,https://api.gdeltproject.org/api/v2/doc/doc?query=domain:www.columbian.com&mode=artlist&maxrecords=250&format=json&DATE=202404
www.thedailyworld.com,March 2025,https://api.gdeltproject.org/api/v2/doc/doc?query=domain:www.thedailyworld.com&mode=artlist&maxrecords=250&format=json&DATE=202503
www.thedailyworld.com,February 2025,https://api.gdeltproject.org/api/v2/doc/doc?query=domain:www.thedailyworld.com&mode=artlist&maxrecords=250&format=json&DATE=202502
www.thedailyworld.com,January 2025,https://api.gdeltproject.org/api/v2/doc/doc?query=domain:www.thedailyworld.com&mode=artlist&maxrecords=250&format=json&DATE=202501
www.thedailyworld.com,December 2024,https://api.gdeltproject.org/api/v2/doc/doc?query=domain:www.thedailyworld.com&mode=artlist&maxrecords=250&format=json&DATE=202412
www.thedailyworld.com,November 2024,https://api.gdeltproject.org/api/v2/doc/doc?query=domain:www.thedailyworld.com&mode=artlist&maxrecords=250&format=json&DATE=202411
www.thedailyworld.com,October 2024,https://api.gdeltproject.org/api/v2/doc/doc?query=domain:www.thedailyworld.com&mode=artlist&maxrecords=250&format=json&DATE=202410
www.thedailyworld.com,September 2024,https://api.gdeltproject.org/api/v2/doc/doc?query=domain:www.thedailyworld.com&mode=artlist&maxrecords=250&format=json&DATE=202409
www.thedailyworld.com,August 2024,https://api.gdeltproject.org/api/v2/doc/doc?query=domain:www.thedailyworld.com&mode=artlist&maxrecords=250&format=json&DATE=202408
www.thedailyworld.com,July 2024,https://api.gdeltproject.org/api/v2/doc/doc?query=domain:www.thedailyworld.com&mode=artlist&maxrecords=250&format=json&DATE=202407
www.thedailyworld.com,June 2024,https://api.gdeltproject.org/api/v2/doc/doc?query=domain:www.thedailyworld.com&mode=artlist&maxrecords=250&format=json&DATE=202406
www.thedailyworld.com,May 2024,https://api.gdeltproject.org/api/v2/doc/doc?query=domain:www.thedailyworld.com&mode=artlist&maxrecords=250&format=json&DATE=202405
www.thedailyworld.com,April 2024,https://api.gdeltproject.org/api/v2/doc/doc?query=domain:www.thedailyworld.com&mode=artlist&maxrecords=250&format=json&DATE=202404
www.federalwaymirror.com,March 2025,https://api.gdeltproject.org/api/v2/doc/doc?query=domain:www.federalwaymirror.com&mode=artlist&maxrecords=250&format=json&DATE=202503
www.federalwaymirror.com,February 2025,https://api.gdeltproject.org/api/v2/doc/doc?query=domain:www.federalwaymirror.com&mode=artlist&maxrecords=250&format=json&DATE=202502
www.federalwaymirror.com,January 2025,https://api.gdeltproject.org/api/v2/doc/doc?query=domain:www.federalwaymirror.com&mode=artlist&maxrecords=250&format=json&DATE=202501
www.federalwaymirror.com,December 2024,https://api.gdeltproject.org/api/v2/doc/doc?query=domain:www.federalwaymirror.com&mode=artlist&maxrecords=250&format=json&DATE=202412
www.federalwaymirror.com,November 2024,https://api.gdeltproject.org/api/v2/doc/doc?query=domain:www.federalwaymirror.com&mode=artlist&maxrecords=250&format=json&DATE=202411
www.federalwaymirror.com,October 2024,https://api.gdeltproject.org/api/v2/doc/doc?query=domain:www.federalwaymirror.com&mode=artlist&maxrecords=250&format=json&DATE=202410
www.federalwaymirror.com,September 2024,https://api.gdeltproject.org/api/v2/doc/doc?query=domain:www.federalwaymirror.com&mode=artlist&maxrecords=250&format=json&DATE=202409
www.federalwaymirror.com,August 2024,https://api.gdeltproject.org/api/v2/doc/doc?query=domain:www.federalwaymirror.com&mode=artlist&maxrecords=250&format=json&DATE=202408
www.federalwaymirror.com,July 2024,https://api.gdeltproject.org/api/v2/doc/doc?query=domain:www.federalwaymirror.com&mode=artlist&maxrecords=250&format=json&DATE=202407
www.federalwaymirror.com,June 2024,https://api.gdeltproject.org/api/v2/doc/doc?query=domain:www.federalwaymirror.com&mode=artlist&maxrecords=250&format=json&DATE=202406
www.federalwaymirror.com,May 2024,https://api.gdeltproject.org/api/v2/doc/doc?query=domain:www.federalwaymirror.com&mode=artlist&maxrecords=250&format=json&DATE=202405
www.federalwaymirror.com,April 2024,https://api.gdeltproject.org/api/v2/doc/doc?query=domain:www.federalwaymirror.com&mode=artlist&maxrecords=250&format=json&DATE=202404
www.heraldnet.com,March 2025,https://api.gdeltproject.org/api/v2/doc/doc?query=domain:www.heraldnet.com&mode=artlist&maxrecords=250&format=json&DATE=202503
www.heraldnet.com,February 2025,https://api.gdeltproject.org/api/v2/doc/doc?query=domain:www.heraldnet.com&mode=artlist&maxrecords=250&format=json&DATE=202502
www.heraldnet.com,January 2025,https://api.gdeltproject.org/api/v2/doc/doc?query=domain:www.heraldnet.com&mode=artlist&maxrecords=250&format=json&DATE=202501
www.heraldnet.com,December 2024,https://api.gdeltproject.org/api/v2/doc/doc?query=domain:www.heraldnet.com&mode=artlist&maxrecords=250&format=json&DATE=202412
www.heraldnet.com,November 2024,https://api.gdeltproject.org/api/v2/doc/doc?query=domain:www.heraldnet.com&mode=artlist&maxrecords=250&format=json&DATE=202411
www.heraldnet.com,October 2024,https://api.gdeltproject.org/api/v2/doc/doc?query=domain:www.heraldnet.com&mode=artlist&maxrecords=250&format=json&DATE=202410
www.heraldnet.com,September 2024,https://api.gdeltproject.org/api/v2/doc/doc?query=domain:www.heraldnet.com&mode=artlist&maxrecords=250&format=json&DATE=202409
www.heraldnet.com,August 2024,https://api.gdeltproject.org/api/v2/doc/doc?query=domain:www.heraldnet.com&mode=artlist&maxrecords=250&format=json&DATE=202408
www.heraldnet.com,July 2024,https://api.gdeltproject.org/api/v2/doc/doc?query=domain:www.heraldnet.com&mode=artlist&maxrecords=250&format=json&DATE=202407
www.heraldnet.com,June 2024,https://api.gdeltproject.org/api/v2/doc/doc?query=domain:www.heraldnet.com&mode=artlist&maxrecords=250&format=json&DATE=202406
www.heraldnet.com,May 2024,https://api.gdeltproject.org/api/v2/doc/doc?query=domain:www.heraldnet.com&mode=artlist&maxrecords=250&format=json&DATE=202405
www.heraldnet.com,April 2024,https://api.gdeltproject.org/api/v2/doc/doc?query=domain:www.heraldnet.com&mode=artlist&maxrecords=250&format=json&DATE=202404
www.islandssounder.com,March 2025,https://api.gdeltproject.org/api/v2/doc/doc?query=domain:www.islandssounder.com&mode=artlist&maxrecords=250&format=json&DATE=202503
www.islandssounder.com,February 2025,https://api.gdeltproject.org/api/v2/doc/doc?query=domain:www.islandssounder.com&mode=artlist&maxrecords=250&format=json&DATE=202502
www.islandssounder.com,January 2025,https://api.gdeltproject.org/api/v2/doc/doc?query=domain:www.islandssounder.com&mode=artlist&maxrecords=250&format=json&DATE=202501
www.islandssounder.com,December 2024,https://api.gdeltproject.org/api/v2/doc/doc?query=domain:www.islandssounder.com&mode=artlist&maxrecords=250&format=json&DATE=202412
www.islandssounder.com,November 2024,https://api.gdeltproject.org/api/v2/doc/doc?query=domain:www.islandssounder.com&mode=artlist&maxrecords=250&format=json&DATE=202411
www.islandssounder.com,October 2024,https://api.gdeltproject.org/api/v2/doc/doc?query=domain:www.islandssounder.com&mode=artlist&maxrecords=250&format=json&DATE=202410
www.islandssounder.com,September 2024,https://api.gdeltproject.org/api/v2/doc/doc?query=domain:www.islandssounder.com&mode=artlist&maxrecords=250&format=json&DATE=202409
www.islandssounder.com,August 2024,https://api.gdeltproject.org/api/v2/doc/doc?query=domain:www.islandssounder.com&mode=artlist&maxrecords=250&format=json&DATE=202408
www.islandssounder.com,July 2024,https://api.gdeltproject.org/api/v2/doc/doc?query=domain:www.islandssounder.com&mode=artlist&maxrecords=250&format=json&DATE=202407
www.islandssounder.com,June 2024,https://api.gdeltproject.org/api/v2/doc/doc?query=domain:www.islandssounder.com&mode=artlist&maxrecords=250&format=json&DATE=202406
www.islandssounder.com,May 2024,https://api.gdeltproject.org/api/v2/doc/doc?query=domain:www.islandssounder.com&mode=artlist&maxrecords=250&format=json&DATE=202405
www.islandssounder.com,April 2024,https://api.gdeltproject.org/api/v2/doc/doc?query=domain:www.islandssounder.com&mode=artlist&maxrecords=250&format=json&DATE=202404
www.sanjuanjournal.com,March 2025,https://api.gdeltproject.org/api/v2/doc/doc?query=domain:www.sanjuanjournal.com&mode=artlist&maxrecords=250&format=json&DATE=202503
www.sanjuanjournal.com,February 2025,https://api.gdeltproject.org/api/v2/doc/doc?query=domain:www.sanjuanjournal.com&mode=artlist&maxrecords=250&format=json&DATE=202502
www.sanjuanjournal.com,January 2025,https://api.gdeltproject.org/api/v2/doc/doc?query=domain:www.sanjuanjournal.com&mode=artlist&maxrecords=250&format=json&DATE=202501
www.sanjuanjournal.com,December 2024,https://api.gdeltproject.org/api/v2/doc/doc?query=domain:www.sanjuanjournal.com&mode=artlist&maxrecords=250&format=json&DATE=202412
www.sanjuanjournal.com,November 2024,https://api.gdeltproject.org/api/v2/doc/doc?query=domain:www.sanjuanjournal.com&mode=artlist&maxrecords=250&format=json&DATE=202411
www.sanjuanjournal.com,October 2024,https://api.gdeltproject.org/api/v2/doc/doc?query=domain:www.sanjuanjournal.com&mode=artlist&maxrecords=250&format=json&DATE=202410
www.sanjuanjournal.com,September 2024,https://api.gdeltproject.org/api/v2/doc/doc?query=domain:www.sanjuanjournal.com&mode=artlist&maxrecords=250&format=json&DATE=202409
www.sanjuanjournal.com,August 2024,https://api.gdeltproject.org/api/v2/doc/doc?query=domain:www.sanjuanjournal.com&mode=artlist&maxrecords=250&format=json&DATE=202408
www.sanjuanjournal.com,July 2024,https://api.gdeltproject.org/api/v2/doc/doc?query=domain:www.sanjuanjournal.com&mode=artlist&maxrecords=250&format=json&DATE=202407
www.sanjuanjournal.com,June 2024,https://api.gdeltproject.org/api/v2/doc/doc?query=domain:www.sanjuanjournal.com&mode=artlist&maxrecords=250&format=json&DATE=202406
www.sanjuanjournal.com,May 2024,https://api.gdeltproject.org/api/v2/doc/doc?query=domain:www.sanjuanjournal.com&mode=artlist&maxrecords=250&format=json&DATE=202405
www.sanjuanjournal.com,April 2024,https://api.gdeltproject.org/api/v2/doc/doc?query=domain:www.sanjuanjournal.com&mode=artlist&maxrecords=250&format=json&DATE=202404
www.leavenworthecho.com,March 2025,https://api.gdeltproject.org/api/v2/doc/doc?query=domain:www.leavenworthecho.com&mode=artlist&maxrecords=250&format=json&DATE=202503
www.leavenworthecho.com,February 2025,https://api.gdeltproject.org/api/v2/doc/doc?query=domain:www.leavenworthecho.com&mode=artlist&maxrecords=250&format=json&DATE=202502
www.leavenworthecho.com,January 2025,https://api.gdeltproject.org/api/v2/doc/doc?query=domain:www.leavenworthecho.com&mode=artlist&maxrecords=250&format=json&DATE=202501
www.leavenworthecho.com,December 2024,https://api.gdeltproject.org/api/v2/doc/doc?query=domain:www.leavenworthecho.com&mode=artlist&maxrecords=250&format=json&DATE=202412
www.leavenworthecho.com,November 2024,https://api.gdeltproject.org/api/v2/doc/doc?query=domain:www.leavenworthecho.com&mode=artlist&maxrecords=250&format=json&DATE=202411
www.leavenworthecho.com,October 2024,https://api.gdeltproject.org/api/v2/doc/doc?query=domain:www.leavenworthecho.com&mode=artlist&maxrecords=250&format=json&DATE=202410
www.leavenworthecho.com,September 2024,https://api.gdeltproject.org/api/v2/doc/doc?query=domain:www.leavenworthecho.com&mode=artlist&maxrecords=250&format=json&DATE=202409
www.leavenworthecho.com,August 2024,https://api.gdeltproject.org/api/v2/doc/doc?query=domain:www.leavenworthecho.com&mode=artlist&maxrecords=250&format=json&DATE=202408
www.leavenworthecho.com,July 2024,https://api.gdeltproject.org/api/v2/doc/doc?query=domain:www.leavenworthecho.com&mode=artlist&maxrecords=250&format=json&DATE=202407
www.leavenworthecho.com,June 2024,https://api.gdeltproject.org/api/v2/doc/doc?query=domain:www.leavenworthecho.com&mode=artlist&maxrecords=250&format=json&DATE=202406
www.leavenworthecho.com,May 2024,https://api.gdeltproject.org/api/v2/doc/doc?query=domain:www.leavenworthecho.com&mode=artlist&maxrecords=250&format=json&DATE=202405
www.leavenworthecho.com,April 2024,https://api.gdeltproject.org/api/v2/doc/doc?query=domain:www.leavenworthecho.com&mode=artlist&maxrecords=250&format=json&DATE=202404
www.mi-reporter.com,March 2025,https://api.gdeltproject.org/api/v2/doc/doc?query=domain:www.mi-reporter.com&mode=artlist&maxrecords=250&format=json&DATE=202503
www.mi-reporter.com,February 2025,https://api.gdeltproject.org/api/v2/doc/doc?query=domain:www.mi-reporter.com&mode=artlist&maxrecords=250&format=json&DATE=202502
www.mi-reporter.com,January 2025,https://api.gdeltproject.org/api/v2/doc/doc?query=domain:www.mi-reporter.com&mode=artlist&maxrecords=250&format=json&DATE=202501
www.mi-reporter.com,December 2024,https://api.gdeltproject.org/api/v2/doc/doc?query=domain:www.mi-reporter.com&mode=artlist&maxrecords=250&format=json&DATE=202412
www.mi-reporter.com,November 2024,https://api.gdeltproject.org/api/v2/doc/doc?query=domain:www.mi-reporter.com&mode=artlist&maxrecords=250&format=json&DATE=202411
www.mi-reporter.com,October 2024,https://api.gdeltproject.org/api/v2/doc/doc?query=domain:www.mi-reporter.com&mode=artlist&maxrecords=250&format=json&DATE=202410
www.mi-reporter.com,September 2024,https://api.gdeltproject.org/api/v2/doc/doc?query=domain:www.mi-reporter.com&mode=artlist&maxrecords=250&format=json&DATE=202409
www.mi-reporter.com,August 2024,https://api.gdeltproject.org/api/v2/doc/doc?query=domain:www.mi-reporter.com&mode=artlist&maxrecords=250&format=json&DATE=202408
www.mi-reporter.com,July 2024,https://api.gdeltproject.org/api/v2/doc/doc?query=domain:www.mi-reporter.com&mode=artlist&maxrecords=250&format=json&DATE=202407
www.mi-reporter.com,June 2024,https://api.gdeltproject.org/api/v2/doc/doc?query=domain:www.mi-reporter.com&mode=artlist&maxrecords=250&format=json&DATE=202406
www.mi-reporter.com,May 2024,https://api.gdeltproject.org/api/v2/doc/doc?query=domain:www.mi-reporter.com&mode=artlist&maxrecords=250&format=json&DATE=202405
www.mi-reporter.com,April 2024,https://api.gdeltproject.org/api/v2/doc/doc?query=domain:www.mi-reporter.com&mode=artlist&maxrecords=250&format=json&DATE=202404
methowvalleynews.com,March 2025,https://api.gdeltproject.org/api/v2/doc/doc?query=domain:methowvalleynews.com&mode=artlist&maxrecords=250&format=json&DATE=202503
methowvalleynews.com,February 2025,https://api.gdeltproject.org/api/v2/doc/doc?query=domain:methowvalleynews.com&mode=artlist&maxrecords=250&format=json&DATE=202502
methowvalleynews.com,January 2025,https://api.gdeltproject.org/api/v2/doc/doc?query=domain:methowvalleynews.com&mode=artlist&maxrecords=250&format=json&DATE=202501
methowvalleynews.com,December 2024,https://api.gdeltproject.org/api/v2/doc/doc?query=domain:methowvalleynews.com&mode=artlist&maxrecords=250&format=json&DATE=202412
methowvalleynews.com,November 2024,https://api.gdeltproject.org/api/v2/doc/doc?query=domain:methowvalleynews.com&mode=artlist&maxrecords=250&format=json&DATE=202411
methowvalleynews.com,October 2024,https://api.gdeltproject.org/api/v2/doc/doc?query=domain:methowvalleynews.com&mode=artlist&maxrecords=250&format=json&DATE=202410
methowvalleynews.com,September 2024,https://api.gdeltproject.org/api/v2/doc/doc?query=domain:methowvalleynews.com&mode=artlist&maxrecords=250&format=json&DATE=202409
methowvalleynews.com,August 2024,https://api.gdeltproject.org/api/v2/doc/doc?query=domain:methowvalleynews.com&mode=artlist&maxrecords=250&format=json&DATE=202408
methowvalleynews.com,July 2024,https://api.gdeltproject.org/api/v2/doc/doc?query=domain:methowvalleynews.com&mode=artlist&maxrecords=250&format=json&DATE=202407
methowvalleynews.com,June 2024,https://api.gdeltproject.org/api/v2/doc/doc?query=domain:methowvalleynews.com&mode=artlist&maxrecords=250&format=json&DATE=202406
methowvalleynews.com,May 2024,https://api.gdeltproject.org/api/v2/doc/doc?query=domain:methowvalleynews.com&mode=artlist&maxrecords=250&format=json&DATE=202405
methowvalleynews.com,April 2024,https://api.gdeltproject.org/api/v2/doc/doc?query=domain:methowvalleynews.com&mode=artlist&maxrecords=250&format=json&DATE=202404
nwasianweekly.com,March 2025,https://api.gdeltproject.org/api/v2/doc/doc?query=domain:nwasianweekly.com&mode=artlist&maxrecords=250&format=json&DATE=202503
nwasianweekly.com,February 2025,https://api.gdeltproject.org/api/v2/doc/doc?query=domain:nwasianweekly.com&mode=artlist&maxrecords=250&format=json&DATE=202502
nwasianweekly.com,January 2025,https://api.gdeltproject.org/api/v2/doc/doc?query=domain:nwasianweekly.com&mode=artlist&maxrecords=250&format=json&DATE=202501
nwasianweekly.com,December 2024,https://api.gdeltproject.org/api/v2/doc/doc?query=domain:nwasianweekly.com&mode=artlist&maxrecords=250&format=json&DATE=202412
nwasianweekly.com,November 2024,https://api.gdeltproject.org/api/v2/doc/doc?query=domain:nwasianweekly.com&mode=artlist&maxrecords=250&format=json&DATE=202411
nwasianweekly.com,October 2024,https://api.gdeltproject.org/api/v2/doc/doc?query=domain:nwasianweekly.com&mode=artlist&maxrecords=250&format=json&DATE=202410
nwasianweekly.com,September 2024,https://api.gdeltproject.org/api/v2/doc/doc?query=domain:nwasianweekly.com&mode=artlist&maxrecords=250&format=json&DATE=202409
nwasianweekly.com,August 2024,https://api.gdeltproject.org/api/v2/doc/doc?query=domain:nwasianweekly.com&mode=artlist&maxrecords=250&format=json&DATE=202408
nwasianweekly.com,July 2024,https://api.gdeltproject.org/api/v2/doc/doc?query=domain:nwasianweekly.com&mode=artlist&maxrecords=250&format=json&DATE=202407
nwasianweekly.com,June 2024,https://api.gdeltproject.org/api/v2/doc/doc?query=domain:nwasianweekly.com&mode=artlist&maxrecords=250&format=json&DATE=202406
nwasianweekly.com,May 2024,https://api.gdeltproject.org/api/v2/doc/doc?query=domain:nwasianweekly.com&mode=artlist&maxrecords=250&format=json&DATE=202405
nwasianweekly.com,April 2024,https://api.gdeltproject.org/api/v2/doc/doc?query=domain:nwasianweekly.com&mode=artlist&maxrecords=250&format=json&DATE=202404
www.peninsuladailynews.com,March 2025,https://api.gdeltproject.org/api/v2/doc/doc?query=domain:www.peninsuladailynews.com&mode=artlist&maxrecords=250&format=json&DATE=202503
www.peninsuladailynews.com,February 2025,https://api.gdeltproject.org/api/v2/doc/doc?query=domain:www.peninsuladailynews.com&mode=artlist&maxrecords=250&format=json&DATE=202502
www.peninsuladailynews.com,January 2025,https://api.gdeltproject.org/api/v2/doc/doc?query=domain:www.peninsuladailynews.com&mode=artlist&maxrecords=250&format=json&DATE=202501
www.peninsuladailynews.com,December 2024,https://api.gdeltproject.org/api/v2/doc/doc?query=domain:www.peninsuladailynews.com&mode=artlist&maxrecords=250&format=json&DATE=202412
www.peninsuladailynews.com,November 2024,https://api.gdeltproject.org/api/v2/doc/doc?query=domain:www.peninsuladailynews.com&mode=artlist&maxrecords=250&format=json&DATE=202411
www.peninsuladailynews.com,October 2024,https://api.gdeltproject.org/api/v2/doc/doc?query=domain:www.peninsuladailynews.com&mode=artlist&maxrecords=250&format=json&DATE=202410
www.peninsuladailynews.com,September 2024,https://api.gdeltproject.org/api/v2/doc/doc?query=domain:www.peninsuladailynews.com&mode=artlist&maxrecords=250&format=json&DATE=202409
www.peninsuladailynews.com,August 2024,https://api.gdeltproject.org/api/v2/doc/doc?query=domain:www.peninsuladailynews.com&mode=artlist&maxrecords=250&format=json&DATE=202408
www.peninsuladailynews.com,July 2024,https://api.gdeltproject.org/api/v2/doc/doc?query=domain:www.peninsuladailynews.com&mode=artlist&maxrecords=250&format=json&DATE=202407
www.peninsuladailynews.com,June 2024,https://api.gdeltproject.org/api/v2/doc/doc?query=domain:www.peninsuladailynews.com&mode=artlist&maxrecords=250&format=json&DATE=202406
www.peninsuladailynews.com,May 2024,https://api.gdeltproject.org/api/v2/doc/doc?query=domain:www.peninsuladailynews.com&mode=artlist&maxrecords=250&format=json&DATE=202405
www.peninsuladailynews.com,April 2024,https://api.gdeltproject.org/api/v2/doc/doc?query=domain:www.peninsuladailynews.com&mode=artlist&maxrecords=250&format=json&DATE=202404
www.rentonreporter.com,March 2025,https://api.gdeltproject.org/api/v2/doc/doc?query=domain:www.rentonreporter.com&mode=artlist&maxrecords=250&format=json&DATE=202503
www.rentonreporter.com,February 2025,https://api.gdeltproject.org/api/v2/doc/doc?query=domain:www.rentonreporter.com&mode=artlist&maxrecords=250&format=json&DATE=202502
www.rentonreporter.com,January 2025,https://api.gdeltproject.org/api/v2/doc/doc?query=domain:www.rentonreporter.com&mode=artlist&maxrecords=250&format=json&DATE=202501
www.rentonreporter.com,December 2024,https://api.gdeltproject.org/api/v2/doc/doc?query=domain:www.rentonreporter.com&mode=artlist&maxrecords=250&format=json&DATE=202412
www.rentonreporter.com,November 2024,https://api.gdeltproject.org/api/v2/doc/doc?query=domain:www.rentonreporter.com&mode=artlist&maxrecords=250&format=json&DATE=202411
www.rentonreporter.com,October 2024,https://api.gdeltproject.org/api/v2/doc/doc?query=domain:www.rentonreporter.com&mode=artlist&maxrecords=250&format=json&DATE=202410
www.rentonreporter.com,September 2024,https://api.gdeltproject.org/api/v2/doc/doc?query=domain:www.rentonreporter.com&mode=artlist&maxrecords=250&format=json&DATE=202409
www.rentonreporter.com,August 2024,https://api.gdeltproject.org/api/v2/doc/doc?query=domain:www.rentonreporter.com&mode=artlist&maxrecords=250&format=json&DATE=202408
www.rentonreporter.com,July 2024,https://api.gdeltproject.org/api/v2/doc/doc?query=domain:www.rentonreporter.com&mode=artlist&maxrecords=250&format=json&DATE=202407
www.rentonreporter.com,June 2024,https://api.gdeltproject.org/api/v2/doc/doc?query=domain:www.rentonreporter.com&mode=artlist&maxrecords=250&format=json&DATE=202406
www.rentonreporter.com,May 2024,https://api.gdeltproject.org/api/v2/doc/doc?query=domain:www.rentonreporter.com&mode=artlist&maxrecords=250&format=json&DATE=202405
www.rentonreporter.com,April 2024,https://api.gdeltproject.org/api/v2/doc/doc?query=domain:www.rentonreporter.com&mode=artlist&maxrecords=250&format=json&DATE=202404
www.seattletimes.com,March 2025,https://api.gdeltproject.org/api/v2/doc/doc?query=domain:www.seattletimes.com&mode=artlist&maxrecords=250&format=json&DATE=202503
www.seattletimes.com,February 2025,https://api.gdeltproject.org/api/v2/doc/doc?query=domain:www.seattletimes.com&mode=artlist&maxrecords=250&format=json&DATE=202502
www.seattletimes.com,January 2025,https://api.gdeltproject.org/api/v2/doc/doc?query=domain:www.seattletimes.com&mode=artlist&maxrecords=250&format=json&DATE=202501
www.seattletimes.com,December 2024,https://api.gdeltproject.org/api/v2/doc/doc?query=domain:www.seattletimes.com&mode=artlist&maxrecords=250&format=json&DATE=202412
www.seattletimes.com,November 2024,https://api.gdeltproject.org/api/v2/doc/doc?query=domain:www.seattletimes.com&mode=artlist&maxrecords=250&format=json&DATE=202411
www.seattletimes.com,October 2024,https://api.gdeltproject.org/api/v2/doc/doc?query=domain:www.seattletimes.com&mode=artlist&maxrecords=250&format=json&DATE=202410
www.seattletimes.com,September 2024,https://api.gdeltproject.org/api/v2/doc/doc?query=domain:www.seattletimes.com&mode=artlist&maxrecords=250&format=json&DATE=202409
www.seattletimes.com,August 2024,https://api.gdeltproject.org/api/v2/doc/doc?query=domain:www.seattletimes.com&mode=artlist&maxrecords=250&format=json&DATE=202408
www.seattletimes.com,July 2024,https://api.gdeltproject.org/api/v2/doc/doc?query=domain:www.seattletimes.com&mode=artlist&maxrecords=250&format=json&DATE=202407
www.seattletimes.com,June 2024,https://api.gdeltproject.org/api/v2/doc/doc?query=domain:www.seattletimes.com&mode=artlist&maxrecords=250&format=json&DATE=202406
www.seattletimes.com,May 2024,https://api.gdeltproject.org/api/v2/doc/doc?query=domain:www.seattletimes.com&mode=artlist&maxrecords=250&format=json&DATE=202405
www.seattletimes.com,April 2024,https://api.gdeltproject.org/api/v2/doc/doc?query=domain:www.seattletimes.com&mode=artlist&maxrecords=250&format=json&DATE=202404
www.seattleweekly.com,March 2025,https://api.gdeltproject.org/api/v2/doc/doc?query=domain:www.seattleweekly.com&mode=artlist&maxrecords=250&format=json&DATE=202503
www.seattleweekly.com,February 2025,https://api.gdeltproject.org/api/v2/doc/doc?query=domain:www.seattleweekly.com&mode=artlist&maxrecords=250&format=json&DATE=202502
www.seattleweekly.com,January 2025,https://api.gdeltproject.org/api/v2/doc/doc?query=domain:www.seattleweekly.com&mode=artlist&maxrecords=250&format=json&DATE=202501
www.seattleweekly.com,December 2024,https://api.gdeltproject.org/api/v2/doc/doc?query=domain:www.seattleweekly.com&mode=artlist&maxrecords=250&format=json&DATE=202412
www.seattleweekly.com,November 2024,https://api.gdeltproject.org/api/v2/doc/doc?query=domain:www.seattleweekly.com&mode=artlist&maxrecords=250&format=json&DATE=202411
www.seattleweekly.com,October 2024,https://api.gdeltproject.org/api/v2/doc/doc?query=domain:www.seattleweekly.com&mode=artlist&maxrecords=250&format=json&DATE=202410
www.seattleweekly.com,September 2024,https://api.gdeltproject.org/api/v2/doc/doc?query=domain:www.seattleweekly.com&mode=artlist&maxrecords=250&format=json&DATE=202409
www.seattleweekly.com,August 2024,https://api.gdeltproject.org/api/v2/doc/doc?query=domain:www.seattleweekly.com&mode=artlist&maxrecords=250&format=json&DATE=202408
www.seattleweekly.com,July 2024,https://api.gdeltproject.org/api/v2/doc/doc?query=domain:www.seattleweekly.com&mode=artlist&maxrecords=250&format=json&DATE=202407
www.seattleweekly.com,June 2024,https://api.gdeltproject.org/api/v2/doc/doc?query=domain:www.seattleweekly.com&mode=artlist&maxrecords=250&format=json&DATE=202406
www.seattleweekly.com,May 2024,https://api.gdeltproject.org/api/v2/doc/doc?query=domain:www.seattleweekly.com&mode=artlist&maxrecords=250&format=json&DATE=202405
www.seattleweekly.com,April 2024,https://api.gdeltproject.org/api/v2/doc/doc?query=domain:www.seattleweekly.com&mode=artlist&maxrecords=250&format=json&DATE=202404
www.sequimgazette.com,March 2025,https://api.gdeltproject.org/api/v2/doc/doc?query=domain:www.sequimgazette.com&mode=artlist&maxrecords=250&format=json&DATE=202503
www.sequimgazette.com,February 2025,https://api.gdeltproject.org/api/v2/doc/doc?query=domain:www.sequimgazette.com&mode=artlist&maxrecords=250&format=json&DATE=202502
www.sequimgazette.com,January 2025,https://api.gdeltproject.org/api/v2/doc/doc?query=domain:www.sequimgazette.com&mode=artlist&maxrecords=250&format=json&DATE=202501
www.sequimgazette.com,December 2024,https://api.gdeltproject.org/api/v2/doc/doc?query=domain:www.sequimgazette.com&mode=artlist&maxrecords=250&format=json&DATE=202412
www.sequimgazette.com,November 2024,https://api.gdeltproject.org/api/v2/doc/doc?query=domain:www.sequimgazette.com&mode=artlist&maxrecords=250&format=json&DATE=202411
www.sequimgazette.com,October 2024,https://api.gdeltproject.org/api/v2/doc/doc?query=domain:www.sequimgazette.com&mode=artlist&maxrecords=250&format=json&DATE=202410
www.sequimgazette.com,September 2024,https://api.gdeltproject.org/api/v2/doc/doc?query=domain:www.sequimgazette.com&mode=artlist&maxrecords=250&format=json&DATE=202409
www.sequimgazette.com,August 2024,https://api.gdeltproject.org/api/v2/doc/doc?query=domain:www.sequimgazette.com&mode=artlist&maxrecords=250&format=json&DATE=202408
www.sequimgazette.com,July 2024,https://api.gdeltproject.org/api/v2/doc/doc?query=domain:www.sequimgazette.com&mode=artlist&maxrecords=250&format=json&DATE=202407
www.sequimgazette.com,June 2024,https://api.gdeltproject.org/api/v2/doc/doc?query=domain:www.sequimgazette.com&mode=artlist&maxrecords=250&format=json&DATE=202406
www.sequimgazette.com,May 2024,https://api.gdeltproject.org/api/v2/doc/doc?query=domain:www.sequimgazette.com&mode=artlist&maxrecords=250&format=json&DATE=202405
www.sequimgazette.com,April 2024,https://api.gdeltproject.org/api/v2/doc/doc?query=domain:www.sequimgazette.com&mode=artlist&maxrecords=250&format=json&DATE=202404
www.valleyrecord.com,March 2025,https://api.gdeltproject.org/api/v2/doc/doc?query=domain:www.valleyrecord.com&mode=artlist&maxrecords=250&format=json&DATE=202503
www.valleyrecord.com,February 2025,https://api.gdeltproject.org/api/v2/doc/doc?query=domain:www.valleyrecord.com&mode=artlist&maxrecords=250&format=json&DATE=202502
www.valleyrecord.com,January 2025,https://api.gdeltproject.org/api/v2/doc/doc?query=domain:www.valleyrecord.com&mode=artlist&maxrecords=250&format=json&DATE=202501
www.valleyrecord.com,December 2024,https://api.gdeltproject.org/api/v2/doc/doc?query=domain:www.valleyrecord.com&mode=artlist&maxrecords=250&format=json&DATE=202412
www.valleyrecord.com,November 2024,https://api.gdeltproject.org/api/v2/doc/doc?query=domain:www.valleyrecord.com&mode=artlist&maxrecords=250&format=json&DATE=202411
www.valleyrecord.com,October 2024,https://api.gdeltproject.org/api/v2/doc/doc?query=domain:www.valleyrecord.com&mode=artlist&maxrecords=250&format=json&DATE=202410
www.valleyrecord.com,September 2024,https://api.gdeltproject.org/api/v2/doc/doc?query=domain:www.valleyrecord.com&mode=artlist&maxrecords=250&format=json&DATE=202409
www.valleyrecord.com,August 2024,https://api.gdeltproject.org/api/v2/doc/doc?query=domain:www.valleyrecord.com&mode=artlist&maxrecords=250&format=json&DATE=202408
www.valleyrecord.com,July 2024,https://api.gdeltproject.org/api/v2/doc/doc?query=domain:www.valleyrecord.com&mode=artlist&maxrecords=250&format=json&DATE=202407
www.valleyrecord.com,June 2024,https://api.gdeltproject.org/api/v2/doc/doc?query=domain:www.valleyrecord.com&mode=artlist&maxrecords=250&format=json&DATE=202406
www.valleyrecord.com,May 2024,https://api.gdeltproject.org/api/v2/doc/doc?query=domain:www.valleyrecord.com&mode=artlist&maxrecords=250&format=json&DATE=202405
www.valleyrecord.com,April 2024,https://api.gdeltproject.org/api/v2/doc/doc?query=domain:www.valleyrecord.com&mode=artlist&maxrecords=250&format=json&DATE=202404
www.southwhidbeyrecord.com,March 2025,https://api.gdeltproject.org/api/v2/doc/doc?query=domain:www.southwhidbeyrecord.com&mode=artlist&maxrecords=250&format=json&DATE=202503
www.southwhidbeyrecord.com,February 2025,https://api.gdeltproject.org/api/v2/doc/doc?query=domain:www.southwhidbeyrecord.com&mode=artlist&maxrecords=250&format=json&DATE=202502
www.southwhidbeyrecord.com,January 2025,https://api.gdeltproject.org/api/v2/doc/doc?query=domain:www.southwhidbeyrecord.com&mode=artlist&maxrecords=250&format=json&DATE=202501
www.southwhidbeyrecord.com,December 2024,https://api.gdeltproject.org/api/v2/doc/doc?query=domain:www.southwhidbeyrecord.com&mode=artlist&maxrecords=250&format=json&DATE=202412
www.southwhidbeyrecord.com,November 2024,https://api.gdeltproject.org/api/v2/doc/doc?query=domain:www.southwhidbeyrecord.com&mode=artlist&maxrecords=250&format=json&DATE=202411
www.southwhidbeyrecord.com,October 2024,https://api.gdeltproject.org/api/v2/doc/doc?query=domain:www.southwhidbeyrecord.com&mode=artlist&maxrecords=250&format=json&DATE=202410
www.southwhidbeyrecord.com,September 2024,https://api.gdeltproject.org/api/v2/doc/doc?query=domain:www.southwhidbeyrecord.com&mode=artlist&maxrecords=250&format=json&DATE=202409
www.southwhidbeyrecord.com,August 2024,https://api.gdeltproject.org/api/v2/doc/doc?query=domain:www.southwhidbeyrecord.com&mode=artlist&maxrecords=250&format=json&DATE=202408
www.southwhidbeyrecord.com,July 2024,https://api.gdeltproject.org/api/v2/doc/doc?query=domain:www.southwhidbeyrecord.com&mode=artlist&maxrecords=250&format=json&DATE=202407
www.southwhidbeyrecord.com,June 2024,https://api.gdeltproject.org/api/v2/doc/doc?query=domain:www.southwhidbeyrecord.com&mode=artlist&maxrecords=250&format=json&DATE=202406
www.southwhidbeyrecord.com,May 2024,https://api.gdeltproject.org/api/v2/doc/doc?query=domain:www.southwhidbeyrecord.com&mode=artlist&maxrecords=250&format=json&DATE=202405
www.southwhidbeyrecord.com,April 2024,https://api.gdeltproject.org/api/v2/doc/doc?query=domain:www.southwhidbeyrecord.com&mode=artlist&maxrecords=250&format=json&DATE=202404
www.vashonbeachcomber.com,March 2025,https://api.gdeltproject.org/api/v2/doc/doc?query=domain:www.vashonbeachcomber.com&mode=artlist&maxrecords=250&format=json&DATE=202503
www.vashonbeachcomber.com,February 2025,https://api.gdeltproject.org/api/v2/doc/doc?query=domain:www.vashonbeachcomber.com&mode=artlist&maxrecords=250&format=json&DATE=202502
www.vashonbeachcomber.com,January 2025,https://api.gdeltproject.org/api/v2/doc/doc?query=domain:www.vashonbeachcomber.com&mode=artlist&maxrecords=250&format=json&DATE=202501
www.vashonbeachcomber.com,December 2024,https://api.gdeltproject.org/api/v2/doc/doc?query=domain:www.vashonbeachcomber.com&mode=artlist&maxrecords=250&format=json&DATE=202412
www.vashonbeachcomber.com,November 2024,https://api.gdeltproject.org/api/v2/doc/doc?query=domain:www.vashonbeachcomber.com&mode=artlist&maxrecords=250&format=json&DATE=202411
www.vashonbeachcomber.com,October 2024,https://api.gdeltproject.org/api/v2/doc/doc?query=domain:www.vashonbeachcomber.com&mode=artlist&maxrecords=250&format=json&DATE=202410
www.vashonbeachcomber.com,September 2024,https://api.gdeltproject.org/api/v2/doc/doc?query=domain:www.vashonbeachcomber.com&mode=artlist&maxrecords=250&format=json&DATE=202409
www.vashonbeachcomber.com,August 2024,https://api.gdeltproject.org/api/v2/doc/doc?query=domain:www.vashonbeachcomber.com&mode=artlist&maxrecords=250&format=json&DATE=202408
www.vashonbeachcomber.com,July 2024,https://api.gdeltproject.org/api/v2/doc/doc?query=domain:www.vashonbeachcomber.com&mode=artlist&maxrecords=250&format=json&DATE=202407
www.vashonbeachcomber.com,June 2024,https://api.gdeltproject.org/api/v2/doc/doc?query=domain:www.vashonbeachcomber.com&mode=artlist&maxrecords=250&format=json&DATE=202406
www.vashonbeachcomber.com,May 2024,https://api.gdeltproject.org/api/v2/doc/doc?query=domain:www.vashonbeachcomber.com&mode=artlist&maxrecords=250&format=json&DATE=202405
www.vashonbeachcomber.com,April 2024,https://api.gdeltproject.org/api/v2/doc/doc?query=domain:www.vashonbeachcomber.com&mode=artlist&maxrecords=250&format=json&DATE=202404
www.vbjusa.com,March 2025,https://api.gdeltproject.org/api/v2/doc/doc?query=domain:www.vbjusa.com&mode=artlist&maxrecords=250&format=json&DATE=202503
www.vbjusa.com,February 2025,https://api.gdeltproject.org/api/v2/doc/doc?query=domain:www.vbjusa.com&mode=artlist&maxrecords=250&format=json&DATE=202502
www.vbjusa.com,January 2025,https://api.gdeltproject.org/api/v2/doc/doc?query=domain:www.vbjusa.com&mode=artlist&maxrecords=250&format=json&DATE=202501
www.vbjusa.com,December 2024,https://api.gdeltproject.org/api/v2/doc/doc?query=domain:www.vbjusa.com&mode=artlist&maxrecords=250&format=json&DATE=202412
www.vbjusa.com,November 2024,https://api.gdeltproject.org/api/v2/doc/doc?query=domain:www.vbjusa.com&mode=artlist&maxrecords=250&format=json&DATE=202411
www.vbjusa.com,October 2024,https://api.gdeltproject.org/api/v2/doc/doc?query=domain:www.vbjusa.com&mode=artlist&maxrecords=250&format=json&DATE=202410
www.vbjusa.com,September 2024,https://api.gdeltproject.org/api/v2/doc/doc?query=domain:www.vbjusa.com&mode=artlist&maxrecords=250&format=json&DATE=202409
www.vbjusa.com,August 2024,https://api.gdeltproject.org/api/v2/doc/doc?query=domain:www.vbjusa.com&mode=artlist&maxrecords=250&format=json&DATE=202408
www.vbjusa.com,July 2024,https://api.gdeltproject.org/api/v2/doc/doc?query=domain:www.vbjusa.com&mode=artlist&maxrecords=250&format=json&DATE=202407
www.vbjusa.com,June 2024,https://api.gdeltproject.org/api/v2/doc/doc?query=domain:www.vbjusa.com&mode=artlist&maxrecords=250&format=json&DATE=202406
www.vbjusa.com,May 2024,https://api.gdeltproject.org/api/v2/doc/doc?query=domain:www.vbjusa.com&mode=artlist&maxrecords=250&format=json&DATE=202405
www.vbjusa.com,April 2024,https://api.gdeltproject.org/api/v2/doc/doc?query=domain:www.vbjusa.com&mode=artlist&maxrecords=250&format=json&DATE=202404
www.whidbeynewstimes.com,March 2025,https://api.gdeltproject.org/api/v2/doc/doc?query=domain:www.whidbeynewstimes.com&mode=artlist&maxrecords=250&format=json&DATE=202503
www.whidbeynewstimes.com,February 2025,https://api.gdeltproject.org/api/v2/doc/doc?query=domain:www.whidbeynewstimes.com&mode=artlist&maxrecords=250&format=json&DATE=202502
www.whidbeynewstimes.com,January 2025,https://api.gdeltproject.org/api/v2/doc/doc?query=domain:www.whidbeynewstimes.com&mode=artlist&maxrecords=250&format=json&DATE=202501
www.whidbeynewstimes.com,December 2024,https://api.gdeltproject.org/api/v2/doc/doc?query=domain:www.whidbeynewstimes.com&mode=artlist&maxrecords=250&format=json&DATE=202412
www.whidbeynewstimes.com,November 2024,https://api.gdeltproject.org/api/v2/doc/doc?query=domain:www.whidbeynewstimes.com&mode=artlist&maxrecords=250&format=json&DATE=202411
www.whidbeynewstimes.com,October 2024,https://api.gdeltproject.org/api/v2/doc/doc?query=domain:www.whidbeynewstimes.com&mode=artlist&maxrecords=250&format=json&DATE=202410
www.whidbeynewstimes.com,September 2024,https://api.gdeltproject.org/api/v2/doc/doc?query=domain:www.whidbeynewstimes.com&mode=artlist&maxrecords=250&format=json&DATE=202409
www.whidbeynewstimes.com,August 2024,https://api.gdeltproject.org/api/v2/doc/doc?query=domain:www.whidbeynewstimes.com&mode=artlist&maxrecords=250&format=json&DATE=202408
www.whidbeynewstimes.com,July 2024,https://api.gdeltproject.org/api/v2/doc/doc?query=domain:www.whidbeynewstimes.com&mode=artlist&maxrecords=250&format=json&DATE=202407
www.whidbeynewstimes.com,June 2024,https://api.gdeltproject.org/api/v2/doc/doc?query=domain:www.whidbeynewstimes.com&mode=artlist&maxrecords=250&format=json&DATE=202406
www.whidbeynewstimes.com,May 2024,https://api.gdeltproject.org/api/v2/doc/doc?query=domain:www.whidbeynewstimes.com&mode=artlist&maxrecords=250&format=json&DATE=202405
www.whidbeynewstimes.com,April 2024,https://api.gdeltproject.org/api/v2/doc/doc?query=domain:www.whidbeynewstimes.com&mode=artlist&maxrecords=250&format=json&DATE=202404
wvpress.org,March 2025,https://api.gdeltproject.org/api/v2/doc/doc?query=domain:wvpress.org&mode=artlist&maxrecords=250&format=json&DATE=202503
wvpress.org,February 2025,https://api.gdeltproject.org/api/v2/doc/doc?query=domain:wvpress.org&mode=artlist&maxrecords=250&format=json&DATE=202502
wvpress.org,January 2025,https://api.gdeltproject.org/api/v2/doc/doc?query=domain:wvpress.org&mode=artlist&maxrecords=250&format=json&DATE=202501
wvpress.org,December 2024,https://api.gdeltproject.org/api/v2/doc/doc?query=domain:wvpress.org&mode=artlist&maxrecords=250&format=json&DATE=202412
wvpress.org,November 2024,https://api.gdeltproject.org/api/v2/doc/doc?query=domain:wvpress.org&mode=artlist&maxrecords=250&format=json&DATE=202411
wvpress.org,October 2024,https://api.gdeltproject.org/api/v2/doc/doc?query=domain:wvpress.org&mode=artlist&maxrecords=250&format=json&DATE=202410
wvpress.org,September 2024,https://api.gdeltproject.org/api/v2/doc/doc?query=domain:wvpress.org&mode=artlist&maxrecords=250&format=json&DATE=202409
wvpress.org,August 2024,https://api.gdeltproject.org/api/v2/doc/doc?query=domain:wvpress.org&mode=artlist&maxrecords=250&format=json&DATE=202408
wvpress.org,July 2024,https://api.gdeltproject.org/api/v2/doc/doc?query=domain:wvpress.org&mode=artlist&maxrecords=250&format=json&DATE=202407
wvpress.org,June 2024,https://api.gdeltproject.org/api/v2/doc/doc?query=domain:wvpress.org&mode=artlist&maxrecords=250&format=json&DATE=202406
wvpress.org,May 2024,https://api.gdeltproject.org/api/v2/doc/doc?query=domain:wvpress.org&mode=artlist&maxrecords=250&format=json&DATE=202405
wvpress.org,April 2024,https://api.gdeltproject.org/api/v2/doc/doc?query=domain:wvpress.org&mode=artlist&maxrecords=250&format=json&DATE=202404
www.huntingtonnews.net,March 2025,https://api.gdeltproject.org/api/v2/doc/doc?query=domain:www.huntingtonnews.net&mode=artlist&maxrecords=250&format=json&DATE=202503
www.huntingtonnews.net,February 2025,https://api.gdeltproject.org/api/v2/doc/doc?query=domain:www.huntingtonnews.net&mode=artlist&maxrecords=250&format=json&DATE=202502
www.huntingtonnews.net,January 2025,https://api.gdeltproject.org/api/v2/doc/doc?query=domain:www.huntingtonnews.net&mode=artlist&maxrecords=250&format=json&DATE=202501
www.huntingtonnews.net,December 2024,https://api.gdeltproject.org/api/v2/doc/doc?query=domain:www.huntingtonnews.net&mode=artlist&maxrecords=250&format=json&DATE=202412
www.huntingtonnews.net,November 2024,https://api.gdeltproject.org/api/v2/doc/doc?query=domain:www.huntingtonnews.net&mode=artlist&maxrecords=250&format=json&DATE=202411
www.huntingtonnews.net,October 2024,https://api.gdeltproject.org/api/v2/doc/doc?query=domain:www.huntingtonnews.net&mode=artlist&maxrecords=250&format=json&DATE=202410
www.huntingtonnews.net,September 2024,https://api.gdeltproject.org/api/v2/doc/doc?query=domain:www.huntingtonnews.net&mode=artlist&maxrecords=250&format=json&DATE=202409
www.huntingtonnews.net,August 2024,https://api.gdeltproject.org/api/v2/doc/doc?query=domain:www.huntingtonnews.net&mode=artlist&maxrecords=250&format=json&DATE=202408
www.huntingtonnews.net,July 2024,https://api.gdeltproject.org/api/v2/doc/doc?query=domain:www.huntingtonnews.net&mode=artlist&maxrecords=250&format=json&DATE=202407
www.huntingtonnews.net,June 2024,https://api.gdeltproject.org/api/v2/doc/doc?query=domain:www.huntingtonnews.net&mode=artlist&maxrecords=250&format=json&DATE=202406
www.huntingtonnews.net,May 2024,https://api.gdeltproject.org/api/v2/doc/doc?query=domain:www.huntingtonnews.net&mode=artlist&maxrecords=250&format=json&DATE=202405
www.huntingtonnews.net,April 2024,https://api.gdeltproject.org/api/v2/doc/doc?query=domain:www.huntingtonnews.net&mode=artlist&maxrecords=250&format=json&DATE=202404
www.morganmessenger.com,March 2025,https://api.gdeltproject.org/api/v2/doc/doc?query=domain:www.morganmessenger.com&mode=artlist&maxrecords=250&format=json&DATE=202503
www.morganmessenger.com,February 2025,https://api.gdeltproject.org/api/v2/doc/doc?query=domain:www.morganmessenger.com&mode=artlist&maxrecords=250&format=json&DATE=202502
www.morganmessenger.com,January 2025,https://api.gdeltproject.org/api/v2/doc/doc?query=domain:www.morganmessenger.com&mode=artlist&maxrecords=250&format=json&DATE=202501
www.morganmessenger.com,December 2024,https://api.gdeltproject.org/api/v2/doc/doc?query=domain:www.morganmessenger.com&mode=artlist&maxrecords=250&format=json&DATE=202412
www.morganmessenger.com,November 2024,https://api.gdeltproject.org/api/v2/doc/doc?query=domain:www.morganmessenger.com&mode=artlist&maxrecords=250&format=json&DATE=202411
www.morganmessenger.com,October 2024,https://api.gdeltproject.org/api/v2/doc/doc?query=domain:www.morganmessenger.com&mode=artlist&maxrecords=250&format=json&DATE=202410
www.morganmessenger.com,September 2024,https://api.gdeltproject.org/api/v2/doc/doc?query=domain:www.morganmessenger.com&mode=artlist&maxrecords=250&format=json&DATE=202409
www.morganmessenger.com,August 2024,https://api.gdeltproject.org/api/v2/doc/doc?query=domain:www.morganmessenger.com&mode=artlist&maxrecords=250&format=json&DATE=202408
www.morganmessenger.com,July 2024,https://api.gdeltproject.org/api/v2/doc/doc?query=domain:www.morganmessenger.com&mode=artlist&maxrecords=250&format=json&DATE=202407
www.morganmessenger.com,June 2024,https://api.gdeltproject.org/api/v2/doc/doc?query=domain:www.morganmessenger.com&mode=artlist&maxrecords=250&format=json&DATE=202406
www.morganmessenger.com,May 2024,https://api.gdeltproject.org/api/v2/doc/doc?query=domain:www.morganmessenger.com&mode=artlist&maxrecords=250&format=json&DATE=202405
www.morganmessenger.com,April 2024,https://api.gdeltproject.org/api/v2/doc/doc?query=domain:www.morganmessenger.com&mode=artlist&maxrecords=250&format=json&DATE=202404
mountainmessenger.com,March 2025,https://api.gdeltproject.org/api/v2/doc/doc?query=domain:mountainmessenger.com&mode=artlist&maxrecords=250&format=json&DATE=202503
mountainmessenger.com,February 2025,https://api.gdeltproject.org/api/v2/doc/doc?query=domain:mountainmessenger.com&mode=artlist&maxrecords=250&format=json&DATE=202502
mountainmessenger.com,January 2025,https://api.gdeltproject.org/api/v2/doc/doc?query=domain:mountainmessenger.com&mode=artlist&maxrecords=250&format=json&DATE=202501
mountainmessenger.com,December 2024,https://api.gdeltproject.org/api/v2/doc/doc?query=domain:mountainmessenger.com&mode=artlist&maxrecords=250&format=json&DATE=202412
mountainmessenger.com,November 2024,https://api.gdeltproject.org/api/v2/doc/doc?query=domain:mountainmessenger.com&mode=artlist&maxrecords=250&format=json&DATE=202411
mountainmessenger.com,October 2024,https://api.gdeltproject.org/api/v2/doc/doc?query=domain:mountainmessenger.com&mode=artlist&maxrecords=250&format=json&DATE=202410
mountainmessenger.com,September 2024,https://api.gdeltproject.org/api/v2/doc/doc?query=domain:mountainmessenger.com&mode=artlist&maxrecords=250&format=json&DATE=202409
mountainmessenger.com,August 2024,https://api.gdeltproject.org/api/v2/doc/doc?query=domain:mountainmessenger.com&mode=artlist&maxrecords=250&format=json&DATE=202408
mountainmessenger.com,July 2024,https://api.gdeltproject.org/api/v2/doc/doc?query=domain:mountainmessenger.com&mode=artlist&maxrecords=250&format=json&DATE=202407
mountainmessenger.com,June 2024,https://api.gdeltproject.org/api/v2/doc/doc?query=domain:mountainmessenger.com&mode=artlist&maxrecords=250&format=json&DATE=202406
mountainmessenger.com,May 2024,https://api.gdeltproject.org/api/v2/doc/doc?query=domain:mountainmessenger.com&mode=artlist&maxrecords=250&format=json&DATE=202405
mountainmessenger.com,April 2024,https://api.gdeltproject.org/api/v2/doc/doc?query=domain:mountainmessenger.com&mode=artlist&maxrecords=250&format=json&DATE=202404
www.wnanews.com,March 2025,https://api.gdeltproject.org/api/v2/doc/doc?query=domain:www.wnanews.com&mode=artlist&maxrecords=250&format=json&DATE=202503
www.wnanews.com,February 2025,https://api.gdeltproject.org/api/v2/doc/doc?query=domain:www.wnanews.com&mode=artlist&maxrecords=250&format=json&DATE=202502
www.wnanews.com,January 2025,https://api.gdeltproject.org/api/v2/doc/doc?query=domain:www.wnanews.com&mode=artlist&maxrecords=250&format=json&DATE=202501
www.wnanews.com,December 2024,https://api.gdeltproject.org/api/v2/doc/doc?query=domain:www.wnanews.com&mode=artlist&maxrecords=250&format=json&DATE=202412
www.wnanews.com,November 2024,https://api.gdeltproject.org/api/v2/doc/doc?query=domain:www.wnanews.com&mode=artlist&maxrecords=250&format=json&DATE=202411
www.wnanews.com,October 2024,https://api.gdeltproject.org/api/v2/doc/doc?query=domain:www.wnanews.com&mode=artlist&maxrecords=250&format=json&DATE=202410
www.wnanews.com,September 2024,https://api.gdeltproject.org/api/v2/doc/doc?query=domain:www.wnanews.com&mode=artlist&maxrecords=250&format=json&DATE=202409
www.wnanews.com,August 2024,https://api.gdeltproject.org/api/v2/doc/doc?query=domain:www.wnanews.com&mode=artlist&maxrecords=250&format=json&DATE=202408
www.wnanews.com,July 2024,https://api.gdeltproject.org/api/v2/doc/doc?query=domain:www.wnanews.com&mode=artlist&maxrecords=250&format=json&DATE=202407
www.wnanews.com,June 2024,https://api.gdeltproject.org/api/v2/doc/doc?query=domain:www.wnanews.com&mode=artlist&maxrecords=250&format=json&DATE=202406
www.wnanews.com,May 2024,https://api.gdeltproject.org/api/v2/doc/doc?query=domain:www.wnanews.com&mode=artlist&maxrecords=250&format=json&DATE=202405
www.wnanews.com,April 2024,https://api.gdeltproject.org/api/v2/doc/doc?query=domain:www.wnanews.com&mode=artlist&maxrecords=250&format=json&DATE=202404
dailyreporter.com,March 2025,https://api.gdeltproject.org/api/v2/doc/doc?query=domain:dailyreporter.com&mode=artlist&maxrecords=250&format=json&DATE=202503
dailyreporter.com,February 2025,https://api.gdeltproject.org/api/v2/doc/doc?query=domain:dailyreporter.com&mode=artlist&maxrecords=250&format=json&DATE=202502
dailyreporter.com,January 2025,https://api.gdeltproject.org/api/v2/doc/doc?query=domain:dailyreporter.com&mode=artlist&maxrecords=250&format=json&DATE=202501
dailyreporter.com,December 2024,https://api.gdeltproject.org/api/v2/doc/doc?query=domain:dailyreporter.com&mode=artlist&maxrecords=250&format=json&DATE=202412
dailyreporter.com,November 2024,https://api.gdeltproject.org/api/v2/doc/doc?query=domain:dailyreporter.com&mode=artlist&maxrecords=250&format=json&DATE=202411
dailyreporter.com,October 2024,https://api.gdeltproject.org/api/v2/doc/doc?query=domain:dailyreporter.com&mode=artlist&maxrecords=250&format=json&DATE=202410
dailyreporter.com,September 2024,https://api.gdeltproject.org/api/v2/doc/doc?query=domain:dailyreporter.com&mode=artlist&maxrecords=250&format=json&DATE=202409
dailyreporter.com,August 2024,https://api.gdeltproject.org/api/v2/doc/doc?query=domain:dailyreporter.com&mode=artlist&maxrecords=250&format=json&DATE=202408
dailyreporter.com,July 2024,https://api.gdeltproject.org/api/v2/doc/doc?query=domain:dailyreporter.com&mode=artlist&maxrecords=250&format=json&DATE=202407
dailyreporter.com,June 2024,https://api.gdeltproject.org/api/v2/doc/doc?query=domain:dailyreporter.com&mode=artlist&maxrecords=250&format=json&DATE=202406
dailyreporter.com,May 2024,https://api.gdeltproject.org/api/v2/doc/doc?query=domain:dailyreporter.com&mode=artlist&maxrecords=250&format=json&DATE=202405
dailyreporter.com,April 2024,https://api.gdeltproject.org/api/v2/doc/doc?query=domain:dailyreporter.com&mode=artlist&maxrecords=250&format=json&DATE=202404
www.plymouth-review.com,March 2025,https://api.gdeltproject.org/api/v2/doc/doc?query=domain:www.plymouth-review.com&mode=artlist&maxrecords=250&format=json&DATE=202503
www.plymouth-review.com,February 2025,https://api.gdeltproject.org/api/v2/doc/doc?query=domain:www.plymouth-review.com&mode=artlist&maxrecords=250&format=json&DATE=202502
www.plymouth-review.com,January 2025,https://api.gdeltproject.org/api/v2/doc/doc?query=domain:www.plymouth-review.com&mode=artlist&maxrecords=250&format=json&DATE=202501
www.plymouth-review.com,December 2024,https://api.gdeltproject.org/api/v2/doc/doc?query=domain:www.plymouth-review.com&mode=artlist&maxrecords=250&format=json&DATE=202412
www.plymouth-review.com,November 2024,https://api.gdeltproject.org/api/v2/doc/doc?query=domain:www.plymouth-review.com&mode=artlist&maxrecords=250&format=json&DATE=202411
www.plymouth-review.com,October 2024,https://api.gdeltproject.org/api/v2/doc/doc?query=domain:www.plymouth-review.com&mode=artlist&maxrecords=250&format=json&DATE=202410
www.plymouth-review.com,September 2024,https://api.gdeltproject.org/api/v2/doc/doc?query=domain:www.plymouth-review.com&mode=artlist&maxrecords=250&format=json&DATE=202409
www.plymouth-review.com,August 2024,https://api.gdeltproject.org/api/v2/doc/doc?query=domain:www.plymouth-review.com&mode=artlist&maxrecords=250&format=json&DATE=202408
www.plymouth-review.com,July 2024,https://api.gdeltproject.org/api/v2/doc/doc?query=domain:www.plymouth-review.com&mode=artlist&maxrecords=250&format=json&DATE=202407
www.plymouth-review.com,June 2024,https://api.gdeltproject.org/api/v2/doc/doc?query=domain:www.plymouth-review.com&mode=artlist&maxrecords=250&format=json&DATE=202406
www.plymouth-review.com,May 2024,https://api.gdeltproject.org/api/v2/doc/doc?query=domain:www.plymouth-review.com&mode=artlist&maxrecords=250&format=json&DATE=202405
www.plymouth-review.com,April 2024,https://api.gdeltproject.org/api/v2/doc/doc?query=domain:www.plymouth-review.com&mode=artlist&maxrecords=250&format=json&DATE=202404
www.swcbulletin.com,March 2025,https://api.gdeltproject.org/api/v2/doc/doc?query=domain:www.swcbulletin.com&mode=artlist&maxrecords=250&format=json&DATE=202503
www.swcbulletin.com,February 2025,https://api.gdeltproject.org/api/v2/doc/doc?query=domain:www.swcbulletin.com&mode=artlist&maxrecords=250&format=json&DATE=202502
www.swcbulletin.com,January 2025,https://api.gdeltproject.org/api/v2/doc/doc?query=domain:www.swcbulletin.com&mode=artlist&maxrecords=250&format=json&DATE=202501
www.swcbulletin.com,December 2024,https://api.gdeltproject.org/api/v2/doc/doc?query=domain:www.swcbulletin.com&mode=artlist&maxrecords=250&format=json&DATE=202412
www.swcbulletin.com,November 2024,https://api.gdeltproject.org/api/v2/doc/doc?query=domain:www.swcbulletin.com&mode=artlist&maxrecords=250&format=json&DATE=202411
www.swcbulletin.com,October 2024,https://api.gdeltproject.org/api/v2/doc/doc?query=domain:www.swcbulletin.com&mode=artlist&maxrecords=250&format=json&DATE=202410
www.swcbulletin.com,September 2024,https://api.gdeltproject.org/api/v2/doc/doc?query=domain:www.swcbulletin.com&mode=artlist&maxrecords=250&format=json&DATE=202409
www.swcbulletin.com,August 2024,https://api.gdeltproject.org/api/v2/doc/doc?query=domain:www.swcbulletin.com&mode=artlist&maxrecords=250&format=json&DATE=202408
www.swcbulletin.com,July 2024,https://api.gdeltproject.org/api/v2/doc/doc?query=domain:www.swcbulletin.com&mode=artlist&maxrecords=250&format=json&DATE=202407
www.swcbulletin.com,June 2024,https://api.gdeltproject.org/api/v2/doc/doc?query=domain:www.swcbulletin.com&mode=artlist&maxrecords=250&format=json&DATE=202406
www.swcbulletin.com,May 2024,https://api.gdeltproject.org/api/v2/doc/doc?query=domain:www.swcbulletin.com&mode=artlist&maxrecords=250&format=json&DATE=202405
www.swcbulletin.com,April 2024,https://api.gdeltproject.org/api/v2/doc/doc?query=domain:www.swcbulletin.com&mode=artlist&maxrecords=250&format=json&DATE=202404
myracinecounty.com,March 2025,https://api.gdeltproject.org/api/v2/doc/doc?query=domain:myracinecounty.com&mode=artlist&maxrecords=250&format=json&DATE=202503
myracinecounty.com,February 2025,https://api.gdeltproject.org/api/v2/doc/doc?query=domain:myracinecounty.com&mode=artlist&maxrecords=250&format=json&DATE=202502
myracinecounty.com,January 2025,https://api.gdeltproject.org/api/v2/doc/doc?query=domain:myracinecounty.com&mode=artlist&maxrecords=250&format=json&DATE=202501
myracinecounty.com,December 2024,https://api.gdeltproject.org/api/v2/doc/doc?query=domain:myracinecounty.com&mode=artlist&maxrecords=250&format=json&DATE=202412
myracinecounty.com,November 2024,https://api.gdeltproject.org/api/v2/doc/doc?query=domain:myracinecounty.com&mode=artlist&maxrecords=250&format=json&DATE=202411
myracinecounty.com,October 2024,https://api.gdeltproject.org/api/v2/doc/doc?query=domain:myracinecounty.com&mode=artlist&maxrecords=250&format=json&DATE=202410
myracinecounty.com,September 2024,https://api.gdeltproject.org/api/v2/doc/doc?query=domain:myracinecounty.com&mode=artlist&maxrecords=250&format=json&DATE=202409
myracinecounty.com,August 2024,https://api.gdeltproject.org/api/v2/doc/doc?query=domain:myracinecounty.com&mode=artlist&maxrecords=250&format=json&DATE=202408
myracinecounty.com,July 2024,https://api.gdeltproject.org/api/v2/doc/doc?query=domain:myracinecounty.com&mode=artlist&maxrecords=250&format=json&DATE=202407
myracinecounty.com,June 2024,https://api.gdeltproject.org/api/v2/doc/doc?query=domain:myracinecounty.com&mode=artlist&maxrecords=250&format=json&DATE=202406
myracinecounty.com,May 2024,https://api.gdeltproject.org/api/v2/doc/doc?query=domain:myracinecounty.com&mode=artlist&maxrecords=250&format=json&DATE=202405
myracinecounty.com,April 2024,https://api.gdeltproject.org/api/v2/doc/doc?query=domain:myracinecounty.com&mode=artlist&maxrecords=250&format=json&DATE=202404
